1396968829;h1-eth1;0.00;0.00;0.00;0;0;0.00;0.00;0.00;0;0;0.00;0.00;0;0
1396968829;total;0.00;0.00;0.00;0;0;0.00;0.00;0.00;0;0;0.00;0.00;0;0
1396968829;h1-eth1;0.00;420.00;420.00;42;0;0.00;10.00;10.00;1;0;0.00;0.00;0;0
1396968829;total;0.00;420.00;420.00;42;0;0.00;10.00;10.00;1;0;0.00;0.00;0;0
1396968829;h1-eth1;840.00;1260.00;2100.00;126;84;20.00;30.00;50.00;3;2;0.00;0.00;0;0
1396968829;total;840.00;1260.00;2100.00;126;84;20.00;30.00;50.00;3;2;0.00;0.00;0;0
1396968829;h1-eth1;124640.00;3280.00;127920.00;328;12464;120.00;40.00;160.00;4;12;0.00;0.00;0;0
1396968829;total;124640.00;3280.00;127920.00;328;12464;120.00;40.00;160.00;4;12;0.00;0.00;0;0
1396968829;h1-eth1;1059800.00;31080.00;1090880.00;3108;105980;700.00;420.00;1120.00;42;70;0.00;0.00;0;0
1396968829;total;1059800.00;31080.00;1090880.00;3108;105980;700.00;420.00;1120.00;42;70;0.00;0.00;0;0
1396968829;h1-eth1;1256620.00;43660.00;1300280.00;4366;125662;830.00;590.00;1420.00;59;83;0.00;0.00;0;0
1396968829;total;1256620.00;43660.00;1300280.00;4366;125662;830.00;590.00;1420.00;59;83;0.00;0.00;0;0
1396968829;h1-eth1;1256620.00;31080.00;1287700.00;3108;125662;830.00;420.00;1250.00;42;83;0.00;0.00;0;0
1396968829;total;1256620.00;31080.00;1287700.00;3108;125662;830.00;420.00;1250.00;42;83;0.00;0.00;0;0
1396968829;h1-eth1;1244178.27;35168.32;1279346.58;3552;125662;821.78;475.25;1297.03;48;83;0.00;0.00;0;0
1396968829;total;1244178.27;35168.32;1279346.58;3552;125662;821.78;475.25;1297.03;48;83;0.00;0.00;0;0
1396968830;h1-eth1;1241480.00;35520.00;1277000.00;3552;124148;820.00;480.00;1300.00;48;82;0.00;0.00;0;0
1396968830;total;1241480.00;35520.00;1277000.00;3552;124148;820.00;480.00;1300.00;48;82;0.00;0.00;0;0
1396968830;h1-eth1;1256620.00;33300.00;1289920.00;3330;125662;830.00;450.00;1280.00;45;83;0.00;0.00;0;0
1396968830;total;1256620.00;33300.00;1289920.00;3330;125662;830.00;450.00;1280.00;45;83;0.00;0.00;0;0
1396968830;h1-eth1;1271760.00;30340.00;1302100.00;3034;127176;840.00;410.00;1250.00;41;84;0.00;0.00;0;0
1396968830;total;1271760.00;30340.00;1302100.00;3034;127176;840.00;410.00;1250.00;41;84;0.00;0.00;0;0
1396968830;h1-eth1;1256620.00;34040.00;1290660.00;3404;125662;830.00;460.00;1290.00;46;83;0.00;0.00;0;0
1396968830;total;1256620.00;34040.00;1290660.00;3404;125662;830.00;460.00;1290.00;46;83;0.00;0.00;0;0
1396968830;h1-eth1;1256620.00;31080.00;1287700.00;3108;125662;830.00;420.00;1250.00;42;83;0.00;0.00;0;0
1396968830;total;1256620.00;31080.00;1287700.00;3108;125662;830.00;420.00;1250.00;42;83;0.00;0.00;0;0
1396968830;h1-eth1;1241480.00;32560.00;1274040.00;3256;124148;820.00;440.00;1260.00;44;82;0.00;0.00;0;0
1396968830;total;1241480.00;32560.00;1274040.00;3256;124148;820.00;440.00;1260.00;44;82;0.00;0.00;0;0
1396968830;h1-eth1;1256620.00;31820.00;1288440.00;3182;125662;830.00;430.00;1260.00;43;83;0.00;0.00;0;0
1396968830;total;1256620.00;31820.00;1288440.00;3182;125662;830.00;430.00;1260.00;43;83;0.00;0.00;0;0
1396968830;h1-eth1;1256620.00;31820.00;1288440.00;3182;125662;830.00;430.00;1260.00;43;83;0.00;0.00;0;0
1396968830;total;1256620.00;31820.00;1288440.00;3182;125662;830.00;430.00;1260.00;43;83;0.00;0.00;0;0
1396968830;h1-eth1;1256620.00;30340.00;1286960.00;3034;125662;830.00;410.00;1240.00;41;83;0.00;0.00;0;0
1396968830;total;1256620.00;30340.00;1286960.00;3034;125662;830.00;410.00;1240.00;41;83;0.00;0.00;0;0
1396968831;h1-eth1;1214198.07;32970.30;1247168.37;3330;122634;801.98;445.54;1247.52;45;81;0.00;0.00;0;0
1396968831;total;1214198.07;32970.30;1247168.37;3330;122634;801.98;445.54;1247.52;45;81;0.00;0.00;0;0
1396968831;h1-eth1;1256620.00;31080.00;1287700.00;3108;125662;830.00;420.00;1250.00;42;83;0.00;0.00;0;0
1396968831;total;1256620.00;31080.00;1287700.00;3108;125662;830.00;420.00;1250.00;42;83;0.00;0.00;0;0
1396968831;h1-eth1;1256620.00;32560.00;1289180.00;3256;125662;830.00;440.00;1270.00;44;83;0.00;0.00;0;0
1396968831;total;1256620.00;32560.00;1289180.00;3256;125662;830.00;440.00;1270.00;44;83;0.00;0.00;0;0
1396968831;h1-eth1;1244178.27;32970.30;1277148.56;3330;125662;821.78;445.54;1267.33;45;83;0.00;0.00;0;0
1396968831;total;1244178.27;32970.30;1277148.56;3330;125662;821.78;445.54;1267.33;45;83;0.00;0.00;0;0
1396968831;h1-eth1;1271188.63;30716.98;1301905.61;3256;134746;839.62;415.09;1254.72;44;89;0.00;0.00;0;0
1396968831;total;1271188.63;30716.98;1301905.61;3256;134746;839.62;415.09;1254.72;44;89;0.00;0.00;0;0
1396968831;h1-eth1;1241480.00;32560.00;1274040.00;3256;124148;820.00;440.00;1260.00;44;82;0.00;0.00;0;0
1396968831;total;1241480.00;32560.00;1274040.00;3256;124148;820.00;440.00;1260.00;44;82;0.00;0.00;0;0
1396968831;h1-eth1;1271760.00;31080.00;1302840.00;3108;127176;840.00;420.00;1260.00;42;84;0.00;0.00;0;0
1396968831;total;1271760.00;31080.00;1302840.00;3108;127176;840.00;420.00;1260.00;42;84;0.00;0.00;0;0
1396968831;h1-eth1;1256620.00;34040.00;1290660.00;3404;125662;830.00;460.00;1290.00;46;83;0.00;0.00;0;0
1396968831;total;1256620.00;34040.00;1290660.00;3404;125662;830.00;460.00;1290.00;46;83;0.00;0.00;0;0
1396968831;h1-eth1;1241480.00;31080.00;1272560.00;3108;124148;820.00;420.00;1240.00;42;82;0.00;0.00;0;0
1396968831;total;1241480.00;31080.00;1272560.00;3108;124148;820.00;420.00;1240.00;42;82;0.00;0.00;0;0
1396968831;h1-eth1;1256620.00;32560.00;1289180.00;3256;125662;830.00;440.00;1270.00;44;83;0.00;0.00;0;0
1396968831;total;1256620.00;32560.00;1289180.00;3256;125662;830.00;440.00;1270.00;44;83;0.00;0.00;0;0
1396968832;h1-eth1;1244178.27;30039.61;1274217.87;3034;125662;821.78;405.94;1227.72;41;83;0.00;0.00;0;0
1396968832;total;1244178.27;30039.61;1274217.87;3034;125662;821.78;405.94;1227.72;41;83;0.00;0.00;0;0
1396968832;h1-eth1;1256620.00;34040.00;1290660.00;3404;125662;830.00;460.00;1290.00;46;83;0.00;0.00;0;0
1396968832;total;1256620.00;34040.00;1290660.00;3404;125662;830.00;460.00;1290.00;46;83;0.00;0.00;0;0
1396968832;h1-eth1;1259168.37;31504.95;1290673.32;3182;127176;831.68;425.74;1257.43;43;84;0.00;0.00;0;0
1396968832;total;1259168.37;31504.95;1290673.32;3182;127176;831.68;425.74;1257.43;43;84;0.00;0.00;0;0
1396968832;h1-eth1;1256620.00;31080.00;1287700.00;3108;125662;830.00;420.00;1250.00;42;83;0.00;0.00;0;0
1396968832;total;1256620.00;31080.00;1287700.00;3108;125662;830.00;420.00;1250.00;42;83;0.00;0.00;0;0
1396968832;h1-eth1;1256620.00;34780.00;1291400.00;3478;125662;830.00;470.00;1300.00;47;83;0.00;0.00;0;0
1396968832;total;1256620.00;34780.00;1291400.00;3478;125662;830.00;470.00;1300.00;47;83;0.00;0.00;0;0
1396968832;h1-eth1;1256620.00;31080.00;1287700.00;3108;125662;830.00;420.00;1250.00;42;83;0.00;0.00;0;0
1396968832;total;1256620.00;31080.00;1287700.00;3108;125662;830.00;420.00;1250.00;42;83;0.00;0.00;0;0
1396968832;h1-eth1;1256620.00;33300.00;1289920.00;3330;125662;830.00;450.00;1280.00;45;83;0.00;0.00;0;0
1396968832;total;1256620.00;33300.00;1289920.00;3330;125662;830.00;450.00;1280.00;45;83;0.00;0.00;0;0
1396968832;h1-eth1;1256620.00;30340.00;1286960.00;3034;125662;830.00;410.00;1240.00;41;83;0.00;0.00;0;0
1396968832;total;1256620.00;30340.00;1286960.00;3034;125662;830.00;410.00;1240.00;41;83;0.00;0.00;0;0
1396968832;h1-eth1;1256620.00;31820.00;1288440.00;3182;125662;830.00;430.00;1260.00;43;83;0.00;0.00;0;0
1396968832;total;1256620.00;31820.00;1288440.00;3182;125662;830.00;430.00;1260.00;43;83;0.00;0.00;0;0
1396968832;h1-eth1;1256620.00;32560.00;1289180.00;3256;125662;830.00;440.00;1270.00;44;83;0.00;0.00;0;0
1396968832;total;1256620.00;32560.00;1289180.00;3256;125662;830.00;440.00;1270.00;44;83;0.00;0.00;0;0
1396968833;h1-eth1;1231980.41;31196.08;1263176.49;3182;125662;813.73;421.57;1235.29;43;83;0.00;0.00;0;0
1396968833;total;1231980.41;31196.08;1263176.49;3182;125662;813.73;421.57;1235.29;43;83;0.00;0.00;0;0
1396968833;h1-eth1;1256620.00;34780.00;1291400.00;3478;125662;830.00;470.00;1300.00;47;83;0.00;0.00;0;0
1396968833;total;1256620.00;34780.00;1291400.00;3478;125662;830.00;470.00;1300.00;47;83;0.00;0.00;0;0
1396968833;h1-eth1;1256620.00;30340.00;1286960.00;3034;125662;830.00;410.00;1240.00;41;83;0.00;0.00;0;0
1396968833;total;1256620.00;30340.00;1286960.00;3034;125662;830.00;410.00;1240.00;41;83;0.00;0.00;0;0
1396968833;h1-eth1;1256620.00;31820.00;1288440.00;3182;125662;830.00;430.00;1260.00;43;83;0.00;0.00;0;0
1396968833;total;1256620.00;31820.00;1288440.00;3182;125662;830.00;430.00;1260.00;43;83;0.00;0.00;0;0
1396968833;h1-eth1;1261666.68;35549.02;1297215.70;3626;128690;833.33;480.39;1313.73;49;85;0.00;0.00;0;0
1396968833;total;1261666.68;35549.02;1297215.70;3626;128690;833.33;480.39;1313.73;49;85;0.00;0.00;0;0
1396968833;h1-eth1;1256620.00;31080.00;1287700.00;3108;125662;830.00;420.00;1250.00;42;83;0.00;0.00;0;0
1396968833;total;1256620.00;31080.00;1287700.00;3108;125662;830.00;420.00;1250.00;42;83;0.00;0.00;0;0
1396968833;h1-eth1;1256620.00;31080.00;1287700.00;3108;125662;830.00;420.00;1250.00;42;83;0.00;0.00;0;0
1396968833;total;1256620.00;31080.00;1287700.00;3108;125662;830.00;420.00;1250.00;42;83;0.00;0.00;0;0
1396968833;h1-eth1;1259168.37;32237.63;1291405.99;3256;127176;831.68;435.64;1267.33;44;84;0.00;0.00;0;0
1396968833;total;1259168.37;32237.63;1291405.99;3256;127176;831.68;435.64;1267.33;44;84;0.00;0.00;0;0
1396968833;h1-eth1;1256620.00;31080.00;1287700.00;3108;125662;830.00;420.00;1250.00;42;83;0.00;0.00;0;0
1396968833;total;1256620.00;31080.00;1287700.00;3108;125662;830.00;420.00;1250.00;42;83;0.00;0.00;0;0
1396968833;h1-eth1;1256620.00;31080.00;1287700.00;3108;125662;830.00;420.00;1250.00;42;83;0.00;0.00;0;0
1396968833;total;1256620.00;31080.00;1287700.00;3108;125662;830.00;420.00;1250.00;42;83;0.00;0.00;0;0
1396968834;h1-eth1;1244178.27;37366.34;1281544.60;3774;125662;821.78;504.95;1326.73;51;83;0.00;0.00;0;0
1396968834;total;1244178.27;37366.34;1281544.60;3774;125662;821.78;504.95;1326.73;51;83;0.00;0.00;0;0
1396968834;h1-eth1;1256620.00;30340.00;1286960.00;3034;125662;830.00;410.00;1240.00;41;83;0.00;0.00;0;0
1396968834;total;1256620.00;30340.00;1286960.00;3034;125662;830.00;410.00;1240.00;41;83;0.00;0.00;0;0
1396968834;h1-eth1;1244178.27;30772.28;1274950.54;3108;125662;821.78;415.84;1237.62;42;83;0.00;0.00;0;0
1396968834;total;1244178.27;30772.28;1274950.54;3108;125662;821.78;415.84;1237.62;42;83;0.00;0.00;0;0
1396968834;h1-eth1;1271760.00;34780.00;1306540.00;3478;127176;840.00;470.00;1310.00;47;84;0.00;0.00;0;0
1396968834;total;1271760.00;34780.00;1306540.00;3478;127176;840.00;470.00;1310.00;47;84;0.00;0.00;0;0
1396968834;h1-eth1;1241480.00;31080.00;1272560.00;3108;124148;820.00;420.00;1240.00;42;82;0.00;0.00;0;0
1396968834;total;1241480.00;31080.00;1272560.00;3108;124148;820.00;420.00;1240.00;42;82;0.00;0.00;0;0
1396968834;h1-eth1;1271760.00;30340.00;1302100.00;3034;127176;840.00;410.00;1250.00;41;84;0.00;0.00;0;0
1396968834;total;1271760.00;30340.00;1302100.00;3034;127176;840.00;410.00;1250.00;41;84;0.00;0.00;0;0
1396968834;h1-eth1;1256620.00;33300.00;1289920.00;3330;125662;830.00;450.00;1280.00;45;83;0.00;0.00;0;0
1396968834;total;1256620.00;33300.00;1289920.00;3330;125662;830.00;450.00;1280.00;45;83;0.00;0.00;0;0
1396968834;h1-eth1;1256620.00;34780.00;1291400.00;3478;125662;830.00;470.00;1300.00;47;83;0.00;0.00;0;0
1396968834;total;1256620.00;34780.00;1291400.00;3478;125662;830.00;470.00;1300.00;47;83;0.00;0.00;0;0
1396968834;h1-eth1;1256620.00;30340.00;1286960.00;3034;125662;830.00;410.00;1240.00;41;83;0.00;0.00;0;0
1396968834;total;1256620.00;30340.00;1286960.00;3034;125662;830.00;410.00;1240.00;41;83;0.00;0.00;0;0
1396968834;h1-eth1;1256620.00;30340.00;1286960.00;3034;125662;830.00;410.00;1240.00;41;83;0.00;0.00;0;0
1396968834;total;1256620.00;30340.00;1286960.00;3034;125662;830.00;410.00;1240.00;41;83;0.00;0.00;0;0
1396968835;h1-eth1;1240038.08;33123.81;1273161.89;3478;130204;819.05;447.62;1266.67;47;86;0.00;0.00;0;0
1396968835;total;1240038.08;33123.81;1273161.89;3478;130204;819.05;447.62;1266.67;47;86;0.00;0.00;0;0
1396968835;h1-eth1;1259168.37;31504.95;1290673.32;3182;127176;831.68;425.74;1257.43;43;84;0.00;0.00;0;0
1396968835;total;1259168.37;31504.95;1290673.32;3182;127176;831.68;425.74;1257.43;43;84;0.00;0.00;0;0
1396968835;h1-eth1;1256620.00;31080.00;1287700.00;3108;125662;830.00;420.00;1250.00;42;83;0.00;0.00;0;0
1396968835;total;1256620.00;31080.00;1287700.00;3108;125662;830.00;420.00;1250.00;42;83;0.00;0.00;0;0
1396968835;h1-eth1;1256620.00;31080.00;1287700.00;3108;125662;830.00;420.00;1250.00;42;83;0.00;0.00;0;0
1396968835;total;1256620.00;31080.00;1287700.00;3108;125662;830.00;420.00;1250.00;42;83;0.00;0.00;0;0
1396968835;h1-eth1;1259168.37;35900.99;1295069.36;3626;127176;831.68;485.15;1316.83;49;84;0.00;0.00;0;0
1396968835;total;1259168.37;35900.99;1295069.36;3626;127176;831.68;485.15;1316.83;49;84;0.00;0.00;0;0
1396968835;h1-eth1;1241480.00;31820.00;1273300.00;3182;124148;820.00;430.00;1250.00;43;82;0.00;0.00;0;0
1396968835;total;1241480.00;31820.00;1273300.00;3182;124148;820.00;430.00;1250.00;43;82;0.00;0.00;0;0
1396968835;h1-eth1;1256620.00;31080.00;1287700.00;3108;125662;830.00;420.00;1250.00;42;83;0.00;0.00;0;0
1396968835;total;1256620.00;31080.00;1287700.00;3108;125662;830.00;420.00;1250.00;42;83;0.00;0.00;0;0
1396968835;h1-eth1;1256620.00;34780.00;1291400.00;3478;125662;830.00;470.00;1300.00;47;83;0.00;0.00;0;0
1396968835;total;1256620.00;34780.00;1291400.00;3478;125662;830.00;470.00;1300.00;47;83;0.00;0.00;0;0
1396968835;h1-eth1;1271760.00;30340.00;1302100.00;3034;127176;840.00;410.00;1250.00;41;84;0.00;0.00;0;0
1396968835;total;1271760.00;30340.00;1302100.00;3034;127176;840.00;410.00;1250.00;41;84;0.00;0.00;0;0
1396968835;h1-eth1;1256620.00;31820.00;1288440.00;3182;125662;830.00;430.00;1260.00;43;83;0.00;0.00;0;0
1396968835;total;1256620.00;31820.00;1288440.00;3182;125662;830.00;430.00;1260.00;43;83;0.00;0.00;0;0
1396968836;h1-eth1;1214198.07;30039.61;1244237.67;3034;122634;801.98;405.94;1207.92;41;81;0.00;0.00;0;0
1396968836;total;1214198.07;30039.61;1244237.67;3034;122634;801.98;405.94;1207.92;41;81;0.00;0.00;0;0
1396968836;h1-eth1;1244178.27;33702.97;1277881.24;3404;125662;821.78;455.45;1277.23;46;83;0.00;0.00;0;0
1396968836;total;1244178.27;33702.97;1277881.24;3404;125662;821.78;455.45;1277.23;46;83;0.00;0.00;0;0
1396968836;h1-eth1;1256620.00;33300.00;1289920.00;3330;125662;830.00;450.00;1280.00;45;83;0.00;0.00;0;0
1396968836;total;1256620.00;33300.00;1289920.00;3330;125662;830.00;450.00;1280.00;45;83;0.00;0.00;0;0
1396968836;h1-eth1;1256620.00;29600.00;1286220.00;2960;125662;830.00;400.00;1230.00;40;83;0.00;0.00;0;0
1396968836;total;1256620.00;29600.00;1286220.00;2960;125662;830.00;400.00;1230.00;40;83;0.00;0.00;0;0
1396968836;h1-eth1;1256620.00;31080.00;1287700.00;3108;125662;830.00;420.00;1250.00;42;83;0.00;0.00;0;0
1396968836;total;1256620.00;31080.00;1287700.00;3108;125662;830.00;420.00;1250.00;42;83;0.00;0.00;0;0
1396968836;h1-eth1;1271760.00;31820.00;1303580.00;3182;127176;840.00;430.00;1270.00;43;84;0.00;0.00;0;0
1396968836;total;1271760.00;31820.00;1303580.00;3182;127176;840.00;430.00;1270.00;43;84;0.00;0.00;0;0
1396968836;h1-eth1;1241480.00;36260.00;1277740.00;3626;124148;820.00;490.00;1310.00;49;82;0.00;0.00;0;0
1396968836;total;1241480.00;36260.00;1277740.00;3626;124148;820.00;490.00;1310.00;49;82;0.00;0.00;0;0
1396968836;h1-eth1;1256620.00;30340.00;1286960.00;3034;125662;830.00;410.00;1240.00;41;83;0.00;0.00;0;0
1396968836;total;1256620.00;30340.00;1286960.00;3034;125662;830.00;410.00;1240.00;41;83;0.00;0.00;0;0
1396968836;h1-eth1;1256620.00;31820.00;1288440.00;3182;125662;830.00;430.00;1260.00;43;83;0.00;0.00;0;0
1396968836;total;1256620.00;31820.00;1288440.00;3182;125662;830.00;430.00;1260.00;43;83;0.00;0.00;0;0
1396968836;h1-eth1;1256620.00;30340.00;1286960.00;3034;125662;830.00;410.00;1240.00;41;83;0.00;0.00;0;0
1396968836;total;1256620.00;30340.00;1286960.00;3034;125662;830.00;410.00;1240.00;41;83;0.00;0.00;0;0
1396968837;h1-eth1;1244178.27;36633.66;1280811.93;3700;125662;821.78;495.05;1316.83;50;83;0.00;0.00;0;0
1396968837;total;1244178.27;36633.66;1280811.93;3700;125662;821.78;495.05;1316.83;50;83;0.00;0.00;0;0
1396968837;h1-eth1;1256620.00;30340.00;1286960.00;3034;125662;830.00;410.00;1240.00;41;83;0.00;0.00;0;0
1396968837;total;1256620.00;30340.00;1286960.00;3034;125662;830.00;410.00;1240.00;41;83;0.00;0.00;0;0
1396968837;h1-eth1;1256620.00;30340.00;1286960.00;3034;125662;830.00;410.00;1240.00;41;83;0.00;0.00;0;0
1396968837;total;1256620.00;30340.00;1286960.00;3034;125662;830.00;410.00;1240.00;41;83;0.00;0.00;0;0
1396968837;h1-eth1;1229188.17;30772.28;1259960.45;3108;124148;811.88;415.84;1227.72;42;82;0.00;0.00;0;0
1396968837;total;1217137.27;30470.59;1247607.86;3108;124148;803.92;411.76;1215.69;42;82;0.00;0.00;0;0
1396968837;h1-eth1;1276509.82;31921.57;1308431.39;3256;130204;843.14;431.37;1274.51;44;86;0.00;0.00;0;0
1396968837;total;1302040.00;32560.00;1334600.00;3256;130204;860.00;440.00;1300.00;44;86;0.00;0.00;0;0
1396968837;h1-eth1;1256620.00;39220.00;1295840.00;3922;125662;830.00;530.00;1360.00;53;83;0.00;0.00;0;0
1396968837;total;1256620.00;39220.00;1295840.00;3922;125662;830.00;530.00;1360.00;53;83;0.00;0.00;0;0
1396968837;h1-eth1;1256620.00;30340.00;1286960.00;3034;125662;830.00;410.00;1240.00;41;83;0.00;0.00;0;0
1396968837;total;1256620.00;30340.00;1286960.00;3034;125662;830.00;410.00;1240.00;41;83;0.00;0.00;0;0
1396968837;h1-eth1;1259168.37;30772.28;1289940.64;3108;127176;831.68;415.84;1247.52;42;84;0.00;0.00;0;0
1396968837;total;1259168.37;30772.28;1289940.64;3108;127176;831.68;415.84;1247.52;42;84;0.00;0.00;0;0
1396968837;h1-eth1;1241480.00;31080.00;1272560.00;3108;124148;820.00;420.00;1240.00;42;82;0.00;0.00;0;0
1396968837;total;1241480.00;31080.00;1272560.00;3108;124148;820.00;420.00;1240.00;42;82;0.00;0.00;0;0
1396968837;h1-eth1;1256620.00;31080.00;1287700.00;3108;125662;830.00;420.00;1250.00;42;83;0.00;0.00;0;0
1396968837;total;1256620.00;31080.00;1287700.00;3108;125662;830.00;420.00;1250.00;42;83;0.00;0.00;0;0
1396968838;h1-eth1;1244178.27;41029.70;1285207.97;4144;125662;821.78;554.46;1376.24;56;83;0.00;0.00;0;0
1396968838;total;1244178.27;41029.70;1285207.97;4144;125662;821.78;554.46;1376.24;56;83;0.00;0.00;0;0
1396968838;h1-eth1;1256620.00;30340.00;1286960.00;3034;125662;830.00;410.00;1240.00;41;83;0.00;0.00;0;0
1396968838;total;1256620.00;30340.00;1286960.00;3034;125662;830.00;410.00;1240.00;41;83;0.00;0.00;0;0
1396968838;h1-eth1;1256620.00;31080.00;1287700.00;3108;125662;830.00;420.00;1250.00;42;83;0.00;0.00;0;0
1396968838;total;1244178.27;30772.28;1274950.54;3108;125662;821.78;415.84;1237.62;42;83;0.00;0.00;0;0
1396968838;h1-eth1;1256620.00;30340.00;1286960.00;3034;125662;830.00;410.00;1240.00;41;83;0.00;0.00;0;0
1396968838;total;1256620.00;30340.00;1286960.00;3034;125662;830.00;410.00;1240.00;41;83;0.00;0.00;0;0
1396968838;h1-eth1;1256620.00;31080.00;1287700.00;3108;125662;830.00;420.00;1250.00;42;83;0.00;0.00;0;0
1396968838;total;1256620.00;31080.00;1287700.00;3108;125662;830.00;420.00;1250.00;42;83;0.00;0.00;0;0
1396968838;h1-eth1;1256620.00;37000.00;1293620.00;3700;125662;830.00;500.00;1330.00;50;83;0.00;0.00;0;0
1396968838;total;1256620.00;37000.00;1293620.00;3700;125662;830.00;500.00;1330.00;50;83;0.00;0.00;0;0
1396968838;h1-eth1;1256620.00;42920.00;1299540.00;4292;125662;830.00;580.00;1410.00;58;83;0.00;0.00;0;0
1396968838;total;1256620.00;42920.00;1299540.00;4292;125662;830.00;580.00;1410.00;58;83;0.00;0.00;0;0
1396968838;h1-eth1;1256620.00;30340.00;1286960.00;3034;125662;830.00;410.00;1240.00;41;83;0.00;0.00;0;0
1396968838;total;1256620.00;30340.00;1286960.00;3034;125662;830.00;410.00;1240.00;41;83;0.00;0.00;0;0
1396968838;h1-eth1;1256620.00;31080.00;1287700.00;3108;125662;830.00;420.00;1250.00;42;83;0.00;0.00;0;0
1396968838;total;1256620.00;31080.00;1287700.00;3108;125662;830.00;420.00;1250.00;42;83;0.00;0.00;0;0
1396968838;h1-eth1;1256620.00;31080.00;1287700.00;3108;125662;830.00;420.00;1250.00;42;83;0.00;0.00;0;0
1396968838;total;1256620.00;31080.00;1287700.00;3108;125662;830.00;420.00;1250.00;42;83;0.00;0.00;0;0
1396968839;h1-eth1;1244178.27;30039.61;1274217.87;3034;125662;821.78;405.94;1227.72;41;83;0.00;0.00;0;0
1396968839;total;1244178.27;30039.61;1274217.87;3034;125662;821.78;405.94;1227.72;41;83;0.00;0.00;0;0
1396968839;h1-eth1;1256620.00;31820.00;1288440.00;3182;125662;830.00;430.00;1260.00;43;83;0.00;0.00;0;0
1396968839;total;1256620.00;31820.00;1288440.00;3182;125662;830.00;430.00;1260.00;43;83;0.00;0.00;0;0
1396968839;h1-eth1;1256620.00;53280.00;1309900.00;5328;125662;830.00;720.00;1550.00;72;83;0.00;0.00;0;0
1396968839;total;1256620.00;53280.00;1309900.00;5328;125662;830.00;720.00;1550.00;72;83;0.00;0.00;0;0
1396968839;h1-eth1;1259168.37;32970.30;1292138.66;3330;127176;831.68;445.54;1277.23;45;84;0.00;0.00;0;0
1396968839;total;1222846.21;32019.23;1254865.44;3330;127176;807.69;432.69;1240.38;45;84;0.00;0.00;0;0
1396968839;h1-eth1;1240038.08;31714.29;1271752.37;3330;130204;819.05;428.57;1247.62;45;86;0.00;0.00;0;0
1396968839;total;1289148.57;32970.30;1322118.86;3330;130204;851.49;445.54;1297.03;45;86;0.00;0.00;0;0
1396968839;h1-eth1;1271760.00;30340.00;1302100.00;3034;127176;840.00;410.00;1250.00;41;84;0.00;0.00;0;0
1396968839;total;1271760.00;30340.00;1302100.00;3034;127176;840.00;410.00;1250.00;41;84;0.00;0.00;0;0
1396968839;h1-eth1;1241480.00;31820.00;1273300.00;3182;124148;820.00;430.00;1250.00;43;82;0.00;0.00;0;0
1396968839;total;1241480.00;31820.00;1273300.00;3182;124148;820.00;430.00;1250.00;43;82;0.00;0.00;0;0
1396968839;h1-eth1;1241480.00;29600.00;1271080.00;2960;124148;820.00;400.00;1220.00;40;82;0.00;0.00;0;0
1396968839;total;1241480.00;29600.00;1271080.00;2960;124148;820.00;400.00;1220.00;40;82;0.00;0.00;0;0
1396968839;h1-eth1;1256620.00;31080.00;1287700.00;3108;125662;830.00;420.00;1250.00;42;83;0.00;0.00;0;0
1396968839;total;1256620.00;31080.00;1287700.00;3108;125662;830.00;420.00;1250.00;42;83;0.00;0.00;0;0
1396968839;h1-eth1;1256620.00;35520.00;1292140.00;3552;125662;830.00;480.00;1310.00;48;83;0.00;0.00;0;0
1396968839;total;1256620.00;35520.00;1292140.00;3552;125662;830.00;480.00;1310.00;48;83;0.00;0.00;0;0
1396968840;h1-eth1;1244178.27;58613.86;1302792.13;5920;125662;821.78;792.08;1613.86;80;83;0.00;0.00;0;0
1396968840;total;1244178.27;58613.86;1302792.13;5920;125662;821.78;792.08;1613.86;80;83;0.00;0.00;0;0
1396968840;h1-eth1;1256620.00;30340.00;1286960.00;3034;125662;830.00;410.00;1240.00;41;83;0.00;0.00;0;0
1396968840;total;1256620.00;30340.00;1286960.00;3034;125662;830.00;410.00;1240.00;41;83;0.00;0.00;0;0
1396968840;h1-eth1;1256620.00;31080.00;1287700.00;3108;125662;830.00;420.00;1250.00;42;83;0.00;0.00;0;0
1396968840;total;1256620.00;31080.00;1287700.00;3108;125662;830.00;420.00;1250.00;42;83;0.00;0.00;0;0
1396968840;h1-eth1;1256620.00;31080.00;1287700.00;3108;125662;830.00;420.00;1250.00;42;83;0.00;0.00;0;0
1396968840;total;1256620.00;31080.00;1287700.00;3108;125662;830.00;420.00;1250.00;42;83;0.00;0.00;0;0
1396968840;h1-eth1;1256620.00;30340.00;1286960.00;3034;125662;830.00;410.00;1240.00;41;83;0.00;0.00;0;0
1396968840;total;1256620.00;30340.00;1286960.00;3034;125662;830.00;410.00;1240.00;41;83;0.00;0.00;0;0
1396968840;h1-eth1;1256620.00;31080.00;1287700.00;3108;125662;830.00;420.00;1250.00;42;83;0.00;0.00;0;0
1396968840;total;1256620.00;31080.00;1287700.00;3108;125662;830.00;420.00;1250.00;42;83;0.00;0.00;0;0
1396968840;h1-eth1;1256620.00;31080.00;1287700.00;3108;125662;830.00;420.00;1250.00;42;83;0.00;0.00;0;0
1396968840;total;1256620.00;31080.00;1287700.00;3108;125662;830.00;420.00;1250.00;42;83;0.00;0.00;0;0
1396968840;h1-eth1;1246823.55;31196.08;1278019.62;3182;127176;823.53;421.57;1245.10;43;84;0.00;0.00;0;0
1396968840;total;1246823.55;31196.08;1278019.62;3182;127176;823.53;421.57;1245.10;43;84;0.00;0.00;0;0
1396968840;h1-eth1;1256620.00;31820.00;1288440.00;3182;125662;830.00;430.00;1260.00;43;83;0.00;0.00;0;0
1396968840;total;1256620.00;31820.00;1288440.00;3182;125662;830.00;430.00;1260.00;43;83;0.00;0.00;0;0
1396968840;h1-eth1;1234718.51;61067.96;1295786.47;6290;127176;815.53;825.24;1640.78;85;84;0.00;0.00;0;0
1396968840;total;1234718.51;61067.96;1295786.47;6290;127176;815.53;825.24;1640.78;85;84;0.00;0.00;0;0
1396968841;h1-eth1;1229188.17;43227.72;1272415.89;4366;124148;811.88;584.16;1396.04;59;82;0.00;0.00;0;0
1396968841;total;1229188.17;43227.72;1272415.89;4366;124148;811.88;584.16;1396.04;59;82;0.00;0.00;0;0
1396968841;h1-eth1;1256620.00;30340.00;1286960.00;3034;125662;830.00;410.00;1240.00;41;83;0.00;0.00;0;0
1396968841;total;1256620.00;30340.00;1286960.00;3034;125662;830.00;410.00;1240.00;41;83;0.00;0.00;0;0
1396968841;h1-eth1;1244178.27;31504.95;1275683.22;3182;125662;821.78;425.74;1247.52;43;83;0.00;0.00;0;0
1396968841;total;1244178.27;31504.95;1275683.22;3182;125662;821.78;425.74;1247.52;43;83;0.00;0.00;0;0
1396968841;h1-eth1;1256620.00;31820.00;1288440.00;3182;125662;830.00;430.00;1260.00;43;83;0.00;0.00;0;0
1396968841;total;1208288.52;30596.16;1238884.67;3182;125662;798.08;413.46;1211.54;43;83;0.00;0.00;0;0
1396968841;h1-eth1;1251961.60;30596.16;1282557.75;3182;130204;826.92;413.46;1240.38;43;86;0.00;0.00;0;0
1396968841;total;1302040.00;31820.00;1333860.00;3182;130204;860.00;430.00;1290.00;43;86;0.00;0.00;0;0
1396968841;h1-eth1;1256620.00;31080.00;1287700.00;3108;125662;830.00;420.00;1250.00;42;83;0.00;0.00;0;0
1396968841;total;1256620.00;31080.00;1287700.00;3108;125662;830.00;420.00;1250.00;42;83;0.00;0.00;0;0
1396968841;h1-eth1;1256620.00;30340.00;1286960.00;3034;125662;830.00;410.00;1240.00;41;83;0.00;0.00;0;0
1396968841;total;1256620.00;30340.00;1286960.00;3034;125662;830.00;410.00;1240.00;41;83;0.00;0.00;0;0
1396968841;h1-eth1;1199207.97;29306.93;1228514.90;2960;121120;792.08;396.04;1188.12;40;80;0.00;0.00;0;0
1396968841;total;1199207.97;29306.93;1228514.90;2960;121120;792.08;396.04;1188.12;40;80;0.00;0.00;0;0
1396968841;h1-eth1;1256620.00;31080.00;1287700.00;3108;125662;830.00;420.00;1250.00;42;83;0.00;0.00;0;0
1396968841;total;1256620.00;31080.00;1287700.00;3108;125662;830.00;420.00;1250.00;42;83;0.00;0.00;0;0
1396968841;h1-eth1;1244178.27;30039.61;1274217.87;3034;125662;821.78;405.94;1227.72;41;83;0.00;0.00;0;0
1396968841;total;1244178.27;30039.61;1274217.87;3034;125662;821.78;405.94;1227.72;41;83;0.00;0.00;0;0
1396968842;h1-eth1;1256620.00;54020.00;1310640.00;5402;125662;830.00;730.00;1560.00;73;83;0.00;0.00;0;0
1396968842;total;1256620.00;54020.00;1310640.00;5402;125662;830.00;730.00;1560.00;73;83;0.00;0.00;0;0
1396968842;h1-eth1;1244178.27;60079.21;1304257.48;6068;125662;821.78;811.88;1633.66;82;83;0.00;0.00;0;0
1396968842;total;1244178.27;60079.21;1304257.48;6068;125662;821.78;811.88;1633.66;82;83;0.00;0.00;0;0
1396968842;h1-eth1;1271760.00;42180.00;1313940.00;4218;127176;840.00;570.00;1410.00;57;84;0.00;0.00;0;0
1396968842;total;1271760.00;42180.00;1313940.00;4218;127176;840.00;570.00;1410.00;57;84;0.00;0.00;0;0
1396968842;h1-eth1;1237403.90;32730.77;1270134.67;3404;128690;817.31;442.31;1259.62;46;85;0.00;0.00;0;0
1396968842;total;1237403.90;32730.77;1270134.67;3404;128690;817.31;442.31;1259.62;46;85;0.00;0.00;0;0
1396968842;h1-eth1;1256620.00;33300.00;1289920.00;3330;125662;830.00;450.00;1280.00;45;83;0.00;0.00;0;0
1396968842;total;1256620.00;33300.00;1289920.00;3330;125662;830.00;450.00;1280.00;45;83;0.00;0.00;0;0
1396968842;h1-eth1;1256620.00;32560.00;1289180.00;3256;125662;830.00;440.00;1270.00;44;83;0.00;0.00;0;0
1396968842;total;1256620.00;32560.00;1289180.00;3256;125662;830.00;440.00;1270.00;44;83;0.00;0.00;0;0
1396968842;h1-eth1;1256620.00;30340.00;1286960.00;3034;125662;830.00;410.00;1240.00;41;83;0.00;0.00;0;0
1396968842;total;1256620.00;30340.00;1286960.00;3034;125662;830.00;410.00;1240.00;41;83;0.00;0.00;0;0
1396968842;h1-eth1;1256620.00;31080.00;1287700.00;3108;125662;830.00;420.00;1250.00;42;83;0.00;0.00;0;0
1396968842;total;1256620.00;31080.00;1287700.00;3108;125662;830.00;420.00;1250.00;42;83;0.00;0.00;0;0
1396968842;h1-eth1;1256620.00;30340.00;1286960.00;3034;125662;830.00;410.00;1240.00;41;83;0.00;0.00;0;0
1396968842;total;1256620.00;30340.00;1286960.00;3034;125662;830.00;410.00;1240.00;41;83;0.00;0.00;0;0
1396968843;h1-eth1;1234718.51;29456.31;1264174.82;3034;127176;815.53;398.06;1213.59;41;84;0.00;0.00;0;0
1396968843;total;1234718.51;29456.31;1264174.82;3034;127176;815.53;398.06;1213.59;41;84;0.00;0.00;0;0
1396968843;h1-eth1;1256620.00;32560.00;1289180.00;3256;125662;830.00;440.00;1270.00;44;83;0.00;0.00;0;0
1396968843;total;1256620.00;32560.00;1289180.00;3256;125662;830.00;440.00;1270.00;44;83;0.00;0.00;0;0
1396968843;h1-eth1;1256620.00;32560.00;1289180.00;3256;125662;830.00;440.00;1270.00;44;83;0.00;0.00;0;0
1396968843;total;1256620.00;32560.00;1289180.00;3256;125662;830.00;440.00;1270.00;44;83;0.00;0.00;0;0
1396968843;h1-eth1;1256620.00;36260.00;1292880.00;3626;125662;830.00;490.00;1320.00;49;83;0.00;0.00;0;0
1396968843;total;1256620.00;36260.00;1292880.00;3626;125662;830.00;490.00;1320.00;49;83;0.00;0.00;0;0
1396968843;h1-eth1;1241480.00;30340.00;1271820.00;3034;124148;820.00;410.00;1230.00;41;82;0.00;0.00;0;0
1396968843;total;1205320.45;29456.31;1234776.76;3034;124148;796.12;398.06;1194.17;41;82;0.00;0.00;0;0
1396968843;h1-eth1;1264116.57;30174.76;1294291.32;3108;130204;834.95;407.77;1242.72;42;86;0.00;0.00;0;0
1396968843;total;1302040.00;31080.00;1333120.00;3108;130204;860.00;420.00;1280.00;42;86;0.00;0.00;0;0
1396968843;h1-eth1;1256620.00;31820.00;1288440.00;3182;125662;830.00;430.00;1260.00;43;83;0.00;0.00;0;0
1396968843;total;1256620.00;31820.00;1288440.00;3182;125662;830.00;430.00;1260.00;43;83;0.00;0.00;0;0
1396968843;h1-eth1;1256620.00;31080.00;1287700.00;3108;125662;830.00;420.00;1250.00;42;83;0.00;0.00;0;0
1396968843;total;1256620.00;31080.00;1287700.00;3108;125662;830.00;420.00;1250.00;42;83;0.00;0.00;0;0
1396968843;h1-eth1;1256620.00;31080.00;1287700.00;3108;125662;830.00;420.00;1250.00;42;83;0.00;0.00;0;0
1396968843;total;1256620.00;31080.00;1287700.00;3108;125662;830.00;420.00;1250.00;42;83;0.00;0.00;0;0
1396968843;h1-eth1;1256620.00;30340.00;1286960.00;3034;125662;830.00;410.00;1240.00;41;83;0.00;0.00;0;0
1396968843;total;1256620.00;30340.00;1286960.00;3034;125662;830.00;410.00;1240.00;41;83;0.00;0.00;0;0
1396968844;h1-eth1;1244178.27;31504.95;1275683.22;3182;125662;821.78;425.74;1247.52;43;83;0.00;0.00;0;0
1396968844;total;1244178.27;31504.95;1275683.22;3182;125662;821.78;425.74;1247.52;43;83;0.00;0.00;0;0
1396968844;h1-eth1;1241480.00;31080.00;1272560.00;3108;124148;820.00;420.00;1240.00;42;82;0.00;0.00;0;0
1396968844;total;1241480.00;31080.00;1272560.00;3108;124148;820.00;420.00;1240.00;42;82;0.00;0.00;0;0
1396968844;h1-eth1;1271760.00;30340.00;1302100.00;3034;127176;840.00;410.00;1250.00;41;84;0.00;0.00;0;0
1396968844;total;1271760.00;30340.00;1302100.00;3034;127176;840.00;410.00;1250.00;41;84;0.00;0.00;0;0
1396968844;h1-eth1;1246823.55;30470.59;1277294.13;3108;127176;823.53;411.76;1235.29;42;84;0.00;0.00;0;0
1396968844;total;1246823.55;30470.59;1277294.13;3108;127176;823.53;411.76;1235.29;42;84;0.00;0.00;0;0
1396968844;h1-eth1;1256620.00;31080.00;1287700.00;3108;125662;830.00;420.00;1250.00;42;83;0.00;0.00;0;0
1396968844;total;1256620.00;31080.00;1287700.00;3108;125662;830.00;420.00;1250.00;42;83;0.00;0.00;0;0
1396968844;h1-eth1;1256620.00;30340.00;1286960.00;3034;125662;830.00;410.00;1240.00;41;83;0.00;0.00;0;0
1396968844;total;1256620.00;30340.00;1286960.00;3034;125662;830.00;410.00;1240.00;41;83;0.00;0.00;0;0
1396968844;h1-eth1;1256620.00;31080.00;1287700.00;3108;125662;830.00;420.00;1250.00;42;83;0.00;0.00;0;0
1396968844;total;1256620.00;31080.00;1287700.00;3108;125662;830.00;420.00;1250.00;42;83;0.00;0.00;0;0
1396968844;h1-eth1;1241480.00;31080.00;1272560.00;3108;124148;820.00;420.00;1240.00;42;82;0.00;0.00;0;0
1396968844;total;1241480.00;31080.00;1272560.00;3108;124148;820.00;420.00;1240.00;42;82;0.00;0.00;0;0
1396968844;h1-eth1;1256620.00;31080.00;1287700.00;3108;125662;830.00;420.00;1250.00;42;83;0.00;0.00;0;0
1396968844;total;1256620.00;31080.00;1287700.00;3108;125662;830.00;420.00;1250.00;42;83;0.00;0.00;0;0
1396968844;h1-eth1;1256620.00;30340.00;1286960.00;3034;125662;830.00;410.00;1240.00;41;83;0.00;0.00;0;0
1396968844;total;1256620.00;30340.00;1286960.00;3034;125662;830.00;410.00;1240.00;41;83;0.00;0.00;0;0
1396968845;h1-eth1;1244178.27;30772.28;1274950.54;3108;125662;821.78;415.84;1237.62;42;83;0.00;0.00;0;0
1396968845;total;1244178.27;30772.28;1274950.54;3108;125662;821.78;415.84;1237.62;42;83;0.00;0.00;0;0
1396968845;h1-eth1;1256620.00;30340.00;1286960.00;3034;125662;830.00;410.00;1240.00;41;83;0.00;0.00;0;0
1396968845;total;1256620.00;30340.00;1286960.00;3034;125662;830.00;410.00;1240.00;41;83;0.00;0.00;0;0
1396968845;h1-eth1;1256620.00;30340.00;1286960.00;3034;125662;830.00;410.00;1240.00;41;83;0.00;0.00;0;0
1396968845;total;1256620.00;30340.00;1286960.00;3034;125662;830.00;410.00;1240.00;41;83;0.00;0.00;0;0
1396968845;h1-eth1;1256620.00;31080.00;1287700.00;3108;125662;830.00;420.00;1250.00;42;83;0.00;0.00;0;0
1396968845;total;1256620.00;31080.00;1287700.00;3108;125662;830.00;420.00;1250.00;42;83;0.00;0.00;0;0
1396968845;h1-eth1;1261666.68;34098.04;1295764.72;3478;128690;833.33;460.78;1294.12;47;85;0.00;0.00;0;0
1396968845;total;1261666.68;34098.04;1295764.72;3478;128690;833.33;460.78;1294.12;47;85;0.00;0.00;0;0
1396968845;h1-eth1;1256620.00;33300.00;1289920.00;3330;125662;830.00;450.00;1280.00;45;83;0.00;0.00;0;0
1396968845;total;1256620.00;33300.00;1289920.00;3330;125662;830.00;450.00;1280.00;45;83;0.00;0.00;0;0
1396968845;h1-eth1;1244178.27;31504.95;1275683.22;3182;125662;821.78;425.74;1247.52;43;83;0.00;0.00;0;0
1396968845;total;1244178.27;31504.95;1275683.22;3182;125662;821.78;425.74;1247.52;43;83;0.00;0.00;0;0
1396968845;h1-eth1;1256620.00;31080.00;1287700.00;3108;125662;830.00;420.00;1250.00;42;83;0.00;0.00;0;0
1396968845;total;1256620.00;31080.00;1287700.00;3108;125662;830.00;420.00;1250.00;42;83;0.00;0.00;0;0
1396968845;h1-eth1;1256620.00;31080.00;1287700.00;3108;125662;830.00;420.00;1250.00;42;83;0.00;0.00;0;0
1396968845;total;1256620.00;31080.00;1287700.00;3108;125662;830.00;420.00;1250.00;42;83;0.00;0.00;0;0
1396968845;h1-eth1;1256620.00;30340.00;1286960.00;3034;125662;830.00;410.00;1240.00;41;83;0.00;0.00;0;0
1396968845;total;1256620.00;30340.00;1286960.00;3034;125662;830.00;410.00;1240.00;41;83;0.00;0.00;0;0
1396968846;h1-eth1;1244178.27;31504.95;1275683.22;3182;125662;821.78;425.74;1247.52;43;83;0.00;0.00;0;0
1396968846;total;1244178.27;31504.95;1275683.22;3182;125662;821.78;425.74;1247.52;43;83;0.00;0.00;0;0
1396968846;h1-eth1;1256620.00;30340.00;1286960.00;3034;125662;830.00;410.00;1240.00;41;83;0.00;0.00;0;0
1396968846;total;1256620.00;30340.00;1286960.00;3034;125662;830.00;410.00;1240.00;41;83;0.00;0.00;0;0
1396968846;h1-eth1;1256620.00;31080.00;1287700.00;3108;125662;830.00;420.00;1250.00;42;83;0.00;0.00;0;0
1396968846;total;1256620.00;31080.00;1287700.00;3108;125662;830.00;420.00;1250.00;42;83;0.00;0.00;0;0
1396968846;h1-eth1;1256620.00;30340.00;1286960.00;3034;125662;830.00;410.00;1240.00;41;83;0.00;0.00;0;0
1396968846;total;1256620.00;30340.00;1286960.00;3034;125662;830.00;410.00;1240.00;41;83;0.00;0.00;0;0
1396968846;h1-eth1;1256620.00;33300.00;1289920.00;3330;125662;830.00;450.00;1280.00;45;83;0.00;0.00;0;0
1396968846;total;1256620.00;33300.00;1289920.00;3330;125662;830.00;450.00;1280.00;45;83;0.00;0.00;0;0
1396968846;h1-eth1;1256620.00;31820.00;1288440.00;3182;125662;830.00;430.00;1260.00;43;83;0.00;0.00;0;0
1396968846;total;1256620.00;31820.00;1288440.00;3182;125662;830.00;430.00;1260.00;43;83;0.00;0.00;0;0
1396968846;h1-eth1;1244178.27;32970.30;1277148.56;3330;125662;821.78;445.54;1267.33;45;83;0.00;0.00;0;0
1396968846;total;1244178.27;32970.30;1277148.56;3330;125662;821.78;445.54;1267.33;45;83;0.00;0.00;0;0
1396968846;h1-eth1;1256620.00;30340.00;1286960.00;3034;125662;830.00;410.00;1240.00;41;83;0.00;0.00;0;0
1396968846;total;1256620.00;30340.00;1286960.00;3034;125662;830.00;410.00;1240.00;41;83;0.00;0.00;0;0
1396968846;h1-eth1;1229188.17;30772.28;1259960.45;3108;124148;811.88;415.84;1227.72;42;82;0.00;0.00;0;0
1396968846;total;1241480.00;31080.00;1272560.00;3108;124148;820.00;420.00;1240.00;42;82;0.00;0.00;0;0
1396968846;h1-eth1;1256620.00;31820.00;1288440.00;3182;125662;830.00;430.00;1260.00;43;83;0.00;0.00;0;0
1396968846;total;1256620.00;31820.00;1288440.00;3182;125662;830.00;430.00;1260.00;43;83;0.00;0.00;0;0
1396968847;h1-eth1;1244178.27;29306.93;1273485.20;2960;125662;821.78;396.04;1217.82;40;83;0.00;0.00;0;0
1396968847;total;1244178.27;29306.93;1273485.20;2960;125662;821.78;396.04;1217.82;40;83;0.00;0.00;0;0
1396968847;h1-eth1;1256620.00;31820.00;1288440.00;3182;125662;830.00;430.00;1260.00;43;83;0.00;0.00;0;0
1396968847;total;1256620.00;31820.00;1288440.00;3182;125662;830.00;430.00;1260.00;43;83;0.00;0.00;0;0
1396968847;h1-eth1;1256620.00;31080.00;1287700.00;3108;125662;830.00;420.00;1250.00;42;83;0.00;0.00;0;0
1396968847;total;1256620.00;31080.00;1287700.00;3108;125662;830.00;420.00;1250.00;42;83;0.00;0.00;0;0
1396968847;h1-eth1;1256620.00;31080.00;1287700.00;3108;125662;830.00;420.00;1250.00;42;83;0.00;0.00;0;0
1396968847;total;1256620.00;31080.00;1287700.00;3108;125662;830.00;420.00;1250.00;42;83;0.00;0.00;0;0
1396968847;h1-eth1;1259168.37;35900.99;1295069.36;3626;127176;831.68;485.15;1316.83;49;84;0.00;0.00;0;0
1396968847;total;1259168.37;35900.99;1295069.36;3626;127176;831.68;485.15;1316.83;49;84;0.00;0.00;0;0
1396968847;h1-eth1;1256620.00;31080.00;1287700.00;3108;125662;830.00;420.00;1250.00;42;83;0.00;0.00;0;0
1396968847;total;1256620.00;31080.00;1287700.00;3108;125662;830.00;420.00;1250.00;42;83;0.00;0.00;0;0
1396968847;h1-eth1;1256620.00;33300.00;1289920.00;3330;125662;830.00;450.00;1280.00;45;83;0.00;0.00;0;0
1396968847;total;1256620.00;33300.00;1289920.00;3330;125662;830.00;450.00;1280.00;45;83;0.00;0.00;0;0
1396968847;h1-eth1;1256620.00;32560.00;1289180.00;3256;125662;830.00;440.00;1270.00;44;83;0.00;0.00;0;0
1396968847;total;1256620.00;32560.00;1289180.00;3256;125662;830.00;440.00;1270.00;44;83;0.00;0.00;0;0
1396968847;h1-eth1;1256620.00;31820.00;1288440.00;3182;125662;830.00;430.00;1260.00;43;83;0.00;0.00;0;0
1396968847;total;1256620.00;31820.00;1288440.00;3182;125662;830.00;430.00;1260.00;43;83;0.00;0.00;0;0
1396968847;h1-eth1;1256620.00;31080.00;1287700.00;3108;125662;830.00;420.00;1250.00;42;83;0.00;0.00;0;0
1396968847;total;1256620.00;31080.00;1287700.00;3108;125662;830.00;420.00;1250.00;42;83;0.00;0.00;0;0
1396968848;h1-eth1;1244178.27;31504.95;1275683.22;3182;125662;821.78;425.74;1247.52;43;83;0.00;0.00;0;0
1396968848;total;1244178.27;31504.95;1275683.22;3182;125662;821.78;425.74;1247.52;43;83;0.00;0.00;0;0
1396968848;h1-eth1;1261666.68;30470.59;1292137.27;3108;128690;833.33;411.76;1245.10;42;85;0.00;0.00;0;0
1396968848;total;1261666.68;30470.59;1292137.27;3108;128690;833.33;411.76;1245.10;42;85;0.00;0.00;0;0
1396968848;h1-eth1;1256620.00;31080.00;1287700.00;3108;125662;830.00;420.00;1250.00;42;83;0.00;0.00;0;0
1396968848;total;1231980.41;30470.59;1262451.00;3108;125662;813.73;411.76;1225.49;42;83;0.00;0.00;0;0
1396968848;h1-eth1;1246823.55;31196.08;1278019.62;3182;127176;823.53;421.57;1245.10;43;84;0.00;0.00;0;0
1396968848;total;1271760.00;31820.00;1303580.00;3182;127176;840.00;430.00;1270.00;43;84;0.00;0.00;0;0
1396968848;h1-eth1;1256620.00;31080.00;1287700.00;3108;125662;830.00;420.00;1250.00;42;83;0.00;0.00;0;0
1396968848;total;1256620.00;31080.00;1287700.00;3108;125662;830.00;420.00;1250.00;42;83;0.00;0.00;0;0
1396968848;h1-eth1;1256620.00;30340.00;1286960.00;3034;125662;830.00;410.00;1240.00;41;83;0.00;0.00;0;0
1396968848;total;1256620.00;30340.00;1286960.00;3034;125662;830.00;410.00;1240.00;41;83;0.00;0.00;0;0
1396968848;h1-eth1;1256620.00;31080.00;1287700.00;3108;125662;830.00;420.00;1250.00;42;83;0.00;0.00;0;0
1396968848;total;1256620.00;31080.00;1287700.00;3108;125662;830.00;420.00;1250.00;42;83;0.00;0.00;0;0
1396968848;h1-eth1;1256620.00;49580.00;1306200.00;4958;125662;830.00;670.00;1500.00;67;83;0.00;0.00;0;0
1396968848;total;1256620.00;49580.00;1306200.00;4958;125662;830.00;670.00;1500.00;67;83;0.00;0.00;0;0
1396968848;h1-eth1;1256620.00;30340.00;1286960.00;3034;125662;830.00;410.00;1240.00;41;83;0.00;0.00;0;0
1396968848;total;1256620.00;30340.00;1286960.00;3034;125662;830.00;410.00;1240.00;41;83;0.00;0.00;0;0
1396968848;h1-eth1;1256620.00;31820.00;1288440.00;3182;125662;830.00;430.00;1260.00;43;83;0.00;0.00;0;0
1396968848;total;1256620.00;31820.00;1288440.00;3182;125662;830.00;430.00;1260.00;43;83;0.00;0.00;0;0
1396968849;h1-eth1;1244178.27;30772.28;1274950.54;3108;125662;821.78;415.84;1237.62;42;83;0.00;0.00;0;0
1396968849;total;1244178.27;30772.28;1274950.54;3108;125662;821.78;415.84;1237.62;42;83;0.00;0.00;0;0
1396968849;h1-eth1;1256620.00;31080.00;1287700.00;3108;125662;830.00;420.00;1250.00;42;83;0.00;0.00;0;0
1396968849;total;1256620.00;31080.00;1287700.00;3108;125662;830.00;420.00;1250.00;42;83;0.00;0.00;0;0
1396968849;h1-eth1;1256620.00;31080.00;1287700.00;3108;125662;830.00;420.00;1250.00;42;83;0.00;0.00;0;0
1396968849;total;1256620.00;31080.00;1287700.00;3108;125662;830.00;420.00;1250.00;42;83;0.00;0.00;0;0
1396968849;h1-eth1;1256620.00;31080.00;1287700.00;3108;125662;830.00;420.00;1250.00;42;83;0.00;0.00;0;0
1396968849;total;1256620.00;31080.00;1287700.00;3108;125662;830.00;420.00;1250.00;42;83;0.00;0.00;0;0
1396968849;h1-eth1;1256620.00;30340.00;1286960.00;3034;125662;830.00;410.00;1240.00;41;83;0.00;0.00;0;0
1396968849;total;1256620.00;30340.00;1286960.00;3034;125662;830.00;410.00;1240.00;41;83;0.00;0.00;0;0
1396968849;h1-eth1;1256620.00;31080.00;1287700.00;3108;125662;830.00;420.00;1250.00;42;83;0.00;0.00;0;0
1396968849;total;1256620.00;31080.00;1287700.00;3108;125662;830.00;420.00;1250.00;42;83;0.00;0.00;0;0
1396968849;h1-eth1;1256620.00;31080.00;1287700.00;3108;125662;830.00;420.00;1250.00;42;83;0.00;0.00;0;0
1396968849;total;1256620.00;31080.00;1287700.00;3108;125662;830.00;420.00;1250.00;42;83;0.00;0.00;0;0
1396968849;h1-eth1;1256620.00;30340.00;1286960.00;3034;125662;830.00;410.00;1240.00;41;83;0.00;0.00;0;0
1396968849;total;1256620.00;30340.00;1286960.00;3034;125662;830.00;410.00;1240.00;41;83;0.00;0.00;0;0
1396968849;h1-eth1;1259168.37;31504.95;1290673.32;3182;127176;831.68;425.74;1257.43;43;84;0.00;0.00;0;0
1396968849;total;1259168.37;31504.95;1290673.32;3182;127176;831.68;425.74;1257.43;43;84;0.00;0.00;0;0
1396968849;h1-eth1;1256620.00;30340.00;1286960.00;3034;125662;830.00;410.00;1240.00;41;83;0.00;0.00;0;0
1396968849;total;1256620.00;30340.00;1286960.00;3034;125662;830.00;410.00;1240.00;41;83;0.00;0.00;0;0
1396968850;h1-eth1;1244178.27;31504.95;1275683.22;3182;125662;821.78;425.74;1247.52;43;83;0.00;0.00;0;0
1396968850;total;1244178.27;31504.95;1275683.22;3182;125662;821.78;425.74;1247.52;43;83;0.00;0.00;0;0
1396968850;h1-eth1;1256620.00;30340.00;1286960.00;3034;125662;830.00;410.00;1240.00;41;83;0.00;0.00;0;0
1396968850;total;1256620.00;30340.00;1286960.00;3034;125662;830.00;410.00;1240.00;41;83;0.00;0.00;0;0
1396968850;h1-eth1;1259168.37;30772.28;1289940.64;3108;127176;831.68;415.84;1247.52;42;84;0.00;0.00;0;0
1396968850;total;1259168.37;30772.28;1289940.64;3108;127176;831.68;415.84;1247.52;42;84;0.00;0.00;0;0
1396968850;h1-eth1;1256620.00;31080.00;1287700.00;3108;125662;830.00;420.00;1250.00;42;83;0.00;0.00;0;0
1396968850;total;1256620.00;31080.00;1287700.00;3108;125662;830.00;420.00;1250.00;42;83;0.00;0.00;0;0
1396968850;h1-eth1;1244178.27;30772.28;1274950.54;3108;125662;821.78;415.84;1237.62;42;83;0.00;0.00;0;0
1396968850;total;1244178.27;30772.28;1274950.54;3108;125662;821.78;415.84;1237.62;42;83;0.00;0.00;0;0
1396968850;h1-eth1;1256620.00;30340.00;1286960.00;3034;125662;830.00;410.00;1240.00;41;83;0.00;0.00;0;0
1396968850;total;1256620.00;30340.00;1286960.00;3034;125662;830.00;410.00;1240.00;41;83;0.00;0.00;0;0
1396968850;h1-eth1;1271760.00;31820.00;1303580.00;3182;127176;840.00;430.00;1270.00;43;84;0.00;0.00;0;0
1396968850;total;1271760.00;31820.00;1303580.00;3182;127176;840.00;430.00;1270.00;43;84;0.00;0.00;0;0
1396968850;h1-eth1;1105220.00;26640.00;1131860.00;2664;110522;730.00;360.00;1090.00;36;73;0.00;0.00;0;0
1396968850;total;1105220.00;26640.00;1131860.00;2664;110522;730.00;360.00;1090.00;36;73;0.00;0.00;0;0
1396968850;h1-eth1;1226340.00;30340.00;1256680.00;3034;122634;810.00;410.00;1220.00;41;81;0.00;0.00;0;0
1396968850;total;1226340.00;30340.00;1256680.00;3034;122634;810.00;410.00;1220.00;41;81;0.00;0.00;0;0
1396968850;h1-eth1;1271760.00;31820.00;1303580.00;3182;127176;840.00;430.00;1270.00;43;84;0.00;0.00;0;0
1396968850;total;1271760.00;31820.00;1303580.00;3182;127176;840.00;430.00;1270.00;43;84;0.00;0.00;0;0
1396968851;h1-eth1;1169227.77;27108.91;1196336.68;2738;118092;772.28;366.34;1138.61;37;78;0.00;0.00;0;0
1396968851;total;1169227.77;27108.91;1196336.68;2738;118092;772.28;366.34;1138.61;37;78;0.00;0.00;0;0
1396968851;h1-eth1;1256620.00;32560.00;1289180.00;3256;125662;830.00;440.00;1270.00;44;83;0.00;0.00;0;0
1396968851;total;1256620.00;32560.00;1289180.00;3256;125662;830.00;440.00;1270.00;44;83;0.00;0.00;0;0
1396968851;h1-eth1;1256620.00;31080.00;1287700.00;3108;125662;830.00;420.00;1250.00;42;83;0.00;0.00;0;0
1396968851;total;1256620.00;31080.00;1287700.00;3108;125662;830.00;420.00;1250.00;42;83;0.00;0.00;0;0
1396968851;h1-eth1;1259168.37;30039.61;1289207.97;3034;127176;831.68;405.94;1237.62;41;84;0.00;0.00;0;0
1396968851;total;1259168.37;30039.61;1289207.97;3034;127176;831.68;405.94;1237.62;41;84;0.00;0.00;0;0
1396968851;h1-eth1;1259168.37;31504.95;1290673.32;3182;127176;831.68;425.74;1257.43;43;84;0.00;0.00;0;0
1396968851;total;1259168.37;31504.95;1290673.32;3182;127176;831.68;425.74;1257.43;43;84;0.00;0.00;0;0
1396968851;h1-eth1;1256620.00;31080.00;1287700.00;3108;125662;830.00;420.00;1250.00;42;83;0.00;0.00;0;0
1396968851;total;1256620.00;31080.00;1287700.00;3108;125662;830.00;420.00;1250.00;42;83;0.00;0.00;0;0
1396968851;h1-eth1;1251961.60;29884.62;1281846.21;3108;130204;826.92;403.85;1230.77;42;86;0.00;0.00;0;0
1396968851;total;1264116.57;30174.76;1294291.32;3108;130204;834.95;407.77;1242.72;42;86;0.00;0.00;0;0
1396968851;h1-eth1;1256620.00;31820.00;1288440.00;3182;125662;830.00;430.00;1260.00;43;83;0.00;0.00;0;0
1396968851;total;1256620.00;31820.00;1288440.00;3182;125662;830.00;430.00;1260.00;43;83;0.00;0.00;0;0
1396968851;h1-eth1;1256620.00;30340.00;1286960.00;3034;125662;830.00;410.00;1240.00;41;83;0.00;0.00;0;0
1396968851;total;1256620.00;30340.00;1286960.00;3034;125662;830.00;410.00;1240.00;41;83;0.00;0.00;0;0
1396968851;h1-eth1;1256620.00;30340.00;1286960.00;3034;125662;830.00;410.00;1240.00;41;83;0.00;0.00;0;0
1396968851;total;1256620.00;30340.00;1286960.00;3034;125662;830.00;410.00;1240.00;41;83;0.00;0.00;0;0
1396968852;h1-eth1;1229188.17;31504.95;1260693.12;3182;124148;811.88;425.74;1237.62;43;82;0.00;0.00;0;0
1396968852;total;1229188.17;31504.95;1260693.12;3182;124148;811.88;425.74;1237.62;43;82;0.00;0.00;0;0
1396968852;h1-eth1;1259168.37;30039.61;1289207.97;3034;127176;831.68;405.94;1237.62;41;84;0.00;0.00;0;0
1396968852;total;1259168.37;30039.61;1289207.97;3034;127176;831.68;405.94;1237.62;41;84;0.00;0.00;0;0
1396968852;h1-eth1;1271760.00;31080.00;1302840.00;3108;127176;840.00;420.00;1260.00;42;84;0.00;0.00;0;0
1396968852;total;1271760.00;31080.00;1302840.00;3108;127176;840.00;420.00;1260.00;42;84;0.00;0.00;0;0
1396968852;h1-eth1;1256620.00;31080.00;1287700.00;3108;125662;830.00;420.00;1250.00;42;83;0.00;0.00;0;0
1396968852;total;1256620.00;31080.00;1287700.00;3108;125662;830.00;420.00;1250.00;42;83;0.00;0.00;0;0
1396968852;h1-eth1;1256620.00;31080.00;1287700.00;3108;125662;830.00;420.00;1250.00;42;83;0.00;0.00;0;0
1396968852;total;1256620.00;31080.00;1287700.00;3108;125662;830.00;420.00;1250.00;42;83;0.00;0.00;0;0
1396968852;h1-eth1;1256620.00;31820.00;1288440.00;3182;125662;830.00;430.00;1260.00;43;83;0.00;0.00;0;0
1396968852;total;1256620.00;31820.00;1288440.00;3182;125662;830.00;430.00;1260.00;43;83;0.00;0.00;0;0
1396968852;h1-eth1;1196060.00;30340.00;1226400.00;3034;119606;790.00;410.00;1200.00;41;79;0.00;0.00;0;0
1396968852;total;1196060.00;30340.00;1226400.00;3034;119606;790.00;410.00;1200.00;41;79;0.00;0.00;0;0
1396968852;h1-eth1;1256620.00;29600.00;1286220.00;2960;125662;830.00;400.00;1230.00;40;83;0.00;0.00;0;0
1396968852;total;1256620.00;29600.00;1286220.00;2960;125662;830.00;400.00;1230.00;40;83;0.00;0.00;0;0
1396968852;h1-eth1;1241480.00;30340.00;1271820.00;3034;124148;820.00;410.00;1230.00;41;82;0.00;0.00;0;0
1396968852;total;1241480.00;30340.00;1271820.00;3034;124148;820.00;410.00;1230.00;41;82;0.00;0.00;0;0
1396968852;h1-eth1;1241480.00;31080.00;1272560.00;3108;124148;820.00;420.00;1240.00;42;82;0.00;0.00;0;0
1396968852;total;1241480.00;31080.00;1272560.00;3108;124148;820.00;420.00;1240.00;42;82;0.00;0.00;0;0
1396968853;h1-eth1;1244178.27;30772.28;1274950.54;3108;125662;821.78;415.84;1237.62;42;83;0.00;0.00;0;0
1396968853;total;1244178.27;30772.28;1274950.54;3108;125662;821.78;415.84;1237.62;42;83;0.00;0.00;0;0
1396968853;h1-eth1;1256620.00;31080.00;1287700.00;3108;125662;830.00;420.00;1250.00;42;83;0.00;0.00;0;0
1396968853;total;1256620.00;31080.00;1287700.00;3108;125662;830.00;420.00;1250.00;42;83;0.00;0.00;0;0
1396968853;h1-eth1;1259168.37;30772.28;1289940.64;3108;127176;831.68;415.84;1247.52;42;84;0.00;0.00;0;0
1396968853;total;1259168.37;30772.28;1289940.64;3108;127176;831.68;415.84;1247.52;42;84;0.00;0.00;0;0
1396968853;h1-eth1;1256620.00;30340.00;1286960.00;3034;125662;830.00;410.00;1240.00;41;83;0.00;0.00;0;0
1396968853;total;1256620.00;30340.00;1286960.00;3034;125662;830.00;410.00;1240.00;41;83;0.00;0.00;0;0
1396968853;h1-eth1;1244178.27;30772.28;1274950.54;3108;125662;821.78;415.84;1237.62;42;83;0.00;0.00;0;0
1396968853;total;1244178.27;30772.28;1274950.54;3108;125662;821.78;415.84;1237.62;42;83;0.00;0.00;0;0
1396968853;h1-eth1;1256620.00;32240.00;1288860.00;3224;125662;830.00;440.00;1270.00;44;83;0.00;0.00;0;0
1396968853;total;1256620.00;32240.00;1288860.00;3224;125662;830.00;440.00;1270.00;44;83;0.00;0.00;0;0
1396968853;h1-eth1;1256620.00;31080.00;1287700.00;3108;125662;830.00;420.00;1250.00;42;83;0.00;0.00;0;0
1396968853;total;1256620.00;31080.00;1287700.00;3108;125662;830.00;420.00;1250.00;42;83;0.00;0.00;0;0
1396968853;h1-eth1;1256620.00;31820.00;1288440.00;3182;125662;830.00;430.00;1260.00;43;83;0.00;0.00;0;0
1396968853;total;1256620.00;31820.00;1288440.00;3182;125662;830.00;430.00;1260.00;43;83;0.00;0.00;0;0
1396968853;h1-eth1;1259168.37;30039.61;1289207.97;3034;127176;831.68;405.94;1237.62;41;84;0.00;0.00;0;0
1396968853;total;1259168.37;30039.61;1289207.97;3034;127176;831.68;405.94;1237.62;41;84;0.00;0.00;0;0
1396968853;h1-eth1;1256620.00;31080.00;1287700.00;3108;125662;830.00;420.00;1250.00;42;83;0.00;0.00;0;0
1396968853;total;1256620.00;31080.00;1287700.00;3108;125662;830.00;420.00;1250.00;42;83;0.00;0.00;0;0
1396968854;h1-eth1;1244178.27;30039.61;1274217.87;3034;125662;821.78;405.94;1227.72;41;83;0.00;0.00;0;0
1396968854;total;1244178.27;30039.61;1274217.87;3034;125662;821.78;405.94;1227.72;41;83;0.00;0.00;0;0
1396968854;h1-eth1;1256620.00;31820.00;1288440.00;3182;125662;830.00;430.00;1260.00;43;83;0.00;0.00;0;0
1396968854;total;1256620.00;31820.00;1288440.00;3182;125662;830.00;430.00;1260.00;43;83;0.00;0.00;0;0
1396968854;h1-eth1;1259168.37;31504.95;1290673.32;3182;127176;831.68;425.74;1257.43;43;84;0.00;0.00;0;0
1396968854;total;1259168.37;31504.95;1290673.32;3182;127176;831.68;425.74;1257.43;43;84;0.00;0.00;0;0
1396968854;h1-eth1;1256620.00;30340.00;1286960.00;3034;125662;830.00;410.00;1240.00;41;83;0.00;0.00;0;0
1396968854;total;1256620.00;30340.00;1286960.00;3034;125662;830.00;410.00;1240.00;41;83;0.00;0.00;0;0
1396968854;h1-eth1;1244178.27;31504.95;1275683.22;3182;125662;821.78;425.74;1247.52;43;83;0.00;0.00;0;0
1396968854;total;1244178.27;31504.95;1275683.22;3182;125662;821.78;425.74;1247.52;43;83;0.00;0.00;0;0
1396968854;h1-eth1;1256620.00;30760.00;1287380.00;3076;125662;830.00;420.00;1250.00;42;83;0.00;0.00;0;0
1396968854;total;1256620.00;30760.00;1287380.00;3076;125662;830.00;420.00;1250.00;42;83;0.00;0.00;0;0
1396968854;h1-eth1;1257040.00;31080.00;1288120.00;3108;125704;840.00;420.00;1260.00;42;84;0.00;0.00;0;0
1396968854;total;1257040.00;31080.00;1288120.00;3108;125704;840.00;420.00;1260.00;42;84;0.00;0.00;0;0
1396968854;h1-eth1;1256620.00;31080.00;1287700.00;3108;125662;830.00;420.00;1250.00;42;83;0.00;0.00;0;0
1396968854;total;1256620.00;31080.00;1287700.00;3108;125662;830.00;420.00;1250.00;42;83;0.00;0.00;0;0
1396968854;h1-eth1;1241480.00;30340.00;1271820.00;3034;124148;820.00;410.00;1230.00;41;82;0.00;0.00;0;0
1396968854;total;1241480.00;30340.00;1271820.00;3034;124148;820.00;410.00;1230.00;41;82;0.00;0.00;0;0
1396968854;h1-eth1;1244178.27;30772.28;1274950.54;3108;125662;821.78;415.84;1237.62;42;83;0.00;0.00;0;0
1396968854;total;1244178.27;30772.28;1274950.54;3108;125662;821.78;415.84;1237.62;42;83;0.00;0.00;0;0
1396968855;h1-eth1;1256620.00;31820.00;1288440.00;3182;125662;830.00;430.00;1260.00;43;83;0.00;0.00;0;0
1396968855;total;1256620.00;31820.00;1288440.00;3182;125662;830.00;430.00;1260.00;43;83;0.00;0.00;0;0
1396968855;h1-eth1;1256620.00;30340.00;1286960.00;3034;125662;830.00;410.00;1240.00;41;83;0.00;0.00;0;0
1396968855;total;1256620.00;30340.00;1286960.00;3034;125662;830.00;410.00;1240.00;41;83;0.00;0.00;0;0
1396968855;h1-eth1;1244178.27;30772.28;1274950.54;3108;125662;821.78;415.84;1237.62;42;83;0.00;0.00;0;0
1396968855;total;1244178.27;30772.28;1274950.54;3108;125662;821.78;415.84;1237.62;42;83;0.00;0.00;0;0
1396968855;h1-eth1;1259168.37;31504.95;1290673.32;3182;127176;831.68;425.74;1257.43;43;84;0.00;0.00;0;0
1396968855;total;1259168.37;31504.95;1290673.32;3182;127176;831.68;425.74;1257.43;43;84;0.00;0.00;0;0
1396968855;h1-eth1;1256620.00;31820.00;1288440.00;3182;125662;830.00;430.00;1260.00;43;83;0.00;0.00;0;0
1396968855;total;1256620.00;31820.00;1288440.00;3182;125662;830.00;430.00;1260.00;43;83;0.00;0.00;0;0
1396968855;h1-eth1;1256620.00;31080.00;1287700.00;3108;125662;830.00;420.00;1250.00;42;83;0.00;0.00;0;0
1396968855;total;1256620.00;31080.00;1287700.00;3108;125662;830.00;420.00;1250.00;42;83;0.00;0.00;0;0
1396968855;h1-eth1;1257040.00;30340.00;1287380.00;3034;125704;840.00;410.00;1250.00;41;84;0.00;0.00;0;0
1396968855;total;1257040.00;30340.00;1287380.00;3034;125704;840.00;410.00;1250.00;41;84;0.00;0.00;0;0
1396968855;h1-eth1;1256620.00;31080.00;1287700.00;3108;125662;830.00;420.00;1250.00;42;83;0.00;0.00;0;0
1396968855;total;1256620.00;31080.00;1287700.00;3108;125662;830.00;420.00;1250.00;42;83;0.00;0.00;0;0
1396968855;h1-eth1;1256620.00;31080.00;1287700.00;3108;125662;830.00;420.00;1250.00;42;83;0.00;0.00;0;0
1396968855;total;1256620.00;31080.00;1287700.00;3108;125662;830.00;420.00;1250.00;42;83;0.00;0.00;0;0
1396968856;h1-eth1;1229188.17;30039.61;1259227.77;3034;124148;811.88;405.94;1217.82;41;82;0.00;0.00;0;0
1396968856;total;1229188.17;30039.61;1259227.77;3034;124148;811.88;405.94;1217.82;41;82;0.00;0.00;0;0
1396968856;h1-eth1;1256620.00;31080.00;1287700.00;3108;125662;830.00;420.00;1250.00;42;83;0.00;0.00;0;0
1396968856;total;1256620.00;31080.00;1287700.00;3108;125662;830.00;420.00;1250.00;42;83;0.00;0.00;0;0
1396968856;h1-eth1;1271760.00;30340.00;1302100.00;3034;127176;840.00;410.00;1250.00;41;84;0.00;0.00;0;0
1396968856;total;1271760.00;30340.00;1302100.00;3034;127176;840.00;410.00;1250.00;41;84;0.00;0.00;0;0
1396968856;h1-eth1;1241480.00;30340.00;1271820.00;3034;124148;820.00;410.00;1230.00;41;82;0.00;0.00;0;0
1396968856;total;1241480.00;30340.00;1271820.00;3034;124148;820.00;410.00;1230.00;41;82;0.00;0.00;0;0
1396968856;h1-eth1;1256620.00;31080.00;1287700.00;3108;125662;830.00;420.00;1250.00;42;83;0.00;0.00;0;0
1396968856;total;1256620.00;31080.00;1287700.00;3108;125662;830.00;420.00;1250.00;42;83;0.00;0.00;0;0
1396968856;h1-eth1;1259168.37;30772.28;1289940.64;3108;127176;831.68;415.84;1247.52;42;84;0.00;0.00;0;0
1396968856;total;1259168.37;30772.28;1289940.64;3108;127176;831.68;415.84;1247.52;42;84;0.00;0.00;0;0
1396968856;h1-eth1;1244178.27;31504.95;1275683.22;3182;125662;821.78;425.74;1247.52;43;83;0.00;0.00;0;0
1396968856;total;1244178.27;31504.95;1275683.22;3182;125662;821.78;425.74;1247.52;43;83;0.00;0.00;0;0
1396968856;h1-eth1;1256620.00;31820.00;1288440.00;3182;125662;830.00;430.00;1260.00;43;83;0.00;0.00;0;0
1396968856;total;1256620.00;31820.00;1288440.00;3182;125662;830.00;430.00;1260.00;43;83;0.00;0.00;0;0
1396968856;h1-eth1;1241480.00;30340.00;1271820.00;3034;124148;820.00;410.00;1230.00;41;82;0.00;0.00;0;0
1396968856;total;1241480.00;30340.00;1271820.00;3034;124148;820.00;410.00;1230.00;41;82;0.00;0.00;0;0
1396968856;h1-eth1;1256620.00;31080.00;1287700.00;3108;125662;830.00;420.00;1250.00;42;83;0.00;0.00;0;0
1396968856;total;1256620.00;31080.00;1287700.00;3108;125662;830.00;420.00;1250.00;42;83;0.00;0.00;0;0
1396968857;h1-eth1;1244178.27;30039.61;1274217.87;3034;125662;821.78;405.94;1227.72;41;83;0.00;0.00;0;0
1396968857;total;1244178.27;30039.61;1274217.87;3034;125662;821.78;405.94;1227.72;41;83;0.00;0.00;0;0
1396968857;h1-eth1;1256620.00;31080.00;1287700.00;3108;125662;830.00;420.00;1250.00;42;83;0.00;0.00;0;0
1396968857;total;1256620.00;31080.00;1287700.00;3108;125662;830.00;420.00;1250.00;42;83;0.00;0.00;0;0
1396968857;h1-eth1;1259168.37;31504.95;1290673.32;3182;127176;831.68;425.74;1257.43;43;84;0.00;0.00;0;0
1396968857;total;1259168.37;31504.95;1290673.32;3182;127176;831.68;425.74;1257.43;43;84;0.00;0.00;0;0
1396968857;h1-eth1;1256620.00;31080.00;1287700.00;3108;125662;830.00;420.00;1250.00;42;83;0.00;0.00;0;0
1396968857;total;1256620.00;31080.00;1287700.00;3108;125662;830.00;420.00;1250.00;42;83;0.00;0.00;0;0
1396968857;h1-eth1;1244178.27;30039.61;1274217.87;3034;125662;821.78;405.94;1227.72;41;83;0.00;0.00;0;0
1396968857;total;1231980.41;29745.10;1261725.51;3034;125662;813.73;401.96;1215.69;41;83;0.00;0.00;0;0
1396968857;h1-eth1;1249417.54;30174.76;1279592.29;3108;128690;825.24;407.77;1233.01;42;85;0.00;0.00;0;0
1396968857;total;1261666.68;30470.59;1292137.27;3108;128690;833.33;411.76;1245.10;42;85;0.00;0.00;0;0
1396968857;h1-eth1;1271760.00;31820.00;1303580.00;3182;127176;840.00;430.00;1270.00;43;84;0.00;0.00;0;0
1396968857;total;1271760.00;31820.00;1303580.00;3182;127176;840.00;430.00;1270.00;43;84;0.00;0.00;0;0
1396968857;h1-eth1;1256620.00;30340.00;1286960.00;3034;125662;830.00;410.00;1240.00;41;83;0.00;0.00;0;0
1396968857;total;1256620.00;30340.00;1286960.00;3034;125662;830.00;410.00;1240.00;41;83;0.00;0.00;0;0
1396968857;h1-eth1;1256620.00;31080.00;1287700.00;3108;125662;830.00;420.00;1250.00;42;83;0.00;0.00;0;0
1396968857;total;1256620.00;31080.00;1287700.00;3108;125662;830.00;420.00;1250.00;42;83;0.00;0.00;0;0
1396968857;h1-eth1;1256620.00;30340.00;1286960.00;3034;125662;830.00;410.00;1240.00;41;83;0.00;0.00;0;0
1396968857;total;1256620.00;30340.00;1286960.00;3034;125662;830.00;410.00;1240.00;41;83;0.00;0.00;0;0
1396968858;h1-eth1;1244178.27;30039.61;1274217.87;3034;125662;821.78;405.94;1227.72;41;83;0.00;0.00;0;0
1396968858;total;1244178.27;30039.61;1274217.87;3034;125662;821.78;405.94;1227.72;41;83;0.00;0.00;0;0
1396968858;h1-eth1;1220019.48;30893.21;1250912.68;3182;125662;805.83;417.48;1223.30;43;83;0.00;0.00;0;0
1396968858;total;1220019.48;30893.21;1250912.68;3182;125662;805.83;417.48;1223.30;43;83;0.00;0.00;0;0
1396968858;h1-eth1;1259168.37;30772.28;1289940.64;3108;127176;831.68;415.84;1247.52;42;84;0.00;0.00;0;0
1396968858;total;1259168.37;30772.28;1289940.64;3108;127176;831.68;415.84;1247.52;42;84;0.00;0.00;0;0
1396968858;h1-eth1;1211200.00;28860.00;1240060.00;2886;121120;800.00;390.00;1190.00;39;80;0.00;0.00;0;0
1396968858;total;1211200.00;28860.00;1240060.00;2886;121120;800.00;390.00;1190.00;39;80;0.00;0.00;0;0
1396968858;h1-eth1;1256620.00;31820.00;1288440.00;3182;125662;830.00;430.00;1260.00;43;83;0.00;0.00;0;0
1396968858;total;1256620.00;31820.00;1288440.00;3182;125662;830.00;430.00;1260.00;43;83;0.00;0.00;0;0
1396968858;h1-eth1;1256620.00;31080.00;1287700.00;3108;125662;830.00;420.00;1250.00;42;83;0.00;0.00;0;0
1396968858;total;1256620.00;31080.00;1287700.00;3108;125662;830.00;420.00;1250.00;42;83;0.00;0.00;0;0
1396968858;h1-eth1;1241480.00;30340.00;1271820.00;3034;124148;820.00;410.00;1230.00;41;82;0.00;0.00;0;0
1396968858;total;1241480.00;30340.00;1271820.00;3034;124148;820.00;410.00;1230.00;41;82;0.00;0.00;0;0
1396968858;h1-eth1;1256620.00;30340.00;1286960.00;3034;125662;830.00;410.00;1240.00;41;83;0.00;0.00;0;0
1396968858;total;1256620.00;30340.00;1286960.00;3034;125662;830.00;410.00;1240.00;41;83;0.00;0.00;0;0
1396968858;h1-eth1;1256620.00;31080.00;1287700.00;3108;125662;830.00;420.00;1250.00;42;83;0.00;0.00;0;0
1396968858;total;1256620.00;31080.00;1287700.00;3108;125662;830.00;420.00;1250.00;42;83;0.00;0.00;0;0
1396968858;h1-eth1;1256620.00;31820.00;1288440.00;3182;125662;830.00;430.00;1260.00;43;83;0.00;0.00;0;0
1396968858;total;1256620.00;31820.00;1288440.00;3182;125662;830.00;430.00;1260.00;43;83;0.00;0.00;0;0
1396968859;h1-eth1;1229188.17;30039.61;1259227.77;3034;124148;811.88;405.94;1217.82;41;82;0.00;0.00;0;0
1396968859;total;1229188.17;30039.61;1259227.77;3034;124148;811.88;405.94;1217.82;41;82;0.00;0.00;0;0
1396968859;h1-eth1;1246823.55;30470.59;1277294.13;3108;127176;823.53;411.76;1235.29;42;84;0.00;0.00;0;0
1396968859;total;1246823.55;30470.59;1277294.13;3108;127176;823.53;411.76;1235.29;42;84;0.00;0.00;0;0
1396968859;h1-eth1;1256620.00;31080.00;1287700.00;3108;125662;830.00;420.00;1250.00;42;83;0.00;0.00;0;0
1396968859;total;1256620.00;31080.00;1287700.00;3108;125662;830.00;420.00;1250.00;42;83;0.00;0.00;0;0
1396968859;h1-eth1;1244178.27;30039.61;1274217.87;3034;125662;821.78;405.94;1227.72;41;83;0.00;0.00;0;0
1396968859;total;1244178.27;30039.61;1274217.87;3034;125662;821.78;405.94;1227.72;41;83;0.00;0.00;0;0
1396968859;h1-eth1;1256620.00;31080.00;1287700.00;3108;125662;830.00;420.00;1250.00;42;83;0.00;0.00;0;0
1396968859;total;1196780.94;29600.00;1226380.94;3108;125662;790.48;400.00;1190.48;42;83;0.00;0.00;0;0
1396968859;h1-eth1;1254457.13;31009.52;1285466.65;3256;131718;828.57;419.05;1247.62;44;87;0.00;0.00;0;0
1396968859;total;1317180.00;32560.00;1349740.00;3256;131718;870.00;440.00;1310.00;44;87;0.00;0.00;0;0
1396968859;h1-eth1;1259168.37;30772.28;1289940.64;3108;127176;831.68;415.84;1247.52;42;84;0.00;0.00;0;0
1396968859;total;1259168.37;30772.28;1289940.64;3108;127176;831.68;415.84;1247.52;42;84;0.00;0.00;0;0
1396968859;h1-eth1;1211200.00;31080.00;1242280.00;3108;121120;800.00;420.00;1220.00;42;80;0.00;0.00;0;0
1396968859;total;1211200.00;31080.00;1242280.00;3108;121120;800.00;420.00;1220.00;42;80;0.00;0.00;0;0
1396968859;h1-eth1;1256620.00;30340.00;1286960.00;3034;125662;830.00;410.00;1240.00;41;83;0.00;0.00;0;0
1396968859;total;1256620.00;30340.00;1286960.00;3034;125662;830.00;410.00;1240.00;41;83;0.00;0.00;0;0
1396968859;h1-eth1;1244178.27;30039.61;1274217.87;3034;125662;821.78;405.94;1227.72;41;83;0.00;0.00;0;0
1396968859;total;1244178.27;30039.61;1274217.87;3034;125662;821.78;405.94;1227.72;41;83;0.00;0.00;0;0
1396968860;h1-eth1;1244178.27;30772.28;1274950.54;3108;125662;821.78;415.84;1237.62;42;83;0.00;0.00;0;0
1396968860;total;1244178.27;30772.28;1274950.54;3108;125662;821.78;415.84;1237.62;42;83;0.00;0.00;0;0
1396968860;h1-eth1;1256620.00;30340.00;1286960.00;3034;125662;830.00;410.00;1240.00;41;83;0.00;0.00;0;0
1396968860;total;1256620.00;30340.00;1286960.00;3034;125662;830.00;410.00;1240.00;41;83;0.00;0.00;0;0
1396968860;h1-eth1;1256620.00;31080.00;1287700.00;3108;125662;830.00;420.00;1250.00;42;83;0.00;0.00;0;0
1396968860;total;1256620.00;31080.00;1287700.00;3108;125662;830.00;420.00;1250.00;42;83;0.00;0.00;0;0
1396968860;h1-eth1;1256620.00;31080.00;1287700.00;3108;125662;830.00;420.00;1250.00;42;83;0.00;0.00;0;0
1396968860;total;1256620.00;31080.00;1287700.00;3108;125662;830.00;420.00;1250.00;42;83;0.00;0.00;0;0
1396968860;h1-eth1;1259168.37;30039.61;1289207.97;3034;127176;831.68;405.94;1237.62;41;84;0.00;0.00;0;0
1396968860;total;1259168.37;30039.61;1289207.97;3034;127176;831.68;405.94;1237.62;41;84;0.00;0.00;0;0
