1396967442;sv_mp1-eth0;0.00;0.00;0.00;0;0;0.00;0.00;0.00;0;0;0.00;0.00;0;0
1396967442;total;0.00;0.00;0.00;0;0;0.00;0.00;0.00;0;0;0.00;0.00;0;0
1396967442;sv_mp1-eth0;1280.00;1280.00;2560.00;128;128;20.00;20.00;40.00;2;2;0.00;0.00;0;0
1396967442;total;1280.00;1280.00;2560.00;128;128;20.00;20.00;40.00;2;2;0.00;0.00;0;0
1396967442;sv_mp1-eth0;21220.00;441600.00;462820.00;44160;2122;290.00;320.00;610.00;32;29;0.00;0.00;0;0
1396967442;total;21220.00;441600.00;462820.00;44160;2122;290.00;320.00;610.00;32;29;0.00;0.00;0;0
1396967442;sv_mp1-eth0;34200.00;1243240.00;1277440.00;124324;3420;460.00;840.00;1300.00;84;46;0.00;0.00;0;0
1396967442;total;34200.00;1243240.00;1277440.00;124324;3420;460.00;840.00;1300.00;84;46;0.00;0.00;0;0
1396967442;sv_mp1-eth0;34780.00;1257460.00;1292240.00;125746;3478;470.00;850.00;1320.00;85;47;0.00;0.00;0;0
1396967442;total;34780.00;1257460.00;1292240.00;125746;3478;470.00;850.00;1320.00;85;47;0.00;0.00;0;0
1396967442;sv_mp1-eth0;39220.00;1256620.00;1295840.00;125662;3922;530.00;830.00;1360.00;83;53;0.00;0.00;0;0
1396967442;total;39220.00;1256620.00;1295840.00;125662;3922;530.00;830.00;1360.00;83;53;0.00;0.00;0;0
1396967442;sv_mp1-eth0;44400.00;1256620.00;1301020.00;125662;4440;600.00;830.00;1430.00;83;60;0.00;0.00;0;0
1396967442;total;44400.00;1256620.00;1301020.00;125662;4440;600.00;830.00;1430.00;83;60;0.00;0.00;0;0
1396967442;sv_mp1-eth0;31080.00;1256620.00;1287700.00;125662;3108;420.00;830.00;1250.00;83;42;0.00;0.00;0;0
1396967442;total;31080.00;1256620.00;1287700.00;125662;3108;420.00;830.00;1250.00;83;42;0.00;0.00;0;0
1396967442;sv_mp1-eth0;31080.00;1256620.00;1287700.00;125662;3108;420.00;830.00;1250.00;83;42;0.00;0.00;0;0
1396967442;total;31080.00;1256620.00;1287700.00;125662;3108;420.00;830.00;1250.00;83;42;0.00;0.00;0;0
1396967443;sv_mp1-eth0;35900.99;1244178.27;1280079.26;125662;3626;485.15;821.78;1306.93;83;49;0.00;0.00;0;0
1396967443;total;35900.99;1244178.27;1280079.26;125662;3626;485.15;821.78;1306.93;83;49;0.00;0.00;0;0
1396967443;sv_mp1-eth0;31080.00;1256620.00;1287700.00;125662;3108;420.00;830.00;1250.00;83;42;0.00;0.00;0;0
1396967443;total;31080.00;1256620.00;1287700.00;125662;3108;420.00;830.00;1250.00;83;42;0.00;0.00;0;0
1396967443;sv_mp1-eth0;31080.00;1256620.00;1287700.00;125662;3108;420.00;830.00;1250.00;83;42;0.00;0.00;0;0
1396967443;total;31080.00;1256620.00;1287700.00;125662;3108;420.00;830.00;1250.00;83;42;0.00;0.00;0;0
1396967443;sv_mp1-eth0;31820.00;1256620.00;1288440.00;125662;3182;430.00;830.00;1260.00;83;43;0.00;0.00;0;0
1396967443;total;31820.00;1256620.00;1288440.00;125662;3182;430.00;830.00;1260.00;83;43;0.00;0.00;0;0
1396967443;sv_mp1-eth0;28860.00;1256620.00;1285480.00;125662;2886;390.00;830.00;1220.00;83;39;0.00;0.00;0;0
1396967443;total;28860.00;1256620.00;1285480.00;125662;2886;390.00;830.00;1220.00;83;39;0.00;0.00;0;0
1396967443;sv_mp1-eth0;56980.00;1256620.00;1313600.00;125662;5698;770.00;830.00;1600.00;83;77;0.00;0.00;0;0
1396967443;total;56980.00;1256620.00;1313600.00;125662;5698;770.00;830.00;1600.00;83;77;0.00;0.00;0;0
1396967443;sv_mp1-eth0;61420.00;1256620.00;1318040.00;125662;6142;830.00;830.00;1660.00;83;83;0.00;0.00;0;0
1396967443;total;61420.00;1256620.00;1318040.00;125662;6142;830.00;830.00;1660.00;83;83;0.00;0.00;0;0
1396967443;sv_mp1-eth0;38480.00;1271760.00;1310240.00;127176;3848;520.00;840.00;1360.00;84;52;0.00;0.00;0;0
1396967443;total;38480.00;1271760.00;1310240.00;127176;3848;520.00;840.00;1360.00;84;52;0.00;0.00;0;0
1396967443;sv_mp1-eth0;33300.00;1256620.00;1289920.00;125662;3330;450.00;830.00;1280.00;83;45;0.00;0.00;0;0
1396967443;total;33300.00;1256620.00;1289920.00;125662;3330;450.00;830.00;1280.00;83;45;0.00;0.00;0;0
1396967443;sv_mp1-eth0;31080.00;1256620.00;1287700.00;125662;3108;420.00;830.00;1250.00;83;42;0.00;0.00;0;0
1396967443;total;31080.00;1256620.00;1287700.00;125662;3108;420.00;830.00;1250.00;83;42;0.00;0.00;0;0
1396967444;sv_mp1-eth0;30772.28;1244178.27;1274950.54;125662;3108;415.84;821.78;1237.62;83;42;0.00;0.00;0;0
1396967444;total;30772.28;1244178.27;1274950.54;125662;3108;415.84;821.78;1237.62;83;42;0.00;0.00;0;0
1396967444;sv_mp1-eth0;31080.00;1256620.00;1287700.00;125662;3108;420.00;830.00;1250.00;83;42;0.00;0.00;0;0
1396967444;total;28513.76;1152862.35;1181376.11;125662;3108;385.32;761.47;1146.79;83;42;0.00;0.00;0;0
1396967444;sv_mp1-eth0;29600.00;1252490.90;1282090.90;137774;3256;400.00;827.27;1227.27;91;44;0.00;0.00;0;0
1396967444;total;32237.63;1364099.06;1396336.69;137774;3256;435.64;900.99;1336.63;91;44;0.00;0.00;0;0
1396967444;sv_mp1-eth0;31820.00;1256620.00;1288440.00;125662;3182;430.00;830.00;1260.00;83;43;0.00;0.00;0;0
1396967444;total;31820.00;1256620.00;1288440.00;125662;3182;430.00;830.00;1260.00;83;43;0.00;0.00;0;0
1396967444;sv_mp1-eth0;31611.65;1234718.51;1266330.16;127176;3256;427.18;815.53;1242.72;84;44;0.00;0.00;0;0
1396967444;total;31611.65;1234718.51;1266330.16;127176;3256;427.18;815.53;1242.72;84;44;0.00;0.00;0;0
1396967444;sv_mp1-eth0;43660.00;1271760.00;1315420.00;127176;4366;590.00;840.00;1430.00;84;59;0.00;0.00;0;0
1396967444;total;43660.00;1271760.00;1315420.00;127176;4366;590.00;840.00;1430.00;84;59;0.00;0.00;0;0
1396967444;sv_mp1-eth0;30340.00;1256620.00;1286960.00;125662;3034;410.00;830.00;1240.00;83;41;0.00;0.00;0;0
1396967444;total;30340.00;1256620.00;1286960.00;125662;3034;410.00;830.00;1240.00;83;41;0.00;0.00;0;0
1396967444;sv_mp1-eth0;31080.00;1256620.00;1287700.00;125662;3108;420.00;830.00;1250.00;83;42;0.00;0.00;0;0
1396967444;total;31080.00;1256620.00;1287700.00;125662;3108;420.00;830.00;1250.00;83;42;0.00;0.00;0;0
1396967444;sv_mp1-eth0;39960.00;1256620.00;1296580.00;125662;3996;540.00;830.00;1370.00;83;54;0.00;0.00;0;0
1396967444;total;39960.00;1256620.00;1296580.00;125662;3996;540.00;830.00;1370.00;83;54;0.00;0.00;0;0
1396967445;sv_mp1-eth0;30772.28;1244178.27;1274950.54;125662;3108;415.84;821.78;1237.62;83;42;0.00;0.00;0;0
1396967445;total;30772.28;1244178.27;1274950.54;125662;3108;415.84;821.78;1237.62;83;42;0.00;0.00;0;0
1396967445;sv_mp1-eth0;30340.00;1256620.00;1286960.00;125662;3034;410.00;830.00;1240.00;83;41;0.00;0.00;0;0
1396967445;total;30340.00;1256620.00;1286960.00;125662;3034;410.00;830.00;1240.00;83;41;0.00;0.00;0;0
1396967445;sv_mp1-eth0;30340.00;1256620.00;1286960.00;125662;3034;410.00;830.00;1240.00;83;41;0.00;0.00;0;0
1396967445;total;30340.00;1256620.00;1286960.00;125662;3034;410.00;830.00;1240.00;83;41;0.00;0.00;0;0
1396967445;sv_mp1-eth0;47360.00;1256620.00;1303980.00;125662;4736;640.00;830.00;1470.00;83;64;0.00;0.00;0;0
1396967445;total;47360.00;1256620.00;1303980.00;125662;4736;640.00;830.00;1470.00;83;64;0.00;0.00;0;0
1396967445;sv_mp1-eth0;30772.28;1244178.27;1274950.54;125662;3108;415.84;821.78;1237.62;83;42;0.00;0.00;0;0
1396967445;total;30772.28;1244178.27;1274950.54;125662;3108;415.84;821.78;1237.62;83;42;0.00;0.00;0;0
1396967445;sv_mp1-eth0;31080.00;1256620.00;1287700.00;125662;3108;420.00;830.00;1250.00;83;42;0.00;0.00;0;0
1396967445;total;31080.00;1256620.00;1287700.00;125662;3108;420.00;830.00;1250.00;83;42;0.00;0.00;0;0
1396967445;sv_mp1-eth0;30340.00;1256620.00;1286960.00;125662;3034;410.00;830.00;1240.00;83;41;0.00;0.00;0;0
1396967445;total;30340.00;1256620.00;1286960.00;125662;3034;410.00;830.00;1240.00;83;41;0.00;0.00;0;0
1396967445;sv_mp1-eth0;36260.00;1256620.00;1292880.00;125662;3626;490.00;830.00;1320.00;83;49;0.00;0.00;0;0
1396967445;total;36260.00;1256620.00;1292880.00;125662;3626;490.00;830.00;1320.00;83;49;0.00;0.00;0;0
1396967445;sv_mp1-eth0;30340.00;1256620.00;1286960.00;125662;3034;410.00;830.00;1240.00;83;41;0.00;0.00;0;0
1396967445;total;30340.00;1256620.00;1286960.00;125662;3034;410.00;830.00;1240.00;83;41;0.00;0.00;0;0
1396967445;sv_mp1-eth0;31080.00;1256620.00;1287700.00;125662;3108;420.00;830.00;1250.00;83;42;0.00;0.00;0;0
1396967445;total;31080.00;1256620.00;1287700.00;125662;3108;420.00;830.00;1250.00;83;42;0.00;0.00;0;0
1396967446;sv_mp1-eth0;27108.91;1214198.07;1241306.98;122634;2738;366.34;801.98;1168.32;81;37;0.00;0.00;0;0
1396967446;total;27108.91;1214198.07;1241306.98;122634;2738;366.34;801.98;1168.32;81;37;0.00;0.00;0;0
1396967446;sv_mp1-eth0;37740.00;1256620.00;1294360.00;125662;3774;510.00;830.00;1340.00;83;51;0.00;0.00;0;0
1396967446;total;37740.00;1256620.00;1294360.00;125662;3774;510.00;830.00;1340.00;83;51;0.00;0.00;0;0
1396967446;sv_mp1-eth0;29173.08;1251961.60;1281134.67;130204;3034;394.23;826.92;1221.15;86;41;0.00;0.00;0;0
1396967446;total;29173.08;1251961.60;1281134.67;130204;3034;394.23;826.92;1221.15;86;41;0.00;0.00;0;0
1396967446;sv_mp1-eth0;29600.00;1256620.00;1286220.00;125662;2960;400.00;830.00;1230.00;83;40;0.00;0.00;0;0
1396967446;total;29600.00;1256620.00;1286220.00;125662;2960;400.00;830.00;1230.00;83;40;0.00;0.00;0;0
1396967446;sv_mp1-eth0;30340.00;1256620.00;1286960.00;125662;3034;410.00;830.00;1240.00;83;41;0.00;0.00;0;0
1396967446;total;30340.00;1256620.00;1286960.00;125662;3034;410.00;830.00;1240.00;83;41;0.00;0.00;0;0
1396967446;sv_mp1-eth0;34435.64;1244178.27;1278613.91;125662;3478;465.35;821.78;1287.13;83;47;0.00;0.00;0;0
1396967446;total;34435.64;1244178.27;1278613.91;125662;3478;465.35;821.78;1287.13;83;47;0.00;0.00;0;0
1396967446;sv_mp1-eth0;28120.00;1271760.00;1299880.00;127176;2812;380.00;840.00;1220.00;84;38;0.00;0.00;0;0
1396967446;total;28120.00;1271760.00;1299880.00;127176;2812;380.00;840.00;1220.00;84;38;0.00;0.00;0;0
1396967446;sv_mp1-eth0;30340.00;1256620.00;1286960.00;125662;3034;410.00;830.00;1240.00;83;41;0.00;0.00;0;0
1396967446;total;30340.00;1256620.00;1286960.00;125662;3034;410.00;830.00;1240.00;83;41;0.00;0.00;0;0
1396967446;sv_mp1-eth0;30340.00;1256620.00;1286960.00;125662;3034;410.00;830.00;1240.00;83;41;0.00;0.00;0;0
1396967446;total;30340.00;1256620.00;1286960.00;125662;3034;410.00;830.00;1240.00;83;41;0.00;0.00;0;0
1396967446;sv_mp1-eth0;37000.00;1256620.00;1293620.00;125662;3700;500.00;830.00;1330.00;83;50;0.00;0.00;0;0
1396967446;total;37000.00;1256620.00;1293620.00;125662;3700;500.00;830.00;1330.00;83;50;0.00;0.00;0;0
1396967447;sv_mp1-eth0;30772.28;1214198.07;1244970.35;122634;3108;415.84;801.98;1217.82;81;42;0.00;0.00;0;0
1396967447;total;30772.28;1214198.07;1244970.35;122634;3108;415.84;801.98;1217.82;81;42;0.00;0.00;0;0
1396967447;sv_mp1-eth0;31080.00;1271760.00;1302840.00;127176;3108;420.00;840.00;1260.00;84;42;0.00;0.00;0;0
1396967447;total;30772.28;1259168.37;1289940.64;127176;3108;415.84;831.68;1247.52;84;42;0.00;0.00;0;0
1396967447;sv_mp1-eth0;30772.28;1244178.27;1274950.54;125662;3108;415.84;821.78;1237.62;83;42;0.00;0.00;0;0
1396967447;total;30772.28;1244178.27;1274950.54;125662;3108;415.84;821.78;1237.62;83;42;0.00;0.00;0;0
1396967447;sv_mp1-eth0;31080.00;1256620.00;1287700.00;125662;3108;420.00;830.00;1250.00;83;42;0.00;0.00;0;0
1396967447;total;31080.00;1256620.00;1287700.00;125662;3108;420.00;830.00;1250.00;83;42;0.00;0.00;0;0
1396967447;sv_mp1-eth0;37740.00;1256620.00;1294360.00;125662;3774;510.00;830.00;1340.00;83;51;0.00;0.00;0;0
1396967447;total;37740.00;1256620.00;1294360.00;125662;3774;510.00;830.00;1340.00;83;51;0.00;0.00;0;0
1396967447;sv_mp1-eth0;27841.59;1244178.27;1272019.85;125662;2812;376.24;821.78;1198.02;83;38;0.00;0.00;0;0
1396967447;total;27841.59;1244178.27;1272019.85;125662;2812;376.24;821.78;1198.02;83;38;0.00;0.00;0;0
1396967447;sv_mp1-eth0;31820.00;1256620.00;1288440.00;125662;3182;430.00;830.00;1260.00;83;43;0.00;0.00;0;0
1396967447;total;31820.00;1256620.00;1288440.00;125662;3182;430.00;830.00;1260.00;83;43;0.00;0.00;0;0
1396967447;sv_mp1-eth0;30340.00;1256620.00;1286960.00;125662;3034;410.00;830.00;1240.00;83;41;0.00;0.00;0;0
1396967447;total;30340.00;1256620.00;1286960.00;125662;3034;410.00;830.00;1240.00;83;41;0.00;0.00;0;0
1396967447;sv_mp1-eth0;31080.00;1256620.00;1287700.00;125662;3108;420.00;830.00;1250.00;83;42;0.00;0.00;0;0
1396967447;total;31080.00;1256620.00;1287700.00;125662;3108;420.00;830.00;1250.00;83;42;0.00;0.00;0;0
1396967447;sv_mp1-eth0;39960.00;1256620.00;1296580.00;125662;3996;540.00;830.00;1370.00;83;54;0.00;0.00;0;0
1396967447;total;39960.00;1256620.00;1296580.00;125662;3996;540.00;830.00;1370.00;83;54;0.00;0.00;0;0
1396967448;sv_mp1-eth0;30772.28;1244178.27;1274950.54;125662;3108;415.84;821.78;1237.62;83;42;0.00;0.00;0;0
1396967448;total;30772.28;1244178.27;1274950.54;125662;3108;415.84;821.78;1237.62;83;42;0.00;0.00;0;0
1396967448;sv_mp1-eth0;30340.00;1241480.00;1271820.00;124148;3034;410.00;820.00;1230.00;82;41;0.00;0.00;0;0
1396967448;total;28895.24;1182361.89;1211257.13;124148;3034;390.48;780.95;1171.43;82;41;0.00;0.00;0;0
1396967448;sv_mp1-eth0;30596.16;1266519.29;1297115.44;131718;3182;413.46;836.54;1250.00;87;43;0.00;0.00;0;0
1396967448;total;31820.00;1317180.00;1349000.00;131718;3182;430.00;870.00;1300.00;87;43;0.00;0.00;0;0
1396967448;sv_mp1-eth0;30340.00;1256620.00;1286960.00;125662;3034;410.00;830.00;1240.00;83;41;0.00;0.00;0;0
1396967448;total;30340.00;1256620.00;1286960.00;125662;3034;410.00;830.00;1240.00;83;41;0.00;0.00;0;0
1396967448;sv_mp1-eth0;36260.00;1256620.00;1292880.00;125662;3626;490.00;830.00;1320.00;83;49;0.00;0.00;0;0
1396967448;total;36260.00;1256620.00;1292880.00;125662;3626;490.00;830.00;1320.00;83;49;0.00;0.00;0;0
1396967448;sv_mp1-eth0;31080.00;1256620.00;1287700.00;125662;3108;420.00;830.00;1250.00;83;42;0.00;0.00;0;0
1396967448;total;31080.00;1256620.00;1287700.00;125662;3108;420.00;830.00;1250.00;83;42;0.00;0.00;0;0
1396967448;sv_mp1-eth0;31080.00;1256620.00;1287700.00;125662;3108;420.00;830.00;1250.00;83;42;0.00;0.00;0;0
1396967448;total;31080.00;1256620.00;1287700.00;125662;3108;420.00;830.00;1250.00;83;42;0.00;0.00;0;0
1396967448;sv_mp1-eth0;31080.00;1256620.00;1287700.00;125662;3108;420.00;830.00;1250.00;83;42;0.00;0.00;0;0
1396967448;total;31080.00;1256620.00;1287700.00;125662;3108;420.00;830.00;1250.00;83;42;0.00;0.00;0;0
1396967448;sv_mp1-eth0;31080.00;1256620.00;1287700.00;125662;3108;420.00;830.00;1250.00;83;42;0.00;0.00;0;0
1396967448;total;31080.00;1256620.00;1287700.00;125662;3108;420.00;830.00;1250.00;83;42;0.00;0.00;0;0
1396967448;sv_mp1-eth0;31820.00;1241480.00;1273300.00;124148;3182;430.00;820.00;1250.00;82;43;0.00;0.00;0;0
1396967448;total;31820.00;1241480.00;1273300.00;124148;3182;430.00;820.00;1250.00;82;43;0.00;0.00;0;0
1396967449;sv_mp1-eth0;38831.68;1244178.27;1283009.95;125662;3922;524.75;821.78;1346.53;83;53;0.00;0.00;0;0
1396967449;total;38831.68;1244178.27;1283009.95;125662;3922;524.75;821.78;1346.53;83;53;0.00;0.00;0;0
1396967449;sv_mp1-eth0;30340.00;1256620.00;1286960.00;125662;3034;410.00;830.00;1240.00;83;41;0.00;0.00;0;0
1396967449;total;30340.00;1256620.00;1286960.00;125662;3034;410.00;830.00;1240.00;83;41;0.00;0.00;0;0
1396967449;sv_mp1-eth0;30340.00;1256620.00;1286960.00;125662;3034;410.00;830.00;1240.00;83;41;0.00;0.00;0;0
1396967449;total;30340.00;1256620.00;1286960.00;125662;3034;410.00;830.00;1240.00;83;41;0.00;0.00;0;0
1396967449;sv_mp1-eth0;31080.00;1256620.00;1287700.00;125662;3108;420.00;830.00;1250.00;83;42;0.00;0.00;0;0
1396967449;total;31080.00;1256620.00;1287700.00;125662;3108;420.00;830.00;1250.00;83;42;0.00;0.00;0;0
1396967449;sv_mp1-eth0;30340.00;1256620.00;1286960.00;125662;3034;410.00;830.00;1240.00;83;41;0.00;0.00;0;0
1396967449;total;30340.00;1256620.00;1286960.00;125662;3034;410.00;830.00;1240.00;83;41;0.00;0.00;0;0
1396967449;sv_mp1-eth0;38480.00;1256620.00;1295100.00;125662;3848;520.00;830.00;1350.00;83;52;0.00;0.00;0;0
1396967449;total;38480.00;1256620.00;1295100.00;125662;3848;520.00;830.00;1350.00;83;52;0.00;0.00;0;0
1396967449;sv_mp1-eth0;31820.00;1256620.00;1288440.00;125662;3182;430.00;830.00;1260.00;83;43;0.00;0.00;0;0
1396967449;total;31820.00;1256620.00;1288440.00;125662;3182;430.00;830.00;1260.00;83;43;0.00;0.00;0;0
1396967449;sv_mp1-eth0;31080.00;1241480.00;1272560.00;124148;3108;420.00;820.00;1240.00;82;42;0.00;0.00;0;0
1396967449;total;31080.00;1241480.00;1272560.00;124148;3108;420.00;820.00;1240.00;82;42;0.00;0.00;0;0
1396967449;sv_mp1-eth0;31080.00;1271760.00;1302840.00;127176;3108;420.00;840.00;1260.00;84;42;0.00;0.00;0;0
1396967449;total;31080.00;1271760.00;1302840.00;127176;3108;420.00;840.00;1260.00;84;42;0.00;0.00;0;0
1396967449;sv_mp1-eth0;31611.65;1234718.51;1266330.16;127176;3256;427.18;815.53;1242.72;84;44;0.00;0.00;0;0
1396967449;total;31611.65;1234718.51;1266330.16;127176;3256;427.18;815.53;1242.72;84;44;0.00;0.00;0;0
1396967450;sv_mp1-eth0;30772.28;1259168.37;1289940.64;127176;3108;415.84;831.68;1247.52;84;42;0.00;0.00;0;0
1396967450;total;30470.59;1246823.55;1277294.13;127176;3108;411.76;823.53;1235.29;84;42;0.00;0.00;0;0
1396967450;sv_mp1-eth0;36654.21;1259308.45;1295962.66;134746;3922;495.33;831.78;1327.10;89;53;0.00;0.00;0;0
1396967450;total;37000.00;1271188.63;1308188.62;134746;3922;500.00;839.62;1339.62;89;53;0.00;0.00;0;0
1396967450;sv_mp1-eth0;35168.32;1244178.27;1279346.58;125662;3552;475.25;821.78;1297.03;83;48;0.00;0.00;0;0
1396967450;total;35168.32;1244178.27;1279346.58;125662;3552;475.25;821.78;1297.03;83;48;0.00;0.00;0;0
1396967450;sv_mp1-eth0;31080.00;1256620.00;1287700.00;125662;3108;420.00;830.00;1250.00;83;42;0.00;0.00;0;0
1396967450;total;31080.00;1256620.00;1287700.00;125662;3108;420.00;830.00;1250.00;83;42;0.00;0.00;0;0
1396967450;sv_mp1-eth0;30470.59;1261666.68;1292137.27;128690;3108;411.76;833.33;1245.10;85;42;0.00;0.00;0;0
1396967450;total;30470.59;1261666.68;1292137.27;128690;3108;411.76;833.33;1245.10;85;42;0.00;0.00;0;0
1396967450;sv_mp1-eth0;30340.00;1241480.00;1271820.00;124148;3034;410.00;820.00;1230.00;82;41;0.00;0.00;0;0
1396967450;total;30340.00;1241480.00;1271820.00;124148;3034;410.00;820.00;1230.00;82;41;0.00;0.00;0;0
1396967450;sv_mp1-eth0;31820.00;1256620.00;1288440.00;125662;3182;430.00;830.00;1260.00;83;43;0.00;0.00;0;0
1396967450;total;31820.00;1256620.00;1288440.00;125662;3182;430.00;830.00;1260.00;83;43;0.00;0.00;0;0
1396967450;sv_mp1-eth0;30340.00;1271760.00;1302100.00;127176;3034;410.00;840.00;1250.00;84;41;0.00;0.00;0;0
1396967450;total;30340.00;1271760.00;1302100.00;127176;3034;410.00;840.00;1250.00;84;41;0.00;0.00;0;0
1396967450;sv_mp1-eth0;39960.00;1256620.00;1296580.00;125662;3996;540.00;830.00;1370.00;83;54;0.00;0.00;0;0
1396967450;total;39960.00;1256620.00;1296580.00;125662;3996;540.00;830.00;1370.00;83;54;0.00;0.00;0;0
1396967450;sv_mp1-eth0;31080.00;1256620.00;1287700.00;125662;3108;420.00;830.00;1250.00;83;42;0.00;0.00;0;0
1396967450;total;31080.00;1256620.00;1287700.00;125662;3108;420.00;830.00;1250.00;83;42;0.00;0.00;0;0
1396967451;sv_mp1-eth0;30039.61;1229188.17;1259227.77;124148;3034;405.94;811.88;1217.82;82;41;0.00;0.00;0;0
1396967451;total;30039.61;1229188.17;1259227.77;124148;3034;405.94;811.88;1217.82;82;41;0.00;0.00;0;0
1396967451;sv_mp1-eth0;30340.00;1256620.00;1286960.00;125662;3034;410.00;830.00;1240.00;83;41;0.00;0.00;0;0
1396967451;total;30340.00;1256620.00;1286960.00;125662;3034;410.00;830.00;1240.00;83;41;0.00;0.00;0;0
1396967451;sv_mp1-eth0;31080.00;1256620.00;1287700.00;125662;3108;420.00;830.00;1250.00;83;42;0.00;0.00;0;0
1396967451;total;31080.00;1256620.00;1287700.00;125662;3108;420.00;830.00;1250.00;83;42;0.00;0.00;0;0
1396967451;sv_mp1-eth0;31080.00;1256620.00;1287700.00;125662;3108;420.00;830.00;1250.00;83;42;0.00;0.00;0;0
1396967451;total;31080.00;1256620.00;1287700.00;125662;3108;420.00;830.00;1250.00;83;42;0.00;0.00;0;0
1396967451;sv_mp1-eth0;31080.00;1256620.00;1287700.00;125662;3108;420.00;830.00;1250.00;83;42;0.00;0.00;0;0
1396967451;total;31080.00;1256620.00;1287700.00;125662;3108;420.00;830.00;1250.00;83;42;0.00;0.00;0;0
1396967451;sv_mp1-eth0;42180.00;1256620.00;1298800.00;125662;4218;570.00;830.00;1400.00;83;57;0.00;0.00;0;0
1396967451;total;42180.00;1256620.00;1298800.00;125662;4218;570.00;830.00;1400.00;83;57;0.00;0.00;0;0
1396967451;sv_mp1-eth0;31080.00;1256620.00;1287700.00;125662;3108;420.00;830.00;1250.00;83;42;0.00;0.00;0;0
1396967451;total;31080.00;1256620.00;1287700.00;125662;3108;420.00;830.00;1250.00;83;42;0.00;0.00;0;0
1396967451;sv_mp1-eth0;31080.00;1256620.00;1287700.00;125662;3108;420.00;830.00;1250.00;83;42;0.00;0.00;0;0
1396967451;total;31080.00;1256620.00;1287700.00;125662;3108;420.00;830.00;1250.00;83;42;0.00;0.00;0;0
1396967451;sv_mp1-eth0;31080.00;1256620.00;1287700.00;125662;3108;420.00;830.00;1250.00;83;42;0.00;0.00;0;0
1396967451;total;31080.00;1256620.00;1287700.00;125662;3108;420.00;830.00;1250.00;83;42;0.00;0.00;0;0
1396967451;sv_mp1-eth0;30772.28;1244178.27;1274950.54;125662;3108;415.84;821.78;1237.62;83;42;0.00;0.00;0;0
1396967451;total;30772.28;1244178.27;1274950.54;125662;3108;415.84;821.78;1237.62;83;42;0.00;0.00;0;0
1396967452;sv_mp1-eth0;30039.61;1259168.37;1289207.97;127176;3034;405.94;831.68;1237.62;84;41;0.00;0.00;0;0
1396967452;total;29456.31;1234718.51;1264174.82;127176;3034;398.06;815.53;1213.59;84;41;0.00;0.00;0;0
1396967452;sv_mp1-eth0;31504.95;1259168.37;1290673.32;127176;3182;425.74;831.68;1257.43;84;43;0.00;0.00;0;0
1396967452;total;31820.00;1271760.00;1303580.00;127176;3182;430.00;840.00;1270.00;84;43;0.00;0.00;0;0
1396967452;sv_mp1-eth0;42920.00;1256620.00;1299540.00;125662;4292;580.00;830.00;1410.00;83;58;0.00;0.00;0;0
1396967452;total;42920.00;1256620.00;1299540.00;125662;4292;580.00;830.00;1410.00;83;58;0.00;0.00;0;0
1396967452;sv_mp1-eth0;31080.00;1256620.00;1287700.00;125662;3108;420.00;830.00;1250.00;83;42;0.00;0.00;0;0
1396967452;total;31080.00;1256620.00;1287700.00;125662;3108;420.00;830.00;1250.00;83;42;0.00;0.00;0;0
1396967452;sv_mp1-eth0;31080.00;1241480.00;1272560.00;124148;3108;420.00;820.00;1240.00;82;42;0.00;0.00;0;0
1396967452;total;31080.00;1241480.00;1272560.00;124148;3108;420.00;820.00;1240.00;82;42;0.00;0.00;0;0
1396967452;sv_mp1-eth0;30340.00;1256620.00;1286960.00;125662;3034;410.00;830.00;1240.00;83;41;0.00;0.00;0;0
1396967452;total;30340.00;1256620.00;1286960.00;125662;3034;410.00;830.00;1240.00;83;41;0.00;0.00;0;0
1396967452;sv_mp1-eth0;30340.00;1256620.00;1286960.00;125662;3034;410.00;830.00;1240.00;83;41;0.00;0.00;0;0
1396967452;total;30340.00;1256620.00;1286960.00;125662;3034;410.00;830.00;1240.00;83;41;0.00;0.00;0;0
1396967452;sv_mp1-eth0;30340.00;1256620.00;1286960.00;125662;3034;410.00;830.00;1240.00;83;41;0.00;0.00;0;0
1396967452;total;30340.00;1256620.00;1286960.00;125662;3034;410.00;830.00;1240.00;83;41;0.00;0.00;0;0
1396967452;sv_mp1-eth0;31504.95;1244178.27;1275683.22;125662;3182;425.74;821.78;1247.52;83;43;0.00;0.00;0;0
1396967452;total;31504.95;1244178.27;1275683.22;125662;3182;425.74;821.78;1247.52;83;43;0.00;0.00;0;0
1396967452;sv_mp1-eth0;30340.00;1271760.00;1302100.00;127176;3034;410.00;840.00;1250.00;84;41;0.00;0.00;0;0
1396967452;total;30340.00;1271760.00;1302100.00;127176;3034;410.00;840.00;1250.00;84;41;0.00;0.00;0;0
1396967453;sv_mp1-eth0;51287.13;1229188.17;1280475.30;124148;5180;693.07;811.88;1504.95;82;70;0.00;0.00;0;0
1396967453;total;51287.13;1229188.17;1280475.30;124148;5180;693.07;811.88;1504.95;82;70;0.00;0.00;0;0
1396967453;sv_mp1-eth0;31080.00;1256620.00;1287700.00;125662;3108;420.00;830.00;1250.00;83;42;0.00;0.00;0;0
1396967453;total;31080.00;1256620.00;1287700.00;125662;3108;420.00;830.00;1250.00;83;42;0.00;0.00;0;0
1396967453;sv_mp1-eth0;30340.00;1256620.00;1286960.00;125662;3034;410.00;830.00;1240.00;83;41;0.00;0.00;0;0
1396967453;total;30340.00;1256620.00;1286960.00;125662;3034;410.00;830.00;1240.00;83;41;0.00;0.00;0;0
1396967453;sv_mp1-eth0;31820.00;1256620.00;1288440.00;125662;3182;430.00;830.00;1260.00;83;43;0.00;0.00;0;0
1396967453;total;31820.00;1256620.00;1288440.00;125662;3182;430.00;830.00;1260.00;83;43;0.00;0.00;0;0
1396967453;sv_mp1-eth0;30340.00;1256620.00;1286960.00;125662;3034;410.00;830.00;1240.00;83;41;0.00;0.00;0;0
1396967453;total;30340.00;1256620.00;1286960.00;125662;3034;410.00;830.00;1240.00;83;41;0.00;0.00;0;0
1396967453;sv_mp1-eth0;31080.00;1256620.00;1287700.00;125662;3108;420.00;830.00;1250.00;83;42;0.00;0.00;0;0
1396967453;total;31080.00;1256620.00;1287700.00;125662;3108;420.00;830.00;1250.00;83;42;0.00;0.00;0;0
1396967453;sv_mp1-eth0;31080.00;1256620.00;1287700.00;125662;3108;420.00;830.00;1250.00;83;42;0.00;0.00;0;0
1396967453;total;31080.00;1256620.00;1287700.00;125662;3108;420.00;830.00;1250.00;83;42;0.00;0.00;0;0
1396967453;sv_mp1-eth0;30340.00;1256620.00;1286960.00;125662;3034;410.00;830.00;1240.00;83;41;0.00;0.00;0;0
1396967453;total;30340.00;1256620.00;1286960.00;125662;3034;410.00;830.00;1240.00;83;41;0.00;0.00;0;0
1396967453;sv_mp1-eth0;31080.00;1256620.00;1287700.00;125662;3108;420.00;830.00;1250.00;83;42;0.00;0.00;0;0
1396967453;total;31080.00;1256620.00;1287700.00;125662;3108;420.00;830.00;1250.00;83;42;0.00;0.00;0;0
1396967453;sv_mp1-eth0;33300.00;1226340.00;1259640.00;122634;3330;450.00;810.00;1260.00;81;45;0.00;0.00;0;0
1396967453;total;33300.00;1226340.00;1259640.00;122634;3330;450.00;810.00;1260.00;81;45;0.00;0.00;0;0
1396967454;sv_mp1-eth0;60349.52;1249417.54;1309767.05;128690;6216;815.53;825.24;1640.78;85;84;0.00;0.00;0;0
1396967454;total;60349.52;1249417.54;1309767.05;128690;6216;815.53;825.24;1640.78;85;84;0.00;0.00;0;0
1396967454;sv_mp1-eth0;35520.00;1256620.00;1292140.00;125662;3552;480.00;830.00;1310.00;83;48;0.00;0.00;0;0
1396967454;total;35520.00;1256620.00;1292140.00;125662;3552;480.00;830.00;1310.00;83;48;0.00;0.00;0;0
1396967454;sv_mp1-eth0;30340.00;1256620.00;1286960.00;125662;3034;410.00;830.00;1240.00;83;41;0.00;0.00;0;0
1396967454;total;30340.00;1256620.00;1286960.00;125662;3034;410.00;830.00;1240.00;83;41;0.00;0.00;0;0
1396967454;sv_mp1-eth0;30772.28;1259168.37;1289940.64;127176;3108;415.84;831.68;1247.52;84;42;0.00;0.00;0;0
1396967454;total;30772.28;1259168.37;1289940.64;127176;3108;415.84;831.68;1247.52;84;42;0.00;0.00;0;0
1396967454;sv_mp1-eth0;31820.00;1256620.00;1288440.00;125662;3182;430.00;830.00;1260.00;83;43;0.00;0.00;0;0
1396967454;total;31820.00;1256620.00;1288440.00;125662;3182;430.00;830.00;1260.00;83;43;0.00;0.00;0;0
1396967454;sv_mp1-eth0;31080.00;1256620.00;1287700.00;125662;3108;420.00;830.00;1250.00;83;42;0.00;0.00;0;0
1396967454;total;31080.00;1256620.00;1287700.00;125662;3108;420.00;830.00;1250.00;83;42;0.00;0.00;0;0
1396967454;sv_mp1-eth0;29600.00;1256620.00;1286220.00;125662;2960;400.00;830.00;1230.00;83;40;0.00;0.00;0;0
1396967454;total;29600.00;1256620.00;1286220.00;125662;2960;400.00;830.00;1230.00;83;40;0.00;0.00;0;0
1396967454;sv_mp1-eth0;31820.00;1256620.00;1288440.00;125662;3182;430.00;830.00;1260.00;83;43;0.00;0.00;0;0
1396967454;total;31820.00;1256620.00;1288440.00;125662;3182;430.00;830.00;1260.00;83;43;0.00;0.00;0;0
1396967454;sv_mp1-eth0;30340.00;1256620.00;1286960.00;125662;3034;410.00;830.00;1240.00;83;41;0.00;0.00;0;0
1396967454;total;30340.00;1256620.00;1286960.00;125662;3034;410.00;830.00;1240.00;83;41;0.00;0.00;0;0
1396967454;sv_mp1-eth0;31504.95;1259168.37;1290673.32;127176;3182;425.74;831.68;1257.43;84;43;0.00;0.00;0;0
1396967454;total;31504.95;1259168.37;1290673.32;127176;3182;425.74;831.68;1257.43;84;43;0.00;0.00;0;0
1396967455;sv_mp1-eth0;30039.61;1229188.17;1259227.77;124148;3034;405.94;811.88;1217.82;82;41;0.00;0.00;0;0
1396967455;total;30039.61;1229188.17;1259227.77;124148;3034;405.94;811.88;1217.82;82;41;0.00;0.00;0;0
1396967455;sv_mp1-eth0;36260.00;1256620.00;1292880.00;125662;3626;490.00;830.00;1320.00;83;49;0.00;0.00;0;0
1396967455;total;36260.00;1256620.00;1292880.00;125662;3626;490.00;830.00;1320.00;83;49;0.00;0.00;0;0
1396967455;sv_mp1-eth0;62160.00;1271760.00;1333920.00;127176;6216;840.00;840.00;1680.00;84;84;0.00;0.00;0;0
1396967455;total;62160.00;1271760.00;1333920.00;127176;6216;840.00;840.00;1680.00;84;84;0.00;0.00;0;0
1396967455;sv_mp1-eth0;61544.56;1244178.27;1305722.82;125662;6216;831.68;821.78;1653.47;83;84;0.00;0.00;0;0
1396967455;total;61544.56;1244178.27;1305722.82;125662;6216;831.68;821.78;1653.47;83;84;0.00;0.00;0;0
1396967455;sv_mp1-eth0;34040.00;1256620.00;1290660.00;125662;3404;460.00;830.00;1290.00;83;46;0.00;0.00;0;0
1396967455;total;34040.00;1256620.00;1290660.00;125662;3404;460.00;830.00;1290.00;83;46;0.00;0.00;0;0
1396967455;sv_mp1-eth0;30340.00;1241480.00;1271820.00;124148;3034;410.00;820.00;1230.00;82;41;0.00;0.00;0;0
1396967455;total;30340.00;1241480.00;1271820.00;124148;3034;410.00;820.00;1230.00;82;41;0.00;0.00;0;0
1396967455;sv_mp1-eth0;30893.21;1264116.57;1295009.77;130204;3182;417.48;834.95;1252.43;86;43;0.00;0.00;0;0
1396967455;total;30893.21;1264116.57;1295009.77;130204;3182;417.48;834.95;1252.43;86;43;0.00;0.00;0;0
1396967455;sv_mp1-eth0;31080.00;1256620.00;1287700.00;125662;3108;420.00;830.00;1250.00;83;42;0.00;0.00;0;0
1396967455;total;31080.00;1256620.00;1287700.00;125662;3108;420.00;830.00;1250.00;83;42;0.00;0.00;0;0
1396967455;sv_mp1-eth0;30772.28;1244178.27;1274950.54;125662;3108;415.84;821.78;1237.62;83;42;0.00;0.00;0;0
1396967455;total;30772.28;1244178.27;1274950.54;125662;3108;415.84;821.78;1237.62;83;42;0.00;0.00;0;0
1396967456;sv_mp1-eth0;29456.31;1249417.54;1278873.85;128690;3034;398.06;825.24;1223.30;85;41;0.00;0.00;0;0
1396967456;total;28355.14;1202710.32;1231065.46;128690;3034;383.18;794.39;1177.57;85;41;0.00;0.00;0;0
1396967456;sv_mp1-eth0;32019.23;1251961.60;1283980.83;130204;3330;432.69;826.92;1259.62;86;45;0.00;0.00;0;0
1396967456;total;33300.00;1302040.00;1335340.00;130204;3330;450.00;860.00;1310.00;86;45;0.00;0.00;0;0
1396967456;sv_mp1-eth0;30340.00;1256620.00;1286960.00;125662;3034;410.00;830.00;1240.00;83;41;0.00;0.00;0;0
1396967456;total;30340.00;1256620.00;1286960.00;125662;3034;410.00;830.00;1240.00;83;41;0.00;0.00;0;0
1396967456;sv_mp1-eth0;30470.59;1246823.55;1277294.13;127176;3108;411.76;823.53;1235.29;84;42;0.00;0.00;0;0
1396967456;total;30174.76;1234718.51;1264893.26;127176;3108;407.77;815.53;1223.30;84;42;0.00;0.00;0;0
1396967456;sv_mp1-eth0;29306.93;1259168.37;1288475.30;127176;2960;396.04;831.68;1227.72;84;40;0.00;0.00;0;0
1396967456;total;29600.00;1271760.00;1301360.00;127176;2960;400.00;840.00;1240.00;84;40;0.00;0.00;0;0
1396967456;sv_mp1-eth0;34780.00;1256620.00;1291400.00;125662;3478;470.00;830.00;1300.00;83;47;0.00;0.00;0;0
1396967456;total;34780.00;1256620.00;1291400.00;125662;3478;470.00;830.00;1300.00;83;47;0.00;0.00;0;0
1396967456;sv_mp1-eth0;30340.00;1256620.00;1286960.00;125662;3034;410.00;830.00;1240.00;83;41;0.00;0.00;0;0
1396967456;total;30340.00;1256620.00;1286960.00;125662;3034;410.00;830.00;1240.00;83;41;0.00;0.00;0;0
1396967456;sv_mp1-eth0;30772.28;1259168.37;1289940.64;127176;3108;415.84;831.68;1247.52;84;42;0.00;0.00;0;0
1396967456;total;30772.28;1259168.37;1289940.64;127176;3108;415.84;831.68;1247.52;84;42;0.00;0.00;0;0
1396967456;sv_mp1-eth0;28860.00;1226340.00;1255200.00;122634;2886;390.00;810.00;1200.00;81;39;0.00;0.00;0;0
1396967456;total;28860.00;1226340.00;1255200.00;122634;2886;390.00;810.00;1200.00;81;39;0.00;0.00;0;0
1396967456;sv_mp1-eth0;30772.28;1259168.37;1289940.64;127176;3108;415.84;831.68;1247.52;84;42;0.00;0.00;0;0
1396967456;total;30772.28;1259168.37;1289940.64;127176;3108;415.84;831.68;1247.52;84;42;0.00;0.00;0;0
1396967457;sv_mp1-eth0;29306.93;1244178.27;1273485.20;125662;2960;396.04;821.78;1217.82;83;40;0.00;0.00;0;0
1396967457;total;29019.61;1231980.41;1261000.02;125662;2960;392.16;813.73;1205.88;83;40;0.00;0.00;0;0
1396967457;sv_mp1-eth0;30340.00;1256620.00;1286960.00;125662;3034;410.00;830.00;1240.00;83;41;0.00;0.00;0;0
1396967457;total;30340.00;1256620.00;1286960.00;125662;3034;410.00;830.00;1240.00;83;41;0.00;0.00;0;0
1396967457;sv_mp1-eth0;31080.00;1256620.00;1287700.00;125662;3108;420.00;830.00;1250.00;83;42;0.00;0.00;0;0
1396967457;total;31080.00;1256620.00;1287700.00;125662;3108;420.00;830.00;1250.00;83;42;0.00;0.00;0;0
1396967457;sv_mp1-eth0;30340.00;1256620.00;1286960.00;125662;3034;410.00;830.00;1240.00;83;41;0.00;0.00;0;0
1396967457;total;30340.00;1256620.00;1286960.00;125662;3034;410.00;830.00;1240.00;83;41;0.00;0.00;0;0
1396967457;sv_mp1-eth0;30340.00;1256620.00;1286960.00;125662;3034;410.00;830.00;1240.00;83;41;0.00;0.00;0;0
1396967457;total;30340.00;1256620.00;1286960.00;125662;3034;410.00;830.00;1240.00;83;41;0.00;0.00;0;0
1396967457;sv_mp1-eth0;28860.00;1256620.00;1285480.00;125662;2886;390.00;830.00;1220.00;83;39;0.00;0.00;0;0
1396967457;total;28860.00;1256620.00;1285480.00;125662;2886;390.00;830.00;1220.00;83;39;0.00;0.00;0;0
1396967457;sv_mp1-eth0;31080.00;1256620.00;1287700.00;125662;3108;420.00;830.00;1250.00;83;42;0.00;0.00;0;0
1396967457;total;31080.00;1256620.00;1287700.00;125662;3108;420.00;830.00;1250.00;83;42;0.00;0.00;0;0
1396967457;sv_mp1-eth0;29600.00;1241480.00;1271080.00;124148;2960;400.00;820.00;1220.00;82;40;0.00;0.00;0;0
1396967457;total;29600.00;1241480.00;1271080.00;124148;2960;400.00;820.00;1220.00;82;40;0.00;0.00;0;0
1396967457;sv_mp1-eth0;31080.00;1256620.00;1287700.00;125662;3108;420.00;830.00;1250.00;83;42;0.00;0.00;0;0
1396967457;total;31080.00;1256620.00;1287700.00;125662;3108;420.00;830.00;1250.00;83;42;0.00;0.00;0;0
1396967457;sv_mp1-eth0;31080.00;1256620.00;1287700.00;125662;3108;420.00;830.00;1250.00;83;42;0.00;0.00;0;0
1396967457;total;31080.00;1256620.00;1287700.00;125662;3108;420.00;830.00;1250.00;83;42;0.00;0.00;0;0
1396967458;sv_mp1-eth0;29884.62;1237403.90;1267288.52;128690;3108;403.85;817.31;1221.15;85;42;0.00;0.00;0;0
1396967458;total;29884.62;1237403.90;1267288.52;128690;3108;403.85;817.31;1221.15;85;42;0.00;0.00;0;0
1396967458;sv_mp1-eth0;31080.00;1256620.00;1287700.00;125662;3108;420.00;830.00;1250.00;83;42;0.00;0.00;0;0
1396967458;total;31080.00;1256620.00;1287700.00;125662;3108;420.00;830.00;1250.00;83;42;0.00;0.00;0;0
1396967458;sv_mp1-eth0;30340.00;1256620.00;1286960.00;125662;3034;410.00;830.00;1240.00;83;41;0.00;0.00;0;0
1396967458;total;30340.00;1256620.00;1286960.00;125662;3034;410.00;830.00;1240.00;83;41;0.00;0.00;0;0
1396967458;sv_mp1-eth0;29600.00;1256620.00;1286220.00;125662;2960;400.00;830.00;1230.00;83;40;0.00;0.00;0;0
1396967458;total;29600.00;1256620.00;1286220.00;125662;2960;400.00;830.00;1230.00;83;40;0.00;0.00;0;0
1396967458;sv_mp1-eth0;31080.00;1256620.00;1287700.00;125662;3108;420.00;830.00;1250.00;83;42;0.00;0.00;0;0
1396967458;total;31080.00;1256620.00;1287700.00;125662;3108;420.00;830.00;1250.00;83;42;0.00;0.00;0;0
1396967458;sv_mp1-eth0;30596.16;1251961.60;1282557.75;130204;3182;413.46;826.92;1240.38;86;43;0.00;0.00;0;0
1396967458;total;30596.16;1251961.60;1282557.75;130204;3182;413.46;826.92;1240.38;86;43;0.00;0.00;0;0
1396967458;sv_mp1-eth0;27841.59;1259168.37;1287009.95;127176;2812;376.24;831.68;1207.92;84;38;0.00;0.00;0;0
1396967458;total;27841.59;1259168.37;1287009.95;127176;2812;376.24;831.68;1207.92;84;38;0.00;0.00;0;0
1396967458;sv_mp1-eth0;31080.00;1256620.00;1287700.00;125662;3108;420.00;830.00;1250.00;83;42;0.00;0.00;0;0
1396967458;total;31080.00;1256620.00;1287700.00;125662;3108;420.00;830.00;1250.00;83;42;0.00;0.00;0;0
1396967458;sv_mp1-eth0;30340.00;1256620.00;1286960.00;125662;3034;410.00;830.00;1240.00;83;41;0.00;0.00;0;0
1396967458;total;30340.00;1256620.00;1286960.00;125662;3034;410.00;830.00;1240.00;83;41;0.00;0.00;0;0
1396967458;sv_mp1-eth0;30340.00;1256620.00;1286960.00;125662;3034;410.00;830.00;1240.00;83;41;0.00;0.00;0;0
1396967458;total;30340.00;1256620.00;1286960.00;125662;3034;410.00;830.00;1240.00;83;41;0.00;0.00;0;0
1396967459;sv_mp1-eth0;30039.61;1199207.97;1229247.57;121120;3034;405.94;792.08;1198.02;80;41;0.00;0.00;0;0
1396967459;total;30039.61;1199207.97;1229247.57;121120;3034;405.94;792.08;1198.02;80;41;0.00;0.00;0;0
1396967459;sv_mp1-eth0;26640.00;1165780.00;1192420.00;116578;2664;360.00;770.00;1130.00;77;36;0.00;0.00;0;0
1396967459;total;26640.00;1165780.00;1192420.00;116578;2664;360.00;770.00;1130.00;77;36;0.00;0.00;0;0
1396967459;sv_mp1-eth0;30039.61;1244178.27;1274217.87;125662;3034;405.94;821.78;1227.72;83;41;0.00;0.00;0;0
1396967459;total;30039.61;1244178.27;1274217.87;125662;3034;405.94;821.78;1227.72;83;41;0.00;0.00;0;0
1396967459;sv_mp1-eth0;29600.00;1256620.00;1286220.00;125662;2960;400.00;830.00;1230.00;83;40;0.00;0.00;0;0
1396967459;total;29600.00;1256620.00;1286220.00;125662;2960;400.00;830.00;1230.00;83;40;0.00;0.00;0;0
1396967459;sv_mp1-eth0;39960.00;1241480.00;1281440.00;124148;3996;540.00;820.00;1360.00;82;54;0.00;0.00;0;0
1396967459;total;39960.00;1241480.00;1281440.00;124148;3996;540.00;820.00;1360.00;82;54;0.00;0.00;0;0
1396967459;sv_mp1-eth0;41440.00;1226340.00;1267780.00;122634;4144;560.00;810.00;1370.00;81;56;0.00;0.00;0;0
1396967459;total;41440.00;1226340.00;1267780.00;122634;4144;560.00;810.00;1370.00;81;56;0.00;0.00;0;0
1396967459;sv_mp1-eth0;61420.00;1256620.00;1318040.00;125662;6142;830.00;830.00;1660.00;83;83;0.00;0.00;0;0
1396967459;total;61420.00;1256620.00;1318040.00;125662;6142;830.00;830.00;1660.00;83;83;0.00;0.00;0;0
1396967459;sv_mp1-eth0;61420.00;1256620.00;1318040.00;125662;6142;830.00;830.00;1660.00;83;83;0.00;0.00;0;0
1396967459;total;61420.00;1256620.00;1318040.00;125662;6142;830.00;830.00;1660.00;83;83;0.00;0.00;0;0
1396967459;sv_mp1-eth0;60680.00;1256620.00;1317300.00;125662;6068;820.00;830.00;1650.00;83;82;0.00;0.00;0;0
1396967459;total;60680.00;1256620.00;1317300.00;125662;6068;820.00;830.00;1650.00;83;82;0.00;0.00;0;0
1396967459;sv_mp1-eth0;62160.00;1256620.00;1318780.00;125662;6216;840.00;830.00;1670.00;83;84;0.00;0.00;0;0
1396967459;total;61544.56;1244178.27;1305722.82;125662;6216;831.68;821.78;1653.47;83;84;0.00;0.00;0;0
1396967460;sv_mp1-eth0;47156.86;1246823.55;1293980.41;127176;4810;637.25;823.53;1460.78;84;65;0.00;0.00;0;0
1396967460;total;47623.76;1259168.37;1306792.13;127176;4810;643.56;831.68;1475.25;84;65;0.00;0.00;0;0
1396967460;sv_mp1-eth0;30340.00;1256620.00;1286960.00;125662;3034;410.00;830.00;1240.00;83;41;0.00;0.00;0;0
1396967460;total;30340.00;1256620.00;1286960.00;125662;3034;410.00;830.00;1240.00;83;41;0.00;0.00;0;0
1396967460;sv_mp1-eth0;30340.00;1256620.00;1286960.00;125662;3034;410.00;830.00;1240.00;83;41;0.00;0.00;0;0
1396967460;total;30340.00;1256620.00;1286960.00;125662;3034;410.00;830.00;1240.00;83;41;0.00;0.00;0;0
1396967460;sv_mp1-eth0;30340.00;1256620.00;1286960.00;125662;3034;410.00;830.00;1240.00;83;41;0.00;0.00;0;0
1396967460;total;30340.00;1256620.00;1286960.00;125662;3034;410.00;830.00;1240.00;83;41;0.00;0.00;0;0
1396967460;sv_mp1-eth0;39960.00;1241480.00;1281440.00;124148;3996;540.00;820.00;1360.00;82;54;0.00;0.00;0;0
1396967460;total;39960.00;1241480.00;1281440.00;124148;3996;540.00;820.00;1360.00;82;54;0.00;0.00;0;0
1396967460;sv_mp1-eth0;48840.00;1256620.00;1305460.00;125662;4884;660.00;830.00;1490.00;83;66;0.00;0.00;0;0
1396967460;total;48840.00;1256620.00;1305460.00;125662;4884;660.00;830.00;1490.00;83;66;0.00;0.00;0;0
1396967460;sv_mp1-eth0;30340.00;1256620.00;1286960.00;125662;3034;410.00;830.00;1240.00;83;41;0.00;0.00;0;0
1396967460;total;30340.00;1256620.00;1286960.00;125662;3034;410.00;830.00;1240.00;83;41;0.00;0.00;0;0
1396967460;sv_mp1-eth0;36260.00;1256620.00;1292880.00;125662;3626;490.00;830.00;1320.00;83;49;0.00;0.00;0;0
1396967460;total;36260.00;1256620.00;1292880.00;125662;3626;490.00;830.00;1320.00;83;49;0.00;0.00;0;0
1396967460;sv_mp1-eth0;33300.00;1241480.00;1274780.00;124148;3330;450.00;820.00;1270.00;82;45;0.00;0.00;0;0
1396967460;total;33300.00;1241480.00;1274780.00;124148;3330;450.00;820.00;1270.00;82;45;0.00;0.00;0;0
1396967460;sv_mp1-eth0;31080.00;1256620.00;1287700.00;125662;3108;420.00;830.00;1250.00;83;42;0.00;0.00;0;0
1396967460;total;31080.00;1256620.00;1287700.00;125662;3108;420.00;830.00;1250.00;83;42;0.00;0.00;0;0
1396967461;sv_mp1-eth0;36633.66;1244178.27;1280811.93;125662;3700;495.05;821.78;1316.83;83;50;0.00;0.00;0;0
1396967461;total;36633.66;1244178.27;1280811.93;125662;3700;495.05;821.78;1316.83;83;50;0.00;0.00;0;0
1396967461;sv_mp1-eth0;28860.00;1256620.00;1285480.00;125662;2886;390.00;830.00;1220.00;83;39;0.00;0.00;0;0
1396967461;total;28860.00;1256620.00;1285480.00;125662;2886;390.00;830.00;1220.00;83;39;0.00;0.00;0;0
1396967461;sv_mp1-eth0;31080.00;1256620.00;1287700.00;125662;3108;420.00;830.00;1250.00;83;42;0.00;0.00;0;0
1396967461;total;31080.00;1256620.00;1287700.00;125662;3108;420.00;830.00;1250.00;83;42;0.00;0.00;0;0
1396967461;sv_mp1-eth0;29600.00;1256620.00;1286220.00;125662;2960;400.00;830.00;1230.00;83;40;0.00;0.00;0;0
1396967461;total;29600.00;1256620.00;1286220.00;125662;2960;400.00;830.00;1230.00;83;40;0.00;0.00;0;0
1396967461;sv_mp1-eth0;31080.00;1256620.00;1287700.00;125662;3108;420.00;830.00;1250.00;83;42;0.00;0.00;0;0
1396967461;total;31080.00;1256620.00;1287700.00;125662;3108;420.00;830.00;1250.00;83;42;0.00;0.00;0;0
1396967461;sv_mp1-eth0;30340.00;1241480.00;1271820.00;124148;3034;410.00;820.00;1230.00;82;41;0.00;0.00;0;0
1396967461;total;30340.00;1241480.00;1271820.00;124148;3034;410.00;820.00;1230.00;82;41;0.00;0.00;0;0
1396967461;sv_mp1-eth0;31080.00;1256620.00;1287700.00;125662;3108;420.00;830.00;1250.00;83;42;0.00;0.00;0;0
1396967461;total;31080.00;1256620.00;1287700.00;125662;3108;420.00;830.00;1250.00;83;42;0.00;0.00;0;0
1396967461;sv_mp1-eth0;31504.95;1259168.37;1290673.32;127176;3182;425.74;831.68;1257.43;84;43;0.00;0.00;0;0
1396967461;total;31504.95;1259168.37;1290673.32;127176;3182;425.74;831.68;1257.43;84;43;0.00;0.00;0;0
1396967461;sv_mp1-eth0;30340.00;1256620.00;1286960.00;125662;3034;410.00;830.00;1240.00;83;41;0.00;0.00;0;0
1396967461;total;30340.00;1256620.00;1286960.00;125662;3034;410.00;830.00;1240.00;83;41;0.00;0.00;0;0
1396967461;sv_mp1-eth0;30340.00;1256620.00;1286960.00;125662;3034;410.00;830.00;1240.00;83;41;0.00;0.00;0;0
1396967461;total;30340.00;1256620.00;1286960.00;125662;3034;410.00;830.00;1240.00;83;41;0.00;0.00;0;0
1396967462;sv_mp1-eth0;30772.28;1244178.27;1274950.54;125662;3108;415.84;821.78;1237.62;83;42;0.00;0.00;0;0
1396967462;total;30772.28;1244178.27;1274950.54;125662;3108;415.84;821.78;1237.62;83;42;0.00;0.00;0;0
1396967462;sv_mp1-eth0;31080.00;1241480.00;1272560.00;124148;3108;420.00;820.00;1240.00;82;42;0.00;0.00;0;0
1396967462;total;31080.00;1241480.00;1272560.00;124148;3108;420.00;820.00;1240.00;82;42;0.00;0.00;0;0
1396967462;sv_mp1-eth0;36260.00;1256620.00;1292880.00;125662;3626;490.00;830.00;1320.00;83;49;0.00;0.00;0;0
1396967462;total;36260.00;1256620.00;1292880.00;125662;3626;490.00;830.00;1320.00;83;49;0.00;0.00;0;0
1396967462;sv_mp1-eth0;29600.00;1241480.00;1271080.00;124148;2960;400.00;820.00;1220.00;82;40;0.00;0.00;0;0
1396967462;total;29600.00;1241480.00;1271080.00;124148;2960;400.00;820.00;1220.00;82;40;0.00;0.00;0;0
1396967462;sv_mp1-eth0;30340.00;1241480.00;1271820.00;124148;3034;410.00;820.00;1230.00;82;41;0.00;0.00;0;0
1396967462;total;30340.00;1241480.00;1271820.00;124148;3034;410.00;820.00;1230.00;82;41;0.00;0.00;0;0
1396967462;sv_mp1-eth0;29600.00;1241480.00;1271080.00;124148;2960;400.00;820.00;1220.00;82;40;0.00;0.00;0;0
1396967462;total;29600.00;1241480.00;1271080.00;124148;2960;400.00;820.00;1220.00;82;40;0.00;0.00;0;0
1396967462;sv_mp1-eth0;30340.00;1256620.00;1286960.00;125662;3034;410.00;830.00;1240.00;83;41;0.00;0.00;0;0
1396967462;total;30340.00;1256620.00;1286960.00;125662;3034;410.00;830.00;1240.00;83;41;0.00;0.00;0;0
1396967462;sv_mp1-eth0;30340.00;1256620.00;1286960.00;125662;3034;410.00;830.00;1240.00;83;41;0.00;0.00;0;0
1396967462;total;30340.00;1256620.00;1286960.00;125662;3034;410.00;830.00;1240.00;83;41;0.00;0.00;0;0
1396967462;sv_mp1-eth0;31080.00;1256620.00;1287700.00;125662;3108;420.00;830.00;1250.00;83;42;0.00;0.00;0;0
1396967462;total;31080.00;1256620.00;1287700.00;125662;3108;420.00;830.00;1250.00;83;42;0.00;0.00;0;0
1396967462;sv_mp1-eth0;31080.00;1241480.00;1272560.00;124148;3108;420.00;820.00;1240.00;82;42;0.00;0.00;0;0
1396967462;total;31080.00;1241480.00;1272560.00;124148;3108;420.00;820.00;1240.00;82;42;0.00;0.00;0;0
1396967463;sv_mp1-eth0;30039.61;1244178.27;1274217.87;125662;3034;405.94;821.78;1227.72;83;41;0.00;0.00;0;0
1396967463;total;30039.61;1244178.27;1274217.87;125662;3034;405.94;821.78;1227.72;83;41;0.00;0.00;0;0
1396967463;sv_mp1-eth0;31080.00;1256620.00;1287700.00;125662;3108;420.00;830.00;1250.00;83;42;0.00;0.00;0;0
1396967463;total;31080.00;1256620.00;1287700.00;125662;3108;420.00;830.00;1250.00;83;42;0.00;0.00;0;0
1396967463;sv_mp1-eth0;31080.00;1256620.00;1287700.00;125662;3108;420.00;830.00;1250.00;83;42;0.00;0.00;0;0
1396967463;total;31080.00;1256620.00;1287700.00;125662;3108;420.00;830.00;1250.00;83;42;0.00;0.00;0;0
1396967463;sv_mp1-eth0;30340.00;1256620.00;1286960.00;125662;3034;410.00;830.00;1240.00;83;41;0.00;0.00;0;0
1396967463;total;30039.61;1244178.27;1274217.87;125662;3034;405.94;821.78;1227.72;83;41;0.00;0.00;0;0
1396967463;sv_mp1-eth0;31080.00;1256620.00;1287700.00;125662;3108;420.00;830.00;1250.00;83;42;0.00;0.00;0;0
1396967463;total;31080.00;1256620.00;1287700.00;125662;3108;420.00;830.00;1250.00;83;42;0.00;0.00;0;0
1396967463;sv_mp1-eth0;30340.00;1256620.00;1286960.00;125662;3034;410.00;830.00;1240.00;83;41;0.00;0.00;0;0
1396967463;total;30340.00;1256620.00;1286960.00;125662;3034;410.00;830.00;1240.00;83;41;0.00;0.00;0;0
1396967463;sv_mp1-eth0;29600.00;1226340.00;1255940.00;122634;2960;400.00;810.00;1210.00;81;40;0.00;0.00;0;0
1396967463;total;29306.93;1214198.07;1243505.00;122634;2960;396.04;801.98;1198.02;81;40;0.00;0.00;0;0
1396967463;sv_mp1-eth0;30772.28;1244178.27;1274950.54;125662;3108;415.84;821.78;1237.62;83;42;0.00;0.00;0;0
1396967463;total;31080.00;1256620.00;1287700.00;125662;3108;420.00;830.00;1250.00;83;42;0.00;0.00;0;0
1396967463;sv_mp1-eth0;30340.00;1256620.00;1286960.00;125662;3034;410.00;830.00;1240.00;83;41;0.00;0.00;0;0
1396967463;total;29456.31;1220019.48;1249475.79;125662;3034;398.06;805.83;1203.88;83;41;0.00;0.00;0;0
1396967463;sv_mp1-eth0;30893.21;1249417.54;1280310.74;128690;3182;417.48;825.24;1242.72;85;43;0.00;0.00;0;0
1396967463;total;31820.00;1286900.00;1318720.00;128690;3182;430.00;850.00;1280.00;85;43;0.00;0.00;0;0
1396967464;sv_mp1-eth0;30039.61;1244178.27;1274217.87;125662;3034;405.94;821.78;1227.72;83;41;0.00;0.00;0;0
1396967464;total;30039.61;1244178.27;1274217.87;125662;3034;405.94;821.78;1227.72;83;41;0.00;0.00;0;0
1396967464;sv_mp1-eth0;30340.00;1241480.00;1271820.00;124148;3034;410.00;820.00;1230.00;82;41;0.00;0.00;0;0
1396967464;total;30340.00;1241480.00;1271820.00;124148;3034;410.00;820.00;1230.00;82;41;0.00;0.00;0;0
1396967464;sv_mp1-eth0;31080.00;1256620.00;1287700.00;125662;3108;420.00;830.00;1250.00;83;42;0.00;0.00;0;0
1396967464;total;31080.00;1256620.00;1287700.00;125662;3108;420.00;830.00;1250.00;83;42;0.00;0.00;0;0
1396967464;sv_mp1-eth0;30340.00;1256620.00;1286960.00;125662;3034;410.00;830.00;1240.00;83;41;0.00;0.00;0;0
1396967464;total;30340.00;1256620.00;1286960.00;125662;3034;410.00;830.00;1240.00;83;41;0.00;0.00;0;0
1396967464;sv_mp1-eth0;31080.00;1241480.00;1272560.00;124148;3108;420.00;820.00;1240.00;82;42;0.00;0.00;0;0
1396967464;total;31080.00;1241480.00;1272560.00;124148;3108;420.00;820.00;1240.00;82;42;0.00;0.00;0;0
1396967464;sv_mp1-eth0;31080.00;1256620.00;1287700.00;125662;3108;420.00;830.00;1250.00;83;42;0.00;0.00;0;0
1396967464;total;31080.00;1256620.00;1287700.00;125662;3108;420.00;830.00;1250.00;83;42;0.00;0.00;0;0
1396967464;sv_mp1-eth0;30340.00;1256620.00;1286960.00;125662;3034;410.00;830.00;1240.00;83;41;0.00;0.00;0;0
1396967464;total;30340.00;1256620.00;1286960.00;125662;3034;410.00;830.00;1240.00;83;41;0.00;0.00;0;0
1396967464;sv_mp1-eth0;31080.00;1256620.00;1287700.00;125662;3108;420.00;830.00;1250.00;83;42;0.00;0.00;0;0
1396967464;total;31080.00;1256620.00;1287700.00;125662;3108;420.00;830.00;1250.00;83;42;0.00;0.00;0;0
1396967464;sv_mp1-eth0;30340.00;1256620.00;1286960.00;125662;3034;410.00;830.00;1240.00;83;41;0.00;0.00;0;0
1396967464;total;30340.00;1256620.00;1286960.00;125662;3034;410.00;830.00;1240.00;83;41;0.00;0.00;0;0
1396967464;sv_mp1-eth0;29600.00;1241480.00;1271080.00;124148;2960;400.00;820.00;1220.00;82;40;0.00;0.00;0;0
1396967464;total;29600.00;1241480.00;1271080.00;124148;2960;400.00;820.00;1220.00;82;40;0.00;0.00;0;0
1396967465;sv_mp1-eth0;29306.93;1229188.17;1258495.10;124148;2960;396.04;811.88;1207.92;82;40;0.00;0.00;0;0
1396967465;total;29306.93;1229188.17;1258495.10;124148;2960;396.04;811.88;1207.92;82;40;0.00;0.00;0;0
1396967465;sv_mp1-eth0;31080.00;1256620.00;1287700.00;125662;3108;420.00;830.00;1250.00;83;42;0.00;0.00;0;0
1396967465;total;31080.00;1256620.00;1287700.00;125662;3108;420.00;830.00;1250.00;83;42;0.00;0.00;0;0
1396967465;sv_mp1-eth0;30340.00;1241480.00;1271820.00;124148;3034;410.00;820.00;1230.00;82;41;0.00;0.00;0;0
1396967465;total;30340.00;1241480.00;1271820.00;124148;3034;410.00;820.00;1230.00;82;41;0.00;0.00;0;0
1396967465;sv_mp1-eth0;31080.00;1271760.00;1302840.00;127176;3108;420.00;840.00;1260.00;84;42;0.00;0.00;0;0
1396967465;total;31080.00;1271760.00;1302840.00;127176;3108;420.00;840.00;1260.00;84;42;0.00;0.00;0;0
1396967465;sv_mp1-eth0;30340.00;1241480.00;1271820.00;124148;3034;410.00;820.00;1230.00;82;41;0.00;0.00;0;0
1396967465;total;30340.00;1241480.00;1271820.00;124148;3034;410.00;820.00;1230.00;82;41;0.00;0.00;0;0
1396967465;sv_mp1-eth0;29600.00;1271760.00;1301360.00;127176;2960;400.00;840.00;1240.00;84;40;0.00;0.00;0;0
1396967465;total;29600.00;1271760.00;1301360.00;127176;2960;400.00;840.00;1240.00;84;40;0.00;0.00;0;0
1396967465;sv_mp1-eth0;30340.00;1241480.00;1271820.00;124148;3034;410.00;820.00;1230.00;82;41;0.00;0.00;0;0
1396967465;total;30340.00;1241480.00;1271820.00;124148;3034;410.00;820.00;1230.00;82;41;0.00;0.00;0;0
1396967465;sv_mp1-eth0;30340.00;1256620.00;1286960.00;125662;3034;410.00;830.00;1240.00;83;41;0.00;0.00;0;0
1396967465;total;30340.00;1256620.00;1286960.00;125662;3034;410.00;830.00;1240.00;83;41;0.00;0.00;0;0
1396967465;sv_mp1-eth0;30893.21;1264116.57;1295009.77;130204;3182;417.48;834.95;1252.43;86;43;0.00;0.00;0;0
1396967465;total;30893.21;1264116.57;1295009.77;130204;3182;417.48;834.95;1252.43;86;43;0.00;0.00;0;0
1396967465;sv_mp1-eth0;29019.61;1217137.27;1246156.88;124148;2960;392.16;803.92;1196.08;82;40;0.00;0.00;0;0
1396967465;total;29019.61;1217137.27;1246156.88;124148;2960;392.16;803.92;1196.08;82;40;0.00;0.00;0;0
1396967466;sv_mp1-eth0;30039.61;1244178.27;1274217.87;125662;3034;405.94;821.78;1227.72;83;41;0.00;0.00;0;0
1396967466;total;30039.61;1244178.27;1274217.87;125662;3034;405.94;821.78;1227.72;83;41;0.00;0.00;0;0
1396967466;sv_mp1-eth0;30340.00;1256620.00;1286960.00;125662;3034;410.00;830.00;1240.00;83;41;0.00;0.00;0;0
1396967466;total;30340.00;1256620.00;1286960.00;125662;3034;410.00;830.00;1240.00;83;41;0.00;0.00;0;0
1396967466;sv_mp1-eth0;28860.00;1256620.00;1285480.00;125662;2886;390.00;830.00;1220.00;83;39;0.00;0.00;0;0
1396967466;total;28860.00;1256620.00;1285480.00;125662;2886;390.00;830.00;1220.00;83;39;0.00;0.00;0;0
1396967466;sv_mp1-eth0;30340.00;1256620.00;1286960.00;125662;3034;410.00;830.00;1240.00;83;41;0.00;0.00;0;0
1396967466;total;30340.00;1256620.00;1286960.00;125662;3034;410.00;830.00;1240.00;83;41;0.00;0.00;0;0
1396967466;sv_mp1-eth0;30340.00;1256620.00;1286960.00;125662;3034;410.00;830.00;1240.00;83;41;0.00;0.00;0;0
1396967466;total;30340.00;1256620.00;1286960.00;125662;3034;410.00;830.00;1240.00;83;41;0.00;0.00;0;0
1396967466;sv_mp1-eth0;30772.28;1244178.27;1274950.54;125662;3108;415.84;821.78;1237.62;83;42;0.00;0.00;0;0
1396967466;total;30772.28;1244178.27;1274950.54;125662;3108;415.84;821.78;1237.62;83;42;0.00;0.00;0;0
1396967466;sv_mp1-eth0;29600.00;1256620.00;1286220.00;125662;2960;400.00;830.00;1230.00;83;40;0.00;0.00;0;0
1396967466;total;29600.00;1256620.00;1286220.00;125662;2960;400.00;830.00;1230.00;83;40;0.00;0.00;0;0
1396967466;sv_mp1-eth0;30340.00;1241480.00;1271820.00;124148;3034;410.00;820.00;1230.00;82;41;0.00;0.00;0;0
1396967466;total;30340.00;1241480.00;1271820.00;124148;3034;410.00;820.00;1230.00;82;41;0.00;0.00;0;0
1396967466;sv_mp1-eth0;31080.00;1256620.00;1287700.00;125662;3108;420.00;830.00;1250.00;83;42;0.00;0.00;0;0
1396967466;total;31080.00;1256620.00;1287700.00;125662;3108;420.00;830.00;1250.00;83;42;0.00;0.00;0;0
1396967466;sv_mp1-eth0;29600.00;1256620.00;1286220.00;125662;2960;400.00;830.00;1230.00;83;40;0.00;0.00;0;0
1396967466;total;29600.00;1256620.00;1286220.00;125662;2960;400.00;830.00;1230.00;83;40;0.00;0.00;0;0
1396967467;sv_mp1-eth0;30039.61;1244178.27;1274217.87;125662;3034;405.94;821.78;1227.72;83;41;0.00;0.00;0;0
1396967467;total;30039.61;1244178.27;1274217.87;125662;3034;405.94;821.78;1227.72;83;41;0.00;0.00;0;0
1396967467;sv_mp1-eth0;30772.28;1259168.37;1289940.64;127176;3108;415.84;831.68;1247.52;84;42;0.00;0.00;0;0
1396967467;total;30772.28;1259168.37;1289940.64;127176;3108;415.84;831.68;1247.52;84;42;0.00;0.00;0;0
1396967467;sv_mp1-eth0;30340.00;1256620.00;1286960.00;125662;3034;410.00;830.00;1240.00;83;41;0.00;0.00;0;0
1396967467;total;30340.00;1256620.00;1286960.00;125662;3034;410.00;830.00;1240.00;83;41;0.00;0.00;0;0
1396967467;sv_mp1-eth0;31080.00;1256620.00;1287700.00;125662;3108;420.00;830.00;1250.00;83;42;0.00;0.00;0;0
1396967467;total;31080.00;1256620.00;1287700.00;125662;3108;420.00;830.00;1250.00;83;42;0.00;0.00;0;0
1396967467;sv_mp1-eth0;30340.00;1256620.00;1286960.00;125662;3034;410.00;830.00;1240.00;83;41;0.00;0.00;0;0
1396967467;total;30340.00;1256620.00;1286960.00;125662;3034;410.00;830.00;1240.00;83;41;0.00;0.00;0;0
1396967467;sv_mp1-eth0;30340.00;1256620.00;1286960.00;125662;3034;410.00;830.00;1240.00;83;41;0.00;0.00;0;0
1396967467;total;30340.00;1256620.00;1286960.00;125662;3034;410.00;830.00;1240.00;83;41;0.00;0.00;0;0
1396967467;sv_mp1-eth0;30340.00;1256620.00;1286960.00;125662;3034;410.00;830.00;1240.00;83;41;0.00;0.00;0;0
1396967467;total;30340.00;1256620.00;1286960.00;125662;3034;410.00;830.00;1240.00;83;41;0.00;0.00;0;0
1396967467;sv_mp1-eth0;31080.00;1241480.00;1272560.00;124148;3108;420.00;820.00;1240.00;82;42;0.00;0.00;0;0
1396967467;total;31080.00;1241480.00;1272560.00;124148;3108;420.00;820.00;1240.00;82;42;0.00;0.00;0;0
1396967467;sv_mp1-eth0;29745.10;1246823.55;1276568.64;127176;3034;401.96;823.53;1225.49;84;41;0.00;0.00;0;0
1396967467;total;30039.61;1259168.37;1289207.97;127176;3034;405.94;831.68;1237.62;84;41;0.00;0.00;0;0
1396967467;sv_mp1-eth0;31080.00;1256620.00;1287700.00;125662;3108;420.00;830.00;1250.00;83;42;0.00;0.00;0;0
1396967467;total;31080.00;1256620.00;1287700.00;125662;3108;420.00;830.00;1250.00;83;42;0.00;0.00;0;0
1396967468;sv_mp1-eth0;30772.28;1244178.27;1274950.54;125662;3108;415.84;821.78;1237.62;83;42;0.00;0.00;0;0
1396967468;total;30772.28;1244178.27;1274950.54;125662;3108;415.84;821.78;1237.62;83;42;0.00;0.00;0;0
1396967468;sv_mp1-eth0;28120.00;1256620.00;1284740.00;125662;2812;380.00;830.00;1210.00;83;38;0.00;0.00;0;0
1396967468;total;28120.00;1256620.00;1284740.00;125662;2812;380.00;830.00;1210.00;83;38;0.00;0.00;0;0
1396967468;sv_mp1-eth0;30340.00;1256620.00;1286960.00;125662;3034;410.00;830.00;1240.00;83;41;0.00;0.00;0;0
1396967468;total;30340.00;1256620.00;1286960.00;125662;3034;410.00;830.00;1240.00;83;41;0.00;0.00;0;0
1396967468;sv_mp1-eth0;31080.00;1256620.00;1287700.00;125662;3108;420.00;830.00;1250.00;83;42;0.00;0.00;0;0
1396967468;total;31080.00;1256620.00;1287700.00;125662;3108;420.00;830.00;1250.00;83;42;0.00;0.00;0;0
1396967468;sv_mp1-eth0;30340.00;1241480.00;1271820.00;124148;3034;410.00;820.00;1230.00;82;41;0.00;0.00;0;0
1396967468;total;30340.00;1241480.00;1271820.00;124148;3034;410.00;820.00;1230.00;82;41;0.00;0.00;0;0
1396967468;sv_mp1-eth0;31080.00;1256620.00;1287700.00;125662;3108;420.00;830.00;1250.00;83;42;0.00;0.00;0;0
1396967468;total;31080.00;1256620.00;1287700.00;125662;3108;420.00;830.00;1250.00;83;42;0.00;0.00;0;0
1396967468;sv_mp1-eth0;30340.00;1256620.00;1286960.00;125662;3034;410.00;830.00;1240.00;83;41;0.00;0.00;0;0
1396967468;total;30340.00;1256620.00;1286960.00;125662;3034;410.00;830.00;1240.00;83;41;0.00;0.00;0;0
1396967468;sv_mp1-eth0;31080.00;1256620.00;1287700.00;125662;3108;420.00;830.00;1250.00;83;42;0.00;0.00;0;0
1396967468;total;31080.00;1256620.00;1287700.00;125662;3108;420.00;830.00;1250.00;83;42;0.00;0.00;0;0
1396967468;sv_mp1-eth0;31080.00;1256620.00;1287700.00;125662;3108;420.00;830.00;1250.00;83;42;0.00;0.00;0;0
1396967468;total;31080.00;1256620.00;1287700.00;125662;3108;420.00;830.00;1250.00;83;42;0.00;0.00;0;0
1396967468;sv_mp1-eth0;30340.00;1256620.00;1286960.00;125662;3034;410.00;830.00;1240.00;83;41;0.00;0.00;0;0
1396967468;total;30340.00;1256620.00;1286960.00;125662;3034;410.00;830.00;1240.00;83;41;0.00;0.00;0;0
1396967469;sv_mp1-eth0;30039.61;1229188.17;1259227.77;124148;3034;405.94;811.88;1217.82;82;41;0.00;0.00;0;0
1396967469;total;30039.61;1229188.17;1259227.77;124148;3034;405.94;811.88;1217.82;82;41;0.00;0.00;0;0
1396967469;sv_mp1-eth0;31080.00;1271760.00;1302840.00;127176;3108;420.00;840.00;1260.00;84;42;0.00;0.00;0;0
1396967469;total;31080.00;1271760.00;1302840.00;127176;3108;420.00;840.00;1260.00;84;42;0.00;0.00;0;0
1396967469;sv_mp1-eth0;31080.00;1241480.00;1272560.00;124148;3108;420.00;820.00;1240.00;82;42;0.00;0.00;0;0
1396967469;total;31080.00;1241480.00;1272560.00;124148;3108;420.00;820.00;1240.00;82;42;0.00;0.00;0;0
1396967469;sv_mp1-eth0;31080.00;1256620.00;1287700.00;125662;3108;420.00;830.00;1250.00;83;42;0.00;0.00;0;0
1396967469;total;31080.00;1256620.00;1287700.00;125662;3108;420.00;830.00;1250.00;83;42;0.00;0.00;0;0
1396967469;sv_mp1-eth0;30340.00;1256620.00;1286960.00;125662;3034;410.00;830.00;1240.00;83;41;0.00;0.00;0;0
1396967469;total;30340.00;1256620.00;1286960.00;125662;3034;410.00;830.00;1240.00;83;41;0.00;0.00;0;0
1396967469;sv_mp1-eth0;31080.00;1256620.00;1287700.00;125662;3108;420.00;830.00;1250.00;83;42;0.00;0.00;0;0
1396967469;total;31080.00;1256620.00;1287700.00;125662;3108;420.00;830.00;1250.00;83;42;0.00;0.00;0;0
1396967469;sv_mp1-eth0;30470.59;1246823.55;1277294.13;127176;3108;411.76;823.53;1235.29;84;42;0.00;0.00;0;0
1396967469;total;30470.59;1246823.55;1277294.13;127176;3108;411.76;823.53;1235.29;84;42;0.00;0.00;0;0
1396967469;sv_mp1-eth0;30039.61;1244178.27;1274217.87;125662;3034;405.94;821.78;1227.72;83;41;0.00;0.00;0;0
1396967469;total;30039.61;1244178.27;1274217.87;125662;3034;405.94;821.78;1227.72;83;41;0.00;0.00;0;0
1396967469;sv_mp1-eth0;30340.00;1256620.00;1286960.00;125662;3034;410.00;830.00;1240.00;83;41;0.00;0.00;0;0
1396967469;total;30340.00;1256620.00;1286960.00;125662;3034;410.00;830.00;1240.00;83;41;0.00;0.00;0;0
1396967469;sv_mp1-eth0;30772.28;1244178.27;1274950.54;125662;3108;415.84;821.78;1237.62;83;42;0.00;0.00;0;0
1396967469;total;30772.28;1244178.27;1274950.54;125662;3108;415.84;821.78;1237.62;83;42;0.00;0.00;0;0
1396967470;sv_mp1-eth0;31080.00;1256620.00;1287700.00;125662;3108;420.00;830.00;1250.00;83;42;0.00;0.00;0;0
1396967470;total;31080.00;1256620.00;1287700.00;125662;3108;420.00;830.00;1250.00;83;42;0.00;0.00;0;0
1396967470;sv_mp1-eth0;30340.00;1241480.00;1271820.00;124148;3034;410.00;820.00;1230.00;82;41;0.00;0.00;0;0
1396967470;total;30340.00;1241480.00;1271820.00;124148;3034;410.00;820.00;1230.00;82;41;0.00;0.00;0;0
1396967470;sv_mp1-eth0;28860.00;1256620.00;1285480.00;125662;2886;390.00;830.00;1220.00;83;39;0.00;0.00;0;0
1396967470;total;28860.00;1256620.00;1285480.00;125662;2886;390.00;830.00;1220.00;83;39;0.00;0.00;0;0
1396967470;sv_mp1-eth0;31080.00;1256620.00;1287700.00;125662;3108;420.00;830.00;1250.00;83;42;0.00;0.00;0;0
1396967470;total;31080.00;1256620.00;1287700.00;125662;3108;420.00;830.00;1250.00;83;42;0.00;0.00;0;0
1396967470;sv_mp1-eth0;30340.00;1256620.00;1286960.00;125662;3034;410.00;830.00;1240.00;83;41;0.00;0.00;0;0
1396967470;total;30340.00;1256620.00;1286960.00;125662;3034;410.00;830.00;1240.00;83;41;0.00;0.00;0;0
1396967470;sv_mp1-eth0;30340.00;1256620.00;1286960.00;125662;3034;410.00;830.00;1240.00;83;41;0.00;0.00;0;0
1396967470;total;30340.00;1256620.00;1286960.00;125662;3034;410.00;830.00;1240.00;83;41;0.00;0.00;0;0
1396967470;sv_mp1-eth0;30772.28;1259168.37;1289940.64;127176;3108;415.84;831.68;1247.52;84;42;0.00;0.00;0;0
1396967470;total;30772.28;1259168.37;1289940.64;127176;3108;415.84;831.68;1247.52;84;42;0.00;0.00;0;0
1396967470;sv_mp1-eth0;30340.00;1256620.00;1286960.00;125662;3034;410.00;830.00;1240.00;83;41;0.00;0.00;0;0
1396967470;total;30340.00;1256620.00;1286960.00;125662;3034;410.00;830.00;1240.00;83;41;0.00;0.00;0;0
1396967470;sv_mp1-eth0;31080.00;1241480.00;1272560.00;124148;3108;420.00;820.00;1240.00;82;42;0.00;0.00;0;0
1396967470;total;31080.00;1241480.00;1272560.00;124148;3108;420.00;820.00;1240.00;82;42;0.00;0.00;0;0
1396967471;sv_mp1-eth0;30039.61;1244178.27;1274217.87;125662;3034;405.94;821.78;1227.72;83;41;0.00;0.00;0;0
1396967471;total;30039.61;1244178.27;1274217.87;125662;3034;405.94;821.78;1227.72;83;41;0.00;0.00;0;0
1396967471;sv_mp1-eth0;31080.00;1256620.00;1287700.00;125662;3108;420.00;830.00;1250.00;83;42;0.00;0.00;0;0
1396967471;total;31080.00;1256620.00;1287700.00;125662;3108;420.00;830.00;1250.00;83;42;0.00;0.00;0;0
1396967471;sv_mp1-eth0;29600.00;1256620.00;1286220.00;125662;2960;400.00;830.00;1230.00;83;40;0.00;0.00;0;0
1396967471;total;29600.00;1256620.00;1286220.00;125662;2960;400.00;830.00;1230.00;83;40;0.00;0.00;0;0
1396967471;sv_mp1-eth0;31080.00;1256620.00;1287700.00;125662;3108;420.00;830.00;1250.00;83;42;0.00;0.00;0;0
1396967471;total;31080.00;1256620.00;1287700.00;125662;3108;420.00;830.00;1250.00;83;42;0.00;0.00;0;0
1396967471;sv_mp1-eth0;30340.00;1241480.00;1271820.00;124148;3034;410.00;820.00;1230.00;82;41;0.00;0.00;0;0
1396967471;total;30340.00;1241480.00;1271820.00;124148;3034;410.00;820.00;1230.00;82;41;0.00;0.00;0;0
1396967471;sv_mp1-eth0;31080.00;1256620.00;1287700.00;125662;3108;420.00;830.00;1250.00;83;42;0.00;0.00;0;0
1396967471;total;31080.00;1256620.00;1287700.00;125662;3108;420.00;830.00;1250.00;83;42;0.00;0.00;0;0
1396967471;sv_mp1-eth0;31080.00;1256620.00;1287700.00;125662;3108;420.00;830.00;1250.00;83;42;0.00;0.00;0;0
1396967471;total;31080.00;1256620.00;1287700.00;125662;3108;420.00;830.00;1250.00;83;42;0.00;0.00;0;0
1396967471;sv_mp1-eth0;29600.00;1256620.00;1286220.00;125662;2960;400.00;830.00;1230.00;83;40;0.00;0.00;0;0
1396967471;total;29019.61;1231980.41;1261000.02;125662;2960;392.16;813.73;1205.88;83;40;0.00;0.00;0;0
1396967471;sv_mp1-eth0;29745.10;1246823.55;1276568.64;127176;3034;401.96;823.53;1225.49;84;41;0.00;0.00;0;0
1396967471;total;30340.00;1271760.00;1302100.00;127176;3034;410.00;840.00;1250.00;84;41;0.00;0.00;0;0
1396967471;sv_mp1-eth0;31080.00;1256620.00;1287700.00;125662;3108;420.00;830.00;1250.00;83;42;0.00;0.00;0;0
1396967471;total;31080.00;1256620.00;1287700.00;125662;3108;420.00;830.00;1250.00;83;42;0.00;0.00;0;0
1396967472;sv_mp1-eth0;29019.61;1246823.55;1275843.15;127176;2960;392.16;823.53;1215.69;84;40;0.00;0.00;0;0
1396967472;total;29019.61;1246823.55;1275843.15;127176;2960;392.16;823.53;1215.69;84;40;0.00;0.00;0;0
1396967472;sv_mp1-eth0;28860.00;1256620.00;1285480.00;125662;2886;390.00;830.00;1220.00;83;39;0.00;0.00;0;0
1396967472;total;28860.00;1256620.00;1285480.00;125662;2886;390.00;830.00;1220.00;83;39;0.00;0.00;0;0
1396967472;sv_mp1-eth0;30340.00;1256620.00;1286960.00;125662;3034;410.00;830.00;1240.00;83;41;0.00;0.00;0;0
1396967472;total;30340.00;1256620.00;1286960.00;125662;3034;410.00;830.00;1240.00;83;41;0.00;0.00;0;0
1396967472;sv_mp1-eth0;30340.00;1256620.00;1286960.00;125662;3034;410.00;830.00;1240.00;83;41;0.00;0.00;0;0
1396967472;total;30340.00;1256620.00;1286960.00;125662;3034;410.00;830.00;1240.00;83;41;0.00;0.00;0;0
1396967472;sv_mp1-eth0;30340.00;1256620.00;1286960.00;125662;3034;410.00;830.00;1240.00;83;41;0.00;0.00;0;0
1396967472;total;30340.00;1256620.00;1286960.00;125662;3034;410.00;830.00;1240.00;83;41;0.00;0.00;0;0
1396967472;sv_mp1-eth0;28120.00;1256620.00;1284740.00;125662;2812;380.00;830.00;1210.00;83;38;0.00;0.00;0;0
1396967472;total;28120.00;1256620.00;1284740.00;125662;2812;380.00;830.00;1210.00;83;38;0.00;0.00;0;0
1396967472;sv_mp1-eth0;31080.00;1256620.00;1287700.00;125662;3108;420.00;830.00;1250.00;83;42;0.00;0.00;0;0
1396967472;total;31080.00;1256620.00;1287700.00;125662;3108;420.00;830.00;1250.00;83;42;0.00;0.00;0;0
1396967472;sv_mp1-eth0;30596.16;1251961.60;1282557.75;130204;3182;413.46;826.92;1240.38;86;43;0.00;0.00;0;0
1396967472;total;30596.16;1251961.60;1282557.75;130204;3182;413.46;826.92;1240.38;86;43;0.00;0.00;0;0
1396967472;sv_mp1-eth0;28860.00;1256620.00;1285480.00;125662;2886;390.00;830.00;1220.00;83;39;0.00;0.00;0;0
1396967472;total;28860.00;1256620.00;1285480.00;125662;2886;390.00;830.00;1220.00;83;39;0.00;0.00;0;0
1396967472;sv_mp1-eth0;30340.00;1256620.00;1286960.00;125662;3034;410.00;830.00;1240.00;83;41;0.00;0.00;0;0
1396967472;total;30340.00;1256620.00;1286960.00;125662;3034;410.00;830.00;1240.00;83;41;0.00;0.00;0;0
1396967473;sv_mp1-eth0;30039.61;1229188.17;1259227.77;124148;3034;405.94;811.88;1217.82;82;41;0.00;0.00;0;0
1396967473;total;30039.61;1229188.17;1259227.77;124148;3034;405.94;811.88;1217.82;82;41;0.00;0.00;0;0
1396967473;sv_mp1-eth0;31080.00;1256620.00;1287700.00;125662;3108;420.00;830.00;1250.00;83;42;0.00;0.00;0;0
1396967473;total;31080.00;1256620.00;1287700.00;125662;3108;420.00;830.00;1250.00;83;42;0.00;0.00;0;0
1396967473;sv_mp1-eth0;31820.00;1256620.00;1288440.00;125662;3182;430.00;830.00;1260.00;83;43;0.00;0.00;0;0
1396967473;total;31820.00;1256620.00;1288440.00;125662;3182;430.00;830.00;1260.00;83;43;0.00;0.00;0;0
1396967473;sv_mp1-eth0;28120.00;1256620.00;1284740.00;125662;2812;380.00;830.00;1210.00;83;38;0.00;0.00;0;0
1396967473;total;28120.00;1256620.00;1284740.00;125662;2812;380.00;830.00;1210.00;83;38;0.00;0.00;0;0
