1396969128;sv_mp1-eth1;0.00;0.00;0.00;0;0;0.00;0.00;0.00;0;0;0.00;0.00;0;0
1396969128;total;0.00;0.00;0.00;0;0;0.00;0.00;0.00;0;0;0.00;0.00;0;0
1396969128;sv_mp1-eth1;0.00;420.00;420.00;42;0;0.00;10.00;10.00;1;0;0.00;0.00;0;0
1396969128;total;0.00;420.00;420.00;42;0;0.00;10.00;10.00;1;0;0.00;0.00;0;0
1396969128;sv_mp1-eth1;0.00;420.00;420.00;42;0;0.00;10.00;10.00;1;0;0.00;0.00;0;0
1396969128;total;0.00;420.00;420.00;42;0;0.00;10.00;10.00;1;0;0.00;0.00;0;0
1396969128;sv_mp1-eth1;0.00;0.00;0.00;0;0;0.00;0.00;0.00;0;0;0.00;0.00;0;0
1396969128;total;0.00;0.00;0.00;0;0;0.00;0.00;0.00;0;0;0.00;0.00;0;0
1396969128;sv_mp1-eth1;831.68;831.68;1663.37;84;84;19.80;19.80;39.60;2;2;0.00;0.00;0;0
1396969129;total;815.53;815.53;1631.07;84;84;19.42;19.42;38.83;2;2;0.00;0.00;0;0
1396969129;sv_mp1-eth1;0.00;0.00;0.00;0;0;0.00;0.00;0.00;0;0;0.00;0.00;0;0
1396969129;total;0.00;0.00;0.00;0;0;0.00;0.00;0.00;0;0;0.00;0.00;0;0
1396969129;sv_mp1-eth1;1764.71;1686.27;3450.98;172;180;19.61;19.61;39.22;2;2;0.00;0.00;0;0
1396969129;total;1764.71;1686.27;3450.98;172;180;19.61;19.61;39.22;2;2;0.00;0.00;0;0
1396969129;sv_mp1-eth1;0.00;0.00;0.00;0;0;0.00;0.00;0.00;0;0;0.00;0.00;0;0
1396969129;total;0.00;0.00;0.00;0;0;0.00;0.00;0.00;0;0;0.00;0.00;0;0
1396969129;sv_mp1-eth1;0.00;0.00;0.00;0;0;0.00;0.00;0.00;0;0;0.00;0.00;0;0
1396969129;total;0.00;0.00;0.00;0;0;0.00;0.00;0.00;0;0;0.00;0.00;0;0
1396969129;sv_mp1-eth1;1480.00;1800.00;3280.00;180;148;20.00;20.00;40.00;2;2;0.00;0.00;0;0
1396969129;total;1480.00;1800.00;3280.00;180;148;20.00;20.00;40.00;2;2;0.00;0.00;0;0
1396969129;sv_mp1-eth1;0.00;0.00;0.00;0;0;0.00;0.00;0.00;0;0;0.00;0.00;0;0
1396969129;total;0.00;0.00;0.00;0;0;0.00;0.00;0.00;0;0;0.00;0.00;0;0
1396969129;sv_mp1-eth1;14800.00;302800.00;317600.00;30280;1480;200.00;200.00;400.00;20;20;0.00;0.00;0;0
1396969129;total;14800.00;302800.00;317600.00;30280;1480;200.00;200.00;400.00;20;20;0.00;0.00;0;0
1396969129;sv_mp1-eth1;0.00;0.00;0.00;0;0;0.00;0.00;0.00;0;0;0.00;0.00;0;0
1396969129;total;0.00;0.00;0.00;0;0;0.00;0.00;0.00;0;0;0.00;0.00;0;0
1396969129;sv_mp1-eth1;6660.00;333080.00;339740.00;33308;666;90.00;220.00;310.00;22;9;0.00;0.00;0;0
1396969129;total;6660.00;333080.00;339740.00;33308;666;90.00;220.00;310.00;22;9;0.00;0.00;0;0
1396969130;sv_mp1-eth1;17584.16;269821.79;287405.95;27252;1776;237.62;178.22;415.84;18;24;0.00;0.00;0;0
1396969130;total;17584.16;269821.79;287405.95;27252;1776;237.62;178.22;415.84;18;24;0.00;0.00;0;0
1396969130;sv_mp1-eth1;0.00;0.00;0.00;0;0;0.00;0.00;0.00;0;0;0.00;0.00;0;0
1396969130;total;0.00;0.00;0.00;0;0;0.00;0.00;0.00;0;0;0.00;0.00;0;0
1396969130;sv_mp1-eth1;28120.00;1105220.00;1133340.00;110522;2812;380.00;730.00;1110.00;73;38;0.00;0.00;0;0
1396969130;total;28120.00;1105220.00;1133340.00;110522;2812;380.00;730.00;1110.00;73;38;0.00;0.00;0;0
1396969130;sv_mp1-eth1;740.00;0.00;740.00;0;74;10.00;0.00;10.00;0;1;0.00;0.00;0;0
1396969130;total;740.00;0.00;740.00;0;74;10.00;0.00;10.00;0;1;0.00;0.00;0;0
1396969130;sv_mp1-eth1;17411.76;831215.70;848627.46;84784;1776;235.29;549.02;784.31;56;24;0.00;0.00;0;0
1396969130;total;17411.76;831215.70;848627.46;84784;1776;235.29;549.02;784.31;56;24;0.00;0.00;0;0
1396969130;sv_mp1-eth1;22940.00;847840.00;870780.00;84784;2294;310.00;560.00;870.00;56;31;0.00;0.00;0;0
1396969130;total;22940.00;847840.00;870780.00;84784;2294;310.00;560.00;870.00;56;31;0.00;0.00;0;0
1396969130;sv_mp1-eth1;8140.00;484480.00;492620.00;48448;814;110.00;320.00;430.00;32;11;0.00;0.00;0;0
1396969130;total;8140.00;484480.00;492620.00;48448;814;110.00;320.00;430.00;32;11;0.00;0.00;0;0
1396969130;sv_mp1-eth1;34780.00;1256620.00;1291400.00;125662;3478;470.00;830.00;1300.00;83;47;0.00;0.00;0;0
1396969130;total;34780.00;1256620.00;1291400.00;125662;3478;470.00;830.00;1300.00;83;47;0.00;0.00;0;0
1396969130;sv_mp1-eth1;24420.00;908400.00;932820.00;90840;2442;330.00;600.00;930.00;60;33;0.00;0.00;0;0
1396969130;total;24420.00;908400.00;932820.00;90840;2442;330.00;600.00;930.00;60;33;0.00;0.00;0;0
1396969130;sv_mp1-eth1;30340.00;1256620.00;1286960.00;125662;3034;410.00;830.00;1240.00;83;41;0.00;0.00;0;0
1396969130;total;30340.00;1256620.00;1286960.00;125662;3034;410.00;830.00;1240.00;83;41;0.00;0.00;0;0
1396969131;sv_mp1-eth1;42285.71;1240038.08;1282323.80;130204;4440;571.43;819.05;1390.48;86;60;0.00;0.00;0;0
1396969131;total;42285.71;1240038.08;1282323.80;130204;4440;571.43;819.05;1390.48;86;60;0.00;0.00;0;0
1396969131;sv_mp1-eth1;29600.00;1256620.00;1286220.00;125662;2960;400.00;830.00;1230.00;83;40;0.00;0.00;0;0
1396969131;total;29600.00;1256620.00;1286220.00;125662;2960;400.00;830.00;1230.00;83;40;0.00;0.00;0;0
1396969131;sv_mp1-eth1;31080.00;1256620.00;1287700.00;125662;3108;420.00;830.00;1250.00;83;42;0.00;0.00;0;0
1396969131;total;31080.00;1256620.00;1287700.00;125662;3108;420.00;830.00;1250.00;83;42;0.00;0.00;0;0
1396969131;sv_mp1-eth1;36260.00;1256620.00;1292880.00;125662;3626;490.00;830.00;1320.00;83;49;0.00;0.00;0;0
1396969131;total;36260.00;1256620.00;1292880.00;125662;3626;490.00;830.00;1320.00;83;49;0.00;0.00;0;0
1396969131;sv_mp1-eth1;34780.00;1256620.00;1291400.00;125662;3478;470.00;830.00;1300.00;83;47;0.00;0.00;0;0
1396969131;total;34435.64;1244178.27;1278613.91;125662;3478;465.35;821.78;1287.13;83;47;0.00;0.00;0;0
1396969131;sv_mp1-eth1;30772.28;1244178.27;1274950.54;125662;3108;415.84;821.78;1237.62;83;42;0.00;0.00;0;0
1396969131;total;31080.00;1256620.00;1287700.00;125662;3108;420.00;830.00;1250.00;83;42;0.00;0.00;0;0
1396969131;sv_mp1-eth1;30340.00;1256620.00;1286960.00;125662;3034;410.00;830.00;1240.00;83;41;0.00;0.00;0;0
1396969131;total;30340.00;1256620.00;1286960.00;125662;3034;410.00;830.00;1240.00;83;41;0.00;0.00;0;0
1396969131;sv_mp1-eth1;42920.00;1256620.00;1299540.00;125662;4292;580.00;830.00;1410.00;83;58;0.00;0.00;0;0
1396969131;total;42920.00;1256620.00;1299540.00;125662;4292;580.00;830.00;1410.00;83;58;0.00;0.00;0;0
1396969131;sv_mp1-eth1;31080.00;1256620.00;1287700.00;125662;3108;420.00;830.00;1250.00;83;42;0.00;0.00;0;0
1396969131;total;31080.00;1256620.00;1287700.00;125662;3108;420.00;830.00;1250.00;83;42;0.00;0.00;0;0
1396969131;sv_mp1-eth1;30340.00;1256620.00;1286960.00;125662;3034;410.00;830.00;1240.00;83;41;0.00;0.00;0;0
1396969131;total;30340.00;1256620.00;1286960.00;125662;3034;410.00;830.00;1240.00;83;41;0.00;0.00;0;0
1396969132;sv_mp1-eth1;29306.93;1244178.27;1273485.20;125662;2960;396.04;821.78;1217.82;83;40;0.00;0.00;0;0
1396969132;total;29306.93;1244178.27;1273485.20;125662;2960;396.04;821.78;1217.82;83;40;0.00;0.00;0;0
1396969132;sv_mp1-eth1;39220.00;1256620.00;1295840.00;125662;3922;530.00;830.00;1360.00;83;53;0.00;0.00;0;0
1396969132;total;39220.00;1256620.00;1295840.00;125662;3922;530.00;830.00;1360.00;83;53;0.00;0.00;0;0
1396969132;sv_mp1-eth1;31080.00;1271760.00;1302840.00;127176;3108;420.00;840.00;1260.00;84;42;0.00;0.00;0;0
1396969132;total;31080.00;1271760.00;1302840.00;127176;3108;420.00;840.00;1260.00;84;42;0.00;0.00;0;0
1396969132;sv_mp1-eth1;31080.00;1241480.00;1272560.00;124148;3108;420.00;820.00;1240.00;82;42;0.00;0.00;0;0
1396969132;total;31080.00;1241480.00;1272560.00;124148;3108;420.00;820.00;1240.00;82;42;0.00;0.00;0;0
1396969132;sv_mp1-eth1;29600.00;1256620.00;1286220.00;125662;2960;400.00;830.00;1230.00;83;40;0.00;0.00;0;0
1396969132;total;29600.00;1256620.00;1286220.00;125662;2960;400.00;830.00;1230.00;83;40;0.00;0.00;0;0
1396969132;sv_mp1-eth1;37740.00;1256620.00;1294360.00;125662;3774;510.00;830.00;1340.00;83;51;0.00;0.00;0;0
1396969132;total;37740.00;1256620.00;1294360.00;125662;3774;510.00;830.00;1340.00;83;51;0.00;0.00;0;0
1396969132;sv_mp1-eth1;30039.61;1259168.37;1289207.97;127176;3034;405.94;831.68;1237.62;84;41;0.00;0.00;0;0
1396969132;total;30039.61;1259168.37;1289207.97;127176;3034;405.94;831.68;1237.62;84;41;0.00;0.00;0;0
1396969132;sv_mp1-eth1;28860.00;1256620.00;1285480.00;125662;2886;390.00;830.00;1220.00;83;39;0.00;0.00;0;0
1396969132;total;28860.00;1256620.00;1285480.00;125662;2886;390.00;830.00;1220.00;83;39;0.00;0.00;0;0
1396969132;sv_mp1-eth1;31080.00;1256620.00;1287700.00;125662;3108;420.00;830.00;1250.00;83;42;0.00;0.00;0;0
1396969132;total;31080.00;1256620.00;1287700.00;125662;3108;420.00;830.00;1250.00;83;42;0.00;0.00;0;0
1396969132;sv_mp1-eth1;35520.00;1256620.00;1292140.00;125662;3552;480.00;830.00;1310.00;83;48;0.00;0.00;0;0
1396969132;total;34485.44;1220019.48;1254504.91;125662;3552;466.02;805.83;1271.84;83;48;0.00;0.00;0;0
1396969133;sv_mp1-eth1;30304.76;1240038.08;1270342.85;130204;3182;409.52;819.05;1228.57;86;43;0.00;0.00;0;0
1396969133;total;31504.95;1289148.57;1320653.52;130204;3182;425.74;851.49;1277.23;86;43;0.00;0.00;0;0
1396969133;sv_mp1-eth1;30340.00;1256620.00;1286960.00;125662;3034;410.00;830.00;1240.00;83;41;0.00;0.00;0;0
1396969133;total;30340.00;1256620.00;1286960.00;125662;3034;410.00;830.00;1240.00;83;41;0.00;0.00;0;0
1396969133;sv_mp1-eth1;31080.00;1256620.00;1287700.00;125662;3108;420.00;830.00;1250.00;83;42;0.00;0.00;0;0
1396969133;total;31080.00;1256620.00;1287700.00;125662;3108;420.00;830.00;1250.00;83;42;0.00;0.00;0;0
1396969133;sv_mp1-eth1;36260.00;1256620.00;1292880.00;125662;3626;490.00;830.00;1320.00;83;49;0.00;0.00;0;0
1396969133;total;36260.00;1256620.00;1292880.00;125662;3626;490.00;830.00;1320.00;83;49;0.00;0.00;0;0
1396969133;sv_mp1-eth1;31820.00;1256620.00;1288440.00;125662;3182;430.00;830.00;1260.00;83;43;0.00;0.00;0;0
1396969133;total;31820.00;1256620.00;1288440.00;125662;3182;430.00;830.00;1260.00;83;43;0.00;0.00;0;0
1396969133;sv_mp1-eth1;30340.00;1256620.00;1286960.00;125662;3034;410.00;830.00;1240.00;83;41;0.00;0.00;0;0
1396969133;total;30340.00;1256620.00;1286960.00;125662;3034;410.00;830.00;1240.00;83;41;0.00;0.00;0;0
1396969133;sv_mp1-eth1;29600.00;1256620.00;1286220.00;125662;2960;400.00;830.00;1230.00;83;40;0.00;0.00;0;0
1396969133;total;29600.00;1256620.00;1286220.00;125662;2960;400.00;830.00;1230.00;83;40;0.00;0.00;0;0
1396969133;sv_mp1-eth1;31080.00;1256620.00;1287700.00;125662;3108;420.00;830.00;1250.00;83;42;0.00;0.00;0;0
1396969133;total;31080.00;1256620.00;1287700.00;125662;3108;420.00;830.00;1250.00;83;42;0.00;0.00;0;0
1396969133;sv_mp1-eth1;37000.00;1256620.00;1293620.00;125662;3700;500.00;830.00;1330.00;83;50;0.00;0.00;0;0
1396969133;total;37000.00;1256620.00;1293620.00;125662;3700;500.00;830.00;1330.00;83;50;0.00;0.00;0;0
1396969133;sv_mp1-eth1;31080.00;1256620.00;1287700.00;125662;3108;420.00;830.00;1250.00;83;42;0.00;0.00;0;0
1396969133;total;31080.00;1256620.00;1287700.00;125662;3108;420.00;830.00;1250.00;83;42;0.00;0.00;0;0
1396969134;sv_mp1-eth1;30893.21;1234718.51;1265611.71;127176;3182;417.48;815.53;1233.01;84;43;0.00;0.00;0;0
1396969134;total;30893.21;1234718.51;1265611.71;127176;3182;417.48;815.53;1233.01;84;43;0.00;0.00;0;0
1396969134;sv_mp1-eth1;31080.00;1256620.00;1287700.00;125662;3108;420.00;830.00;1250.00;83;42;0.00;0.00;0;0
1396969134;total;31080.00;1256620.00;1287700.00;125662;3108;420.00;830.00;1250.00;83;42;0.00;0.00;0;0
1396969134;sv_mp1-eth1;36260.00;1271760.00;1308020.00;127176;3626;490.00;840.00;1330.00;84;49;0.00;0.00;0;0
1396969134;total;36260.00;1271760.00;1308020.00;127176;3626;490.00;840.00;1330.00;84;49;0.00;0.00;0;0
1396969134;sv_mp1-eth1;30340.00;1256620.00;1286960.00;125662;3034;410.00;830.00;1240.00;83;41;0.00;0.00;0;0
1396969134;total;30340.00;1256620.00;1286960.00;125662;3034;410.00;830.00;1240.00;83;41;0.00;0.00;0;0
1396969134;sv_mp1-eth1;31080.00;1241480.00;1272560.00;124148;3108;420.00;820.00;1240.00;82;42;0.00;0.00;0;0
1396969134;total;31080.00;1241480.00;1272560.00;124148;3108;420.00;820.00;1240.00;82;42;0.00;0.00;0;0
1396969134;sv_mp1-eth1;30039.61;1259168.37;1289207.97;127176;3034;405.94;831.68;1237.62;84;41;0.00;0.00;0;0
1396969134;total;30039.61;1259168.37;1289207.97;127176;3034;405.94;831.68;1237.62;84;41;0.00;0.00;0;0
1396969134;sv_mp1-eth1;28860.00;1256620.00;1285480.00;125662;2886;390.00;830.00;1220.00;83;39;0.00;0.00;0;0
1396969134;total;28860.00;1256620.00;1285480.00;125662;2886;390.00;830.00;1220.00;83;39;0.00;0.00;0;0
1396969134;sv_mp1-eth1;38480.00;1256620.00;1295100.00;125662;3848;520.00;830.00;1350.00;83;52;0.00;0.00;0;0
1396969134;total;38480.00;1256620.00;1295100.00;125662;3848;520.00;830.00;1350.00;83;52;0.00;0.00;0;0
1396969134;sv_mp1-eth1;30340.00;1256620.00;1286960.00;125662;3034;410.00;830.00;1240.00;83;41;0.00;0.00;0;0
1396969134;total;30340.00;1256620.00;1286960.00;125662;3034;410.00;830.00;1240.00;83;41;0.00;0.00;0;0
1396969134;sv_mp1-eth1;30596.16;1251961.60;1282557.75;130204;3182;413.46;826.92;1240.38;86;43;0.00;0.00;0;0
1396969134;total;30596.16;1251961.60;1282557.75;130204;3182;413.46;826.92;1240.38;86;43;0.00;0.00;0;0
1396969135;sv_mp1-eth1;30039.61;1244178.27;1274217.87;125662;3034;405.94;821.78;1227.72;83;41;0.00;0.00;0;0
1396969135;total;30039.61;1244178.27;1274217.87;125662;3034;405.94;821.78;1227.72;83;41;0.00;0.00;0;0
1396969135;sv_mp1-eth1;31504.95;1259168.37;1290673.32;127176;3182;425.74;831.68;1257.43;84;43;0.00;0.00;0;0
1396969135;total;31504.95;1259168.37;1290673.32;127176;3182;425.74;831.68;1257.43;84;43;0.00;0.00;0;0
1396969135;sv_mp1-eth1;31080.00;1256620.00;1287700.00;125662;3108;420.00;830.00;1250.00;83;42;0.00;0.00;0;0
1396969135;total;31080.00;1256620.00;1287700.00;125662;3108;420.00;830.00;1250.00;83;42;0.00;0.00;0;0
1396969135;sv_mp1-eth1;38099.01;1244178.27;1282277.28;125662;3848;514.85;821.78;1336.63;83;52;0.00;0.00;0;0
1396969135;total;38099.01;1244178.27;1282277.28;125662;3848;514.85;821.78;1336.63;83;52;0.00;0.00;0;0
1396969135;sv_mp1-eth1;30340.00;1256620.00;1286960.00;125662;3034;410.00;830.00;1240.00;83;41;0.00;0.00;0;0
1396969135;total;30340.00;1256620.00;1286960.00;125662;3034;410.00;830.00;1240.00;83;41;0.00;0.00;0;0
1396969135;sv_mp1-eth1;31080.00;1256620.00;1287700.00;125662;3108;420.00;830.00;1250.00;83;42;0.00;0.00;0;0
1396969135;total;31080.00;1256620.00;1287700.00;125662;3108;420.00;830.00;1250.00;83;42;0.00;0.00;0;0
1396969135;sv_mp1-eth1;31080.00;1256620.00;1287700.00;125662;3108;420.00;830.00;1250.00;83;42;0.00;0.00;0;0
1396969135;total;31080.00;1256620.00;1287700.00;125662;3108;420.00;830.00;1250.00;83;42;0.00;0.00;0;0
1396969135;sv_mp1-eth1;31080.00;1256620.00;1287700.00;125662;3108;420.00;830.00;1250.00;83;42;0.00;0.00;0;0
1396969135;total;31080.00;1256620.00;1287700.00;125662;3108;420.00;830.00;1250.00;83;42;0.00;0.00;0;0
1396969135;sv_mp1-eth1;39960.00;1256620.00;1296580.00;125662;3996;540.00;830.00;1370.00;83;54;0.00;0.00;0;0
1396969135;total;39960.00;1256620.00;1296580.00;125662;3996;540.00;830.00;1370.00;83;54;0.00;0.00;0;0
1396969135;sv_mp1-eth1;31820.00;1256620.00;1288440.00;125662;3182;430.00;830.00;1260.00;83;43;0.00;0.00;0;0
1396969135;total;31820.00;1256620.00;1288440.00;125662;3182;430.00;830.00;1260.00;83;43;0.00;0.00;0;0
1396969136;sv_mp1-eth1;30039.61;1244178.27;1274217.87;125662;3034;405.94;821.78;1227.72;83;41;0.00;0.00;0;0
1396969136;total;30039.61;1244178.27;1274217.87;125662;3034;405.94;821.78;1227.72;83;41;0.00;0.00;0;0
1396969136;sv_mp1-eth1;30340.00;1256620.00;1286960.00;125662;3034;410.00;830.00;1240.00;83;41;0.00;0.00;0;0
1396969136;total;30340.00;1256620.00;1286960.00;125662;3034;410.00;830.00;1240.00;83;41;0.00;0.00;0;0
1396969136;sv_mp1-eth1;31080.00;1256620.00;1287700.00;125662;3108;420.00;830.00;1250.00;83;42;0.00;0.00;0;0
1396969136;total;31080.00;1256620.00;1287700.00;125662;3108;420.00;830.00;1250.00;83;42;0.00;0.00;0;0
1396969136;sv_mp1-eth1;31820.00;1256620.00;1288440.00;125662;3182;430.00;830.00;1260.00;83;43;0.00;0.00;0;0
1396969136;total;31820.00;1256620.00;1288440.00;125662;3182;430.00;830.00;1260.00;83;43;0.00;0.00;0;0
1396969136;sv_mp1-eth1;39220.00;1256620.00;1295840.00;125662;3922;530.00;830.00;1360.00;83;53;0.00;0.00;0;0
1396969136;total;39220.00;1256620.00;1295840.00;125662;3922;530.00;830.00;1360.00;83;53;0.00;0.00;0;0
1396969136;sv_mp1-eth1;31080.00;1241480.00;1272560.00;124148;3108;420.00;820.00;1240.00;82;42;0.00;0.00;0;0
1396969136;total;31080.00;1241480.00;1272560.00;124148;3108;420.00;820.00;1240.00;82;42;0.00;0.00;0;0
1396969136;sv_mp1-eth1;30340.00;1256620.00;1286960.00;125662;3034;410.00;830.00;1240.00;83;41;0.00;0.00;0;0
1396969136;total;30340.00;1256620.00;1286960.00;125662;3034;410.00;830.00;1240.00;83;41;0.00;0.00;0;0
1396969136;sv_mp1-eth1;31080.00;1256620.00;1287700.00;125662;3108;420.00;830.00;1250.00;83;42;0.00;0.00;0;0
1396969136;total;31080.00;1256620.00;1287700.00;125662;3108;420.00;830.00;1250.00;83;42;0.00;0.00;0;0
1396969136;sv_mp1-eth1;31080.00;1271760.00;1302840.00;127176;3108;420.00;840.00;1260.00;84;42;0.00;0.00;0;0
1396969136;total;29884.62;1222846.21;1252730.83;127176;3108;403.85;807.69;1211.54;84;42;0.00;0.00;0;0
1396969136;sv_mp1-eth1;30596.16;1251961.60;1282557.75;130204;3182;413.46;826.92;1240.38;86;43;0.00;0.00;0;0
1396969136;total;31820.00;1302040.00;1333860.00;130204;3182;430.00;860.00;1290.00;86;43;0.00;0.00;0;0
1396969137;sv_mp1-eth1;38831.68;1244178.27;1283009.95;125662;3922;524.75;821.78;1346.53;83;53;0.00;0.00;0;0
1396969137;total;38831.68;1244178.27;1283009.95;125662;3922;524.75;821.78;1346.53;83;53;0.00;0.00;0;0
1396969137;sv_mp1-eth1;31080.00;1256620.00;1287700.00;125662;3108;420.00;830.00;1250.00;83;42;0.00;0.00;0;0
1396969137;total;31080.00;1256620.00;1287700.00;125662;3108;420.00;830.00;1250.00;83;42;0.00;0.00;0;0
1396969137;sv_mp1-eth1;31080.00;1256620.00;1287700.00;125662;3108;420.00;830.00;1250.00;83;42;0.00;0.00;0;0
1396969137;total;31080.00;1256620.00;1287700.00;125662;3108;420.00;830.00;1250.00;83;42;0.00;0.00;0;0
1396969137;sv_mp1-eth1;31080.00;1256620.00;1287700.00;125662;3108;420.00;830.00;1250.00;83;42;0.00;0.00;0;0
1396969137;total;31080.00;1256620.00;1287700.00;125662;3108;420.00;830.00;1250.00;83;42;0.00;0.00;0;0
1396969137;sv_mp1-eth1;30340.00;1256620.00;1286960.00;125662;3034;410.00;830.00;1240.00;83;41;0.00;0.00;0;0
1396969137;total;30340.00;1256620.00;1286960.00;125662;3034;410.00;830.00;1240.00;83;41;0.00;0.00;0;0
1396969137;sv_mp1-eth1;31080.00;1256620.00;1287700.00;125662;3108;420.00;830.00;1250.00;83;42;0.00;0.00;0;0
1396969137;total;31080.00;1256620.00;1287700.00;125662;3108;420.00;830.00;1250.00;83;42;0.00;0.00;0;0
1396969137;sv_mp1-eth1;39220.00;1256620.00;1295840.00;125662;3922;530.00;830.00;1360.00;83;53;0.00;0.00;0;0
1396969137;total;39220.00;1256620.00;1295840.00;125662;3922;530.00;830.00;1360.00;83;53;0.00;0.00;0;0
1396969137;sv_mp1-eth1;33300.00;1241480.00;1274780.00;124148;3330;450.00;820.00;1270.00;82;45;0.00;0.00;0;0
1396969137;total;33300.00;1241480.00;1274780.00;124148;3330;450.00;820.00;1270.00;82;45;0.00;0.00;0;0
1396969137;sv_mp1-eth1;30340.00;1256620.00;1286960.00;125662;3034;410.00;830.00;1240.00;83;41;0.00;0.00;0;0
1396969137;total;30340.00;1256620.00;1286960.00;125662;3034;410.00;830.00;1240.00;83;41;0.00;0.00;0;0
1396969137;sv_mp1-eth1;31820.00;1256620.00;1288440.00;125662;3182;430.00;830.00;1260.00;83;43;0.00;0.00;0;0
1396969137;total;31820.00;1256620.00;1288440.00;125662;3182;430.00;830.00;1260.00;83;43;0.00;0.00;0;0
1396969138;sv_mp1-eth1;30039.61;1244178.27;1274217.87;125662;3034;405.94;821.78;1227.72;83;41;0.00;0.00;0;0
1396969138;total;30039.61;1244178.27;1274217.87;125662;3034;405.94;821.78;1227.72;83;41;0.00;0.00;0;0
1396969138;sv_mp1-eth1;31080.00;1256620.00;1287700.00;125662;3108;420.00;830.00;1250.00;83;42;0.00;0.00;0;0
1396969138;total;31080.00;1256620.00;1287700.00;125662;3108;420.00;830.00;1250.00;83;42;0.00;0.00;0;0
1396969138;sv_mp1-eth1;30340.00;1256620.00;1286960.00;125662;3034;410.00;830.00;1240.00;83;41;0.00;0.00;0;0
1396969138;total;30340.00;1256620.00;1286960.00;125662;3034;410.00;830.00;1240.00;83;41;0.00;0.00;0;0
1396969138;sv_mp1-eth1;37740.00;1256620.00;1294360.00;125662;3774;510.00;830.00;1340.00;83;51;0.00;0.00;0;0
1396969138;total;37740.00;1256620.00;1294360.00;125662;3774;510.00;830.00;1340.00;83;51;0.00;0.00;0;0
1396969138;sv_mp1-eth1;31080.00;1271760.00;1302840.00;127176;3108;420.00;840.00;1260.00;84;42;0.00;0.00;0;0
1396969138;total;31080.00;1271760.00;1302840.00;127176;3108;420.00;840.00;1260.00;84;42;0.00;0.00;0;0
1396969138;sv_mp1-eth1;31080.00;1256620.00;1287700.00;125662;3108;420.00;830.00;1250.00;83;42;0.00;0.00;0;0
1396969138;total;31080.00;1256620.00;1287700.00;125662;3108;420.00;830.00;1250.00;83;42;0.00;0.00;0;0
1396969138;sv_mp1-eth1;30772.28;1244178.27;1274950.54;125662;3108;415.84;821.78;1237.62;83;42;0.00;0.00;0;0
1396969138;total;30772.28;1244178.27;1274950.54;125662;3108;415.84;821.78;1237.62;83;42;0.00;0.00;0;0
1396969138;sv_mp1-eth1;31820.00;1256620.00;1288440.00;125662;3182;430.00;830.00;1260.00;83;43;0.00;0.00;0;0
1396969138;total;31820.00;1256620.00;1288440.00;125662;3182;430.00;830.00;1260.00;83;43;0.00;0.00;0;0
1396969138;sv_mp1-eth1;30304.76;1254457.13;1284761.89;131718;3182;409.52;828.57;1238.10;87;43;0.00;0.00;0;0
1396969138;total;30304.76;1254457.13;1284761.89;131718;3182;409.52;828.57;1238.10;87;43;0.00;0.00;0;0
1396969138;sv_mp1-eth1;31080.00;1256620.00;1287700.00;125662;3108;420.00;830.00;1250.00;83;42;0.00;0.00;0;0
1396969138;total;31080.00;1256620.00;1287700.00;125662;3108;420.00;830.00;1250.00;83;42;0.00;0.00;0;0
1396969139;sv_mp1-eth1;30039.61;1244178.27;1274217.87;125662;3034;405.94;821.78;1227.72;83;41;0.00;0.00;0;0
1396969139;total;30039.61;1244178.27;1274217.87;125662;3034;405.94;821.78;1227.72;83;41;0.00;0.00;0;0
1396969139;sv_mp1-eth1;54760.00;1256620.00;1311380.00;125662;5476;740.00;830.00;1570.00;83;74;0.00;0.00;0;0
1396969139;total;54760.00;1256620.00;1311380.00;125662;5476;740.00;830.00;1570.00;83;74;0.00;0.00;0;0
1396969139;sv_mp1-eth1;30340.00;1256620.00;1286960.00;125662;3034;410.00;830.00;1240.00;83;41;0.00;0.00;0;0
1396969139;total;30340.00;1256620.00;1286960.00;125662;3034;410.00;830.00;1240.00;83;41;0.00;0.00;0;0
1396969139;sv_mp1-eth1;31080.00;1256620.00;1287700.00;125662;3108;420.00;830.00;1250.00;83;42;0.00;0.00;0;0
1396969139;total;31080.00;1256620.00;1287700.00;125662;3108;420.00;830.00;1250.00;83;42;0.00;0.00;0;0
1396969139;sv_mp1-eth1;30340.00;1256620.00;1286960.00;125662;3034;410.00;830.00;1240.00;83;41;0.00;0.00;0;0
1396969139;total;30340.00;1256620.00;1286960.00;125662;3034;410.00;830.00;1240.00;83;41;0.00;0.00;0;0
1396969139;sv_mp1-eth1;30772.28;1259168.37;1289940.64;127176;3108;415.84;831.68;1247.52;84;42;0.00;0.00;0;0
1396969139;total;30772.28;1259168.37;1289940.64;127176;3108;415.84;831.68;1247.52;84;42;0.00;0.00;0;0
1396969139;sv_mp1-eth1;30340.00;1256620.00;1286960.00;125662;3034;410.00;830.00;1240.00;83;41;0.00;0.00;0;0
1396969139;total;30340.00;1256620.00;1286960.00;125662;3034;410.00;830.00;1240.00;83;41;0.00;0.00;0;0
1396969139;sv_mp1-eth1;30340.00;1256620.00;1286960.00;125662;3034;410.00;830.00;1240.00;83;41;0.00;0.00;0;0
1396969139;total;30340.00;1256620.00;1286960.00;125662;3034;410.00;830.00;1240.00;83;41;0.00;0.00;0;0
1396969139;sv_mp1-eth1;31504.95;1244178.27;1275683.22;125662;3182;425.74;821.78;1247.52;83;43;0.00;0.00;0;0
1396969139;total;31504.95;1244178.27;1275683.22;125662;3182;425.74;821.78;1247.52;83;43;0.00;0.00;0;0
1396969139;sv_mp1-eth1;31080.00;1256620.00;1287700.00;125662;3108;420.00;830.00;1250.00;83;42;0.00;0.00;0;0
1396969139;total;31080.00;1256620.00;1287700.00;125662;3108;420.00;830.00;1250.00;83;42;0.00;0.00;0;0
1396969140;sv_mp1-eth1;57148.52;1244178.27;1301326.78;125662;5772;772.28;821.78;1594.06;83;78;0.00;0.00;0;0
1396969140;total;57148.52;1244178.27;1301326.78;125662;5772;772.28;821.78;1594.06;83;78;0.00;0.00;0;0
1396969140;sv_mp1-eth1;37000.00;1256620.00;1293620.00;125662;3700;500.00;830.00;1330.00;83;50;0.00;0.00;0;0
1396969140;total;37000.00;1256620.00;1293620.00;125662;3700;500.00;830.00;1330.00;83;50;0.00;0.00;0;0
1396969140;sv_mp1-eth1;30340.00;1256620.00;1286960.00;125662;3034;410.00;830.00;1240.00;83;41;0.00;0.00;0;0
1396969140;total;30340.00;1256620.00;1286960.00;125662;3034;410.00;830.00;1240.00;83;41;0.00;0.00;0;0
1396969140;sv_mp1-eth1;31080.00;1256620.00;1287700.00;125662;3108;420.00;830.00;1250.00;83;42;0.00;0.00;0;0
1396969140;total;31080.00;1256620.00;1287700.00;125662;3108;420.00;830.00;1250.00;83;42;0.00;0.00;0;0
1396969140;sv_mp1-eth1;31080.00;1241480.00;1272560.00;124148;3108;420.00;820.00;1240.00;82;42;0.00;0.00;0;0
1396969140;total;31080.00;1241480.00;1272560.00;124148;3108;420.00;820.00;1240.00;82;42;0.00;0.00;0;0
1396969140;sv_mp1-eth1;30340.00;1256620.00;1286960.00;125662;3034;410.00;830.00;1240.00;83;41;0.00;0.00;0;0
1396969140;total;30340.00;1256620.00;1286960.00;125662;3034;410.00;830.00;1240.00;83;41;0.00;0.00;0;0
1396969140;sv_mp1-eth1;30340.00;1256620.00;1286960.00;125662;3034;410.00;830.00;1240.00;83;41;0.00;0.00;0;0
1396969140;total;30340.00;1256620.00;1286960.00;125662;3034;410.00;830.00;1240.00;83;41;0.00;0.00;0;0
1396969140;sv_mp1-eth1;31080.00;1256620.00;1287700.00;125662;3108;420.00;830.00;1250.00;83;42;0.00;0.00;0;0
1396969140;total;29884.62;1208288.52;1238173.13;125662;3108;403.85;798.08;1201.92;83;42;0.00;0.00;0;0
1396969140;sv_mp1-eth1;30596.16;1251961.60;1282557.75;130204;3182;413.46;826.92;1240.38;86;43;0.00;0.00;0;0
1396969140;total;31820.00;1302040.00;1333860.00;130204;3182;430.00;860.00;1290.00;86;43;0.00;0.00;0;0
1396969140;sv_mp1-eth1;30039.61;1214198.07;1244237.67;122634;3034;405.94;801.98;1207.92;81;41;0.00;0.00;0;0
1396969140;total;30039.61;1214198.07;1244237.67;122634;3034;405.94;801.98;1207.92;81;41;0.00;0.00;0;0
1396969141;sv_mp1-eth1;30039.61;1229188.17;1259227.77;124148;3034;405.94;811.88;1217.82;82;41;0.00;0.00;0;0
1396969141;total;30039.61;1229188.17;1259227.77;124148;3034;405.94;811.88;1217.82;82;41;0.00;0.00;0;0
1396969141;sv_mp1-eth1;58460.00;1256620.00;1315080.00;125662;5846;790.00;830.00;1620.00;83;79;0.00;0.00;0;0
1396969141;total;58460.00;1256620.00;1315080.00;125662;5846;790.00;830.00;1620.00;83;79;0.00;0.00;0;0
1396969141;sv_mp1-eth1;61420.00;1256620.00;1318040.00;125662;6142;830.00;830.00;1660.00;83;83;0.00;0.00;0;0
1396969141;total;61420.00;1256620.00;1318040.00;125662;6142;830.00;830.00;1660.00;83;83;0.00;0.00;0;0
1396969141;sv_mp1-eth1;34040.00;1256620.00;1290660.00;125662;3404;460.00;830.00;1290.00;83;46;0.00;0.00;0;0
1396969141;total;34040.00;1256620.00;1290660.00;125662;3404;460.00;830.00;1290.00;83;46;0.00;0.00;0;0
1396969141;sv_mp1-eth1;31080.00;1256620.00;1287700.00;125662;3108;420.00;830.00;1250.00;83;42;0.00;0.00;0;0
1396969141;total;31080.00;1256620.00;1287700.00;125662;3108;420.00;830.00;1250.00;83;42;0.00;0.00;0;0
1396969141;sv_mp1-eth1;30340.00;1256620.00;1286960.00;125662;3034;410.00;830.00;1240.00;83;41;0.00;0.00;0;0
1396969141;total;30340.00;1256620.00;1286960.00;125662;3034;410.00;830.00;1240.00;83;41;0.00;0.00;0;0
1396969141;sv_mp1-eth1;30340.00;1256620.00;1286960.00;125662;3034;410.00;830.00;1240.00;83;41;0.00;0.00;0;0
1396969141;total;30340.00;1256620.00;1286960.00;125662;3034;410.00;830.00;1240.00;83;41;0.00;0.00;0;0
1396969141;sv_mp1-eth1;30340.00;1196060.00;1226400.00;119606;3034;410.00;790.00;1200.00;79;41;0.00;0.00;0;0
1396969141;total;30340.00;1196060.00;1226400.00;119606;3034;410.00;790.00;1200.00;79;41;0.00;0.00;0;0
1396969141;sv_mp1-eth1;30340.00;1256620.00;1286960.00;125662;3034;410.00;830.00;1240.00;83;41;0.00;0.00;0;0
1396969141;total;30340.00;1256620.00;1286960.00;125662;3034;410.00;830.00;1240.00;83;41;0.00;0.00;0;0
1396969142;sv_mp1-eth1;30772.28;1244178.27;1274950.54;125662;3108;415.84;821.78;1237.62;83;42;0.00;0.00;0;0
1396969142;total;30772.28;1244178.27;1274950.54;125662;3108;415.84;821.78;1237.62;83;42;0.00;0.00;0;0
1396969142;sv_mp1-eth1;31080.00;1256620.00;1287700.00;125662;3108;420.00;830.00;1250.00;83;42;0.00;0.00;0;0
1396969142;total;31080.00;1256620.00;1287700.00;125662;3108;420.00;830.00;1250.00;83;42;0.00;0.00;0;0
1396969142;sv_mp1-eth1;30340.00;1256620.00;1286960.00;125662;3034;410.00;830.00;1240.00;83;41;0.00;0.00;0;0
1396969142;total;30340.00;1256620.00;1286960.00;125662;3034;410.00;830.00;1240.00;83;41;0.00;0.00;0;0
1396969142;sv_mp1-eth1;30340.00;1256620.00;1286960.00;125662;3034;410.00;830.00;1240.00;83;41;0.00;0.00;0;0
1396969142;total;30340.00;1256620.00;1286960.00;125662;3034;410.00;830.00;1240.00;83;41;0.00;0.00;0;0
1396969142;sv_mp1-eth1;48100.00;1256620.00;1304720.00;125662;4810;650.00;830.00;1480.00;83;65;0.00;0.00;0;0
1396969142;total;48100.00;1256620.00;1304720.00;125662;4810;650.00;830.00;1480.00;83;65;0.00;0.00;0;0
1396969142;sv_mp1-eth1;61420.00;1256620.00;1318040.00;125662;6142;830.00;830.00;1660.00;83;83;0.00;0.00;0;0
1396969142;total;61420.00;1256620.00;1318040.00;125662;6142;830.00;830.00;1660.00;83;83;0.00;0.00;0;0
1396969142;sv_mp1-eth1;44400.00;1241480.00;1285880.00;124148;4440;600.00;820.00;1420.00;82;60;0.00;0.00;0;0
1396969142;total;44400.00;1241480.00;1285880.00;124148;4440;600.00;820.00;1420.00;82;60;0.00;0.00;0;0
1396969142;sv_mp1-eth1;31080.00;1256620.00;1287700.00;125662;3108;420.00;830.00;1250.00;83;42;0.00;0.00;0;0
1396969142;total;31080.00;1256620.00;1287700.00;125662;3108;420.00;830.00;1250.00;83;42;0.00;0.00;0;0
1396969142;sv_mp1-eth1;30772.28;1259168.37;1289940.64;127176;3108;415.84;831.68;1247.52;84;42;0.00;0.00;0;0
1396969142;total;30772.28;1259168.37;1289940.64;127176;3108;415.84;831.68;1247.52;84;42;0.00;0.00;0;0
1396969142;sv_mp1-eth1;30340.00;1256620.00;1286960.00;125662;3034;410.00;830.00;1240.00;83;41;0.00;0.00;0;0
1396969142;total;30340.00;1256620.00;1286960.00;125662;3034;410.00;830.00;1240.00;83;41;0.00;0.00;0;0
1396969143;sv_mp1-eth1;30772.28;1244178.27;1274950.54;125662;3108;415.84;821.78;1237.62;83;42;0.00;0.00;0;0
1396969143;total;30772.28;1244178.27;1274950.54;125662;3108;415.84;821.78;1237.62;83;42;0.00;0.00;0;0
1396969143;sv_mp1-eth1;31080.00;1241480.00;1272560.00;124148;3108;420.00;820.00;1240.00;82;42;0.00;0.00;0;0
1396969143;total;31080.00;1241480.00;1272560.00;124148;3108;420.00;820.00;1240.00;82;42;0.00;0.00;0;0
1396969143;sv_mp1-eth1;29600.00;1256620.00;1286220.00;125662;2960;400.00;830.00;1230.00;83;40;0.00;0.00;0;0
1396969143;total;29600.00;1256620.00;1286220.00;125662;2960;400.00;830.00;1230.00;83;40;0.00;0.00;0;0
1396969143;sv_mp1-eth1;31080.00;1256620.00;1287700.00;125662;3108;420.00;830.00;1250.00;83;42;0.00;0.00;0;0
1396969143;total;31080.00;1256620.00;1287700.00;125662;3108;420.00;830.00;1250.00;83;42;0.00;0.00;0;0
1396969143;sv_mp1-eth1;30340.00;1256620.00;1286960.00;125662;3034;410.00;830.00;1240.00;83;41;0.00;0.00;0;0
1396969143;total;30340.00;1256620.00;1286960.00;125662;3034;410.00;830.00;1240.00;83;41;0.00;0.00;0;0
1396969143;sv_mp1-eth1;30039.61;1244178.27;1274217.87;125662;3034;405.94;821.78;1227.72;83;41;0.00;0.00;0;0
1396969143;total;30039.61;1244178.27;1274217.87;125662;3034;405.94;821.78;1227.72;83;41;0.00;0.00;0;0
1396969143;sv_mp1-eth1;30340.00;1256620.00;1286960.00;125662;3034;410.00;830.00;1240.00;83;41;0.00;0.00;0;0
1396969143;total;30340.00;1256620.00;1286960.00;125662;3034;410.00;830.00;1240.00;83;41;0.00;0.00;0;0
1396969143;sv_mp1-eth1;32060.00;1256620.00;1288680.00;125662;3206;430.00;830.00;1260.00;83;43;0.00;0.00;0;0
1396969143;total;32060.00;1256620.00;1288680.00;125662;3206;430.00;830.00;1260.00;83;43;0.00;0.00;0;0
1396969143;sv_mp1-eth1;75580.00;1256620.00;1332200.00;125662;7558;810.00;830.00;1640.00;83;81;0.00;0.00;0;0
1396969143;total;75580.00;1256620.00;1332200.00;125662;7558;810.00;830.00;1640.00;83;81;0.00;0.00;0;0
1396969143;sv_mp1-eth1;75780.00;1256620.00;1332400.00;125662;7578;810.00;830.00;1640.00;83;81;0.00;0.00;0;0
1396969143;total;75780.00;1256620.00;1332400.00;125662;7578;810.00;830.00;1640.00;83;81;0.00;0.00;0;0
1396969144;sv_mp1-eth1;77247.53;1244178.27;1321425.79;125662;7802;821.78;821.78;1643.56;83;83;0.00;0.00;0;0
1396969144;total;77247.53;1244178.27;1321425.79;125662;7802;821.78;821.78;1643.56;83;83;0.00;0.00;0;0
1396969144;sv_mp1-eth1;77247.53;1244178.27;1321425.79;125662;7802;821.78;821.78;1643.56;83;83;0.00;0.00;0;0
1396969144;total;77247.53;1244178.27;1321425.79;125662;7802;821.78;821.78;1643.56;83;83;0.00;0.00;0;0
1396969144;sv_mp1-eth1;78020.00;1256620.00;1334640.00;125662;7802;830.00;830.00;1660.00;83;83;0.00;0.00;0;0
1396969144;total;78020.00;1256620.00;1334640.00;125662;7802;830.00;830.00;1660.00;83;83;0.00;0.00;0;0
1396969144;sv_mp1-eth1;78020.00;1256620.00;1334640.00;125662;7802;830.00;830.00;1660.00;83;83;0.00;0.00;0;0
1396969144;total;78020.00;1256620.00;1334640.00;125662;7802;830.00;830.00;1660.00;83;83;0.00;0.00;0;0
1396969144;sv_mp1-eth1;78020.00;1256620.00;1334640.00;125662;7802;830.00;830.00;1660.00;83;83;0.00;0.00;0;0
1396969144;total;78020.00;1256620.00;1334640.00;125662;7802;830.00;830.00;1660.00;83;83;0.00;0.00;0;0
1396969144;sv_mp1-eth1;78020.00;1241480.00;1319500.00;124148;7802;830.00;820.00;1650.00;82;83;0.00;0.00;0;0
1396969144;total;78020.00;1241480.00;1319500.00;124148;7802;830.00;820.00;1650.00;82;83;0.00;0.00;0;0
1396969144;sv_mp1-eth1;77572.82;1264116.57;1341689.38;130204;7990;825.24;834.95;1660.19;86;85;0.00;0.00;0;0
1396969144;total;77572.82;1264116.57;1341689.38;130204;7990;825.24;834.95;1660.19;86;85;0.00;0.00;0;0
1396969144;sv_mp1-eth1;78960.00;1256620.00;1335580.00;125662;7896;840.00;830.00;1670.00;83;84;0.00;0.00;0;0
1396969144;total;74490.56;1185490.52;1259981.08;125662;7896;792.45;783.02;1575.47;83;84;0.00;0.00;0;0
1396969144;sv_mp1-eth1;76264.15;1242622.59;1318886.74;131718;8084;811.32;820.75;1632.08;87;86;0.00;0.00;0;0
1396969144;total;80840.00;1317180.00;1398020.00;131718;8084;860.00;870.00;1730.00;87;86;0.00;0.00;0;0
1396969144;sv_mp1-eth1;78020.00;1241480.00;1319500.00;124148;7802;830.00;820.00;1650.00;82;83;0.00;0.00;0;0
1396969144;total;78020.00;1241480.00;1319500.00;124148;7802;830.00;820.00;1650.00;82;83;0.00;0.00;0;0
1396969145;sv_mp1-eth1;77247.53;1244178.27;1321425.79;125662;7802;821.78;821.78;1643.56;83;83;0.00;0.00;0;0
1396969145;total;77247.53;1244178.27;1321425.79;125662;7802;821.78;821.78;1643.56;83;83;0.00;0.00;0;0
1396969145;sv_mp1-eth1;78020.00;1256620.00;1334640.00;125662;7802;830.00;830.00;1660.00;83;83;0.00;0.00;0;0
1396969145;total;78020.00;1256620.00;1334640.00;125662;7802;830.00;830.00;1660.00;83;83;0.00;0.00;0;0
1396969145;sv_mp1-eth1;78020.00;1256620.00;1334640.00;125662;7802;830.00;830.00;1660.00;83;83;0.00;0.00;0;0
1396969145;total;78020.00;1256620.00;1334640.00;125662;7802;830.00;830.00;1660.00;83;83;0.00;0.00;0;0
1396969145;sv_mp1-eth1;78020.00;1256620.00;1334640.00;125662;7802;830.00;830.00;1660.00;83;83;0.00;0.00;0;0
1396969145;total;78020.00;1256620.00;1334640.00;125662;7802;830.00;830.00;1660.00;83;83;0.00;0.00;0;0
1396969145;sv_mp1-eth1;77080.00;1256620.00;1333700.00;125662;7708;820.00;830.00;1650.00;83;82;0.00;0.00;0;0
1396969145;total;77080.00;1256620.00;1333700.00;125662;7708;820.00;830.00;1650.00;83;82;0.00;0.00;0;0
1396969145;sv_mp1-eth1;76316.83;1184217.87;1260534.70;119606;7708;811.88;782.18;1594.06;79;82;0.00;0.00;0;0
1396969145;total;76316.83;1184217.87;1260534.70;119606;7708;811.88;782.18;1594.06;79;82;0.00;0.00;0;0
1396969145;sv_mp1-eth1;73524.76;1214198.07;1287722.82;122634;7426;782.18;801.98;1584.16;81;79;0.00;0.00;0;0
1396969145;total;73524.76;1214198.07;1287722.82;122634;7426;782.18;801.98;1584.16;81;79;0.00;0.00;0;0
1396969145;sv_mp1-eth1;77080.00;1241480.00;1318560.00;124148;7708;820.00;820.00;1640.00;82;82;0.00;0.00;0;0
1396969145;total;77080.00;1241480.00;1318560.00;124148;7708;820.00;820.00;1640.00;82;82;0.00;0.00;0;0
1396969145;sv_mp1-eth1;78485.44;1264116.57;1342602.01;130204;8084;834.95;834.95;1669.90;86;86;0.00;0.00;0;0
1396969145;total;78485.44;1264116.57;1342602.01;130204;8084;834.95;834.95;1669.90;86;86;0.00;0.00;0;0
1396969145;sv_mp1-eth1;78020.00;1256620.00;1334640.00;125662;7802;830.00;830.00;1660.00;83;83;0.00;0.00;0;0
1396969145;total;78020.00;1256620.00;1334640.00;125662;7802;830.00;830.00;1660.00;83;83;0.00;0.00;0;0
1396969146;sv_mp1-eth1;72230.77;1135500.05;1207730.82;118092;7512;769.23;750.00;1519.23;78;80;0.00;0.00;0;0
1396969146;total;72230.77;1135500.05;1207730.82;118092;7512;769.23;750.00;1519.23;78;80;0.00;0.00;0;0
1396969146;sv_mp1-eth1;30628.57;533504.76;564133.33;56018;3216;342.86;352.38;695.24;37;36;0.00;0.00;0;0
1396969146;total;30628.57;533504.76;564133.33;56018;3216;342.86;352.38;695.24;37;36;0.00;0.00;0;0
1396969146;sv_mp1-eth1;28120.00;1256620.00;1284740.00;125662;2812;380.00;830.00;1210.00;83;38;0.00;0.00;0;0
1396969146;total;28120.00;1256620.00;1284740.00;125662;2812;380.00;830.00;1210.00;83;38;0.00;0.00;0;0
1396969146;sv_mp1-eth1;30340.00;1271760.00;1302100.00;127176;3034;410.00;840.00;1250.00;84;41;0.00;0.00;0;0
1396969146;total;30340.00;1271760.00;1302100.00;127176;3034;410.00;840.00;1250.00;84;41;0.00;0.00;0;0
1396969146;sv_mp1-eth1;60680.00;1256620.00;1317300.00;125662;6068;820.00;830.00;1650.00;83;82;0.00;0.00;0;0
1396969146;total;60680.00;1256620.00;1317300.00;125662;6068;820.00;830.00;1650.00;83;82;0.00;0.00;0;0
1396969146;sv_mp1-eth1;62160.00;1256620.00;1318780.00;125662;6216;840.00;830.00;1670.00;83;84;0.00;0.00;0;0
1396969146;total;62160.00;1256620.00;1318780.00;125662;6216;840.00;830.00;1670.00;83;84;0.00;0.00;0;0
1396969146;sv_mp1-eth1;60680.00;1256620.00;1317300.00;125662;6068;820.00;830.00;1650.00;83;82;0.00;0.00;0;0
1396969146;total;60680.00;1256620.00;1317300.00;125662;6068;820.00;830.00;1650.00;83;82;0.00;0.00;0;0
1396969146;sv_mp1-eth1;55862.75;1261666.68;1317529.43;128690;5698;754.90;833.33;1588.24;85;77;0.00;0.00;0;0
1396969146;total;55862.75;1261666.68;1317529.43;128690;5698;754.90;833.33;1588.24;85;77;0.00;0.00;0;0
1396969146;sv_mp1-eth1;31080.00;1256620.00;1287700.00;125662;3108;420.00;830.00;1250.00;83;42;0.00;0.00;0;0
1396969146;total;31080.00;1256620.00;1287700.00;125662;3108;420.00;830.00;1250.00;83;42;0.00;0.00;0;0
1396969146;sv_mp1-eth1;28120.00;1241480.00;1269600.00;124148;2812;380.00;820.00;1200.00;82;38;0.00;0.00;0;0
1396969146;total;28120.00;1241480.00;1269600.00;124148;2812;380.00;820.00;1200.00;82;38;0.00;0.00;0;0
1396969147;sv_mp1-eth1;30772.28;1244178.27;1274950.54;125662;3108;415.84;821.78;1237.62;83;42;0.00;0.00;0;0
1396969147;total;30772.28;1244178.27;1274950.54;125662;3108;415.84;821.78;1237.62;83;42;0.00;0.00;0;0
1396969147;sv_mp1-eth1;30340.00;1256620.00;1286960.00;125662;3034;410.00;830.00;1240.00;83;41;0.00;0.00;0;0
1396969147;total;30340.00;1256620.00;1286960.00;125662;3034;410.00;830.00;1240.00;83;41;0.00;0.00;0;0
1396969147;sv_mp1-eth1;51060.00;1256620.00;1307680.00;125662;5106;690.00;830.00;1520.00;83;69;0.00;0.00;0;0
1396969147;total;51060.00;1256620.00;1307680.00;125662;5106;690.00;830.00;1520.00;83;69;0.00;0.00;0;0
1396969147;sv_mp1-eth1;41440.00;1256620.00;1298060.00;125662;4144;560.00;830.00;1390.00;83;56;0.00;0.00;0;0
1396969147;total;41440.00;1256620.00;1298060.00;125662;4144;560.00;830.00;1390.00;83;56;0.00;0.00;0;0
1396969147;sv_mp1-eth1;31080.00;1256620.00;1287700.00;125662;3108;420.00;830.00;1250.00;83;42;0.00;0.00;0;0
1396969147;total;31080.00;1256620.00;1287700.00;125662;3108;420.00;830.00;1250.00;83;42;0.00;0.00;0;0
1396969147;sv_mp1-eth1;30340.00;1256620.00;1286960.00;125662;3034;410.00;830.00;1240.00;83;41;0.00;0.00;0;0
1396969147;total;30340.00;1256620.00;1286960.00;125662;3034;410.00;830.00;1240.00;83;41;0.00;0.00;0;0
1396969147;sv_mp1-eth1;31080.00;1256620.00;1287700.00;125662;3108;420.00;830.00;1250.00;83;42;0.00;0.00;0;0
1396969147;total;31080.00;1256620.00;1287700.00;125662;3108;420.00;830.00;1250.00;83;42;0.00;0.00;0;0
1396969147;sv_mp1-eth1;28860.00;1256620.00;1285480.00;125662;2886;390.00;830.00;1220.00;83;39;0.00;0.00;0;0
1396969147;total;28860.00;1256620.00;1285480.00;125662;2886;390.00;830.00;1220.00;83;39;0.00;0.00;0;0
1396969147;sv_mp1-eth1;29600.00;1256620.00;1286220.00;125662;2960;400.00;830.00;1230.00;83;40;0.00;0.00;0;0
1396969147;total;29600.00;1256620.00;1286220.00;125662;2960;400.00;830.00;1230.00;83;40;0.00;0.00;0;0
1396969147;sv_mp1-eth1;31504.95;1259168.37;1290673.32;127176;3182;425.74;831.68;1257.43;84;43;0.00;0.00;0;0
1396969147;total;31504.95;1259168.37;1290673.32;127176;3182;425.74;831.68;1257.43;84;43;0.00;0.00;0;0
1396969148;sv_mp1-eth1;30039.61;1244178.27;1274217.87;125662;3034;405.94;821.78;1227.72;83;41;0.00;0.00;0;0
1396969148;total;30039.61;1244178.27;1274217.87;125662;3034;405.94;821.78;1227.72;83;41;0.00;0.00;0;0
1396969148;sv_mp1-eth1;31080.00;1256620.00;1287700.00;125662;3108;420.00;830.00;1250.00;83;42;0.00;0.00;0;0
1396969148;total;31080.00;1256620.00;1287700.00;125662;3108;420.00;830.00;1250.00;83;42;0.00;0.00;0;0
1396969148;sv_mp1-eth1;30340.00;1256620.00;1286960.00;125662;3034;410.00;830.00;1240.00;83;41;0.00;0.00;0;0
1396969148;total;30340.00;1256620.00;1286960.00;125662;3034;410.00;830.00;1240.00;83;41;0.00;0.00;0;0
1396969148;sv_mp1-eth1;29600.00;1211200.00;1240800.00;121120;2960;400.00;800.00;1200.00;80;40;0.00;0.00;0;0
1396969148;total;29600.00;1211200.00;1240800.00;121120;2960;400.00;800.00;1200.00;80;40;0.00;0.00;0;0
1396969148;sv_mp1-eth1;29600.00;1256620.00;1286220.00;125662;2960;400.00;830.00;1230.00;83;40;0.00;0.00;0;0
1396969148;total;29600.00;1256620.00;1286220.00;125662;2960;400.00;830.00;1230.00;83;40;0.00;0.00;0;0
1396969148;sv_mp1-eth1;30340.00;1256620.00;1286960.00;125662;3034;410.00;830.00;1240.00;83;41;0.00;0.00;0;0
1396969148;total;30340.00;1256620.00;1286960.00;125662;3034;410.00;830.00;1240.00;83;41;0.00;0.00;0;0
1396969148;sv_mp1-eth1;29600.00;1256620.00;1286220.00;125662;2960;400.00;830.00;1230.00;83;40;0.00;0.00;0;0
1396969148;total;29019.61;1231980.41;1261000.02;125662;2960;392.16;813.73;1205.88;83;40;0.00;0.00;0;0
1396969148;sv_mp1-eth1;31196.08;1246823.55;1278019.62;127176;3182;421.57;823.53;1245.10;84;43;0.00;0.00;0;0
1396969148;total;31820.00;1271760.00;1303580.00;127176;3182;430.00;840.00;1270.00;84;43;0.00;0.00;0;0
1396969148;sv_mp1-eth1;30340.00;1256620.00;1286960.00;125662;3034;410.00;830.00;1240.00;83;41;0.00;0.00;0;0
1396969148;total;30340.00;1256620.00;1286960.00;125662;3034;410.00;830.00;1240.00;83;41;0.00;0.00;0;0
1396969148;sv_mp1-eth1;30340.00;1256620.00;1286960.00;125662;3034;410.00;830.00;1240.00;83;41;0.00;0.00;0;0
1396969148;total;30340.00;1256620.00;1286960.00;125662;3034;410.00;830.00;1240.00;83;41;0.00;0.00;0;0
1396969149;sv_mp1-eth1;30772.28;1244178.27;1274950.54;125662;3108;415.84;821.78;1237.62;83;42;0.00;0.00;0;0
1396969149;total;30772.28;1244178.27;1274950.54;125662;3108;415.84;821.78;1237.62;83;42;0.00;0.00;0;0
1396969149;sv_mp1-eth1;30039.61;1244178.27;1274217.87;125662;3034;405.94;821.78;1227.72;83;41;0.00;0.00;0;0
1396969149;total;30039.61;1244178.27;1274217.87;125662;3034;405.94;821.78;1227.72;83;41;0.00;0.00;0;0
1396969149;sv_mp1-eth1;30340.00;1256620.00;1286960.00;125662;3034;410.00;830.00;1240.00;83;41;0.00;0.00;0;0
1396969149;total;30340.00;1256620.00;1286960.00;125662;3034;410.00;830.00;1240.00;83;41;0.00;0.00;0;0
1396969149;sv_mp1-eth1;29600.00;1256620.00;1286220.00;125662;2960;400.00;830.00;1230.00;83;40;0.00;0.00;0;0
1396969149;total;29600.00;1256620.00;1286220.00;125662;2960;400.00;830.00;1230.00;83;40;0.00;0.00;0;0
1396969149;sv_mp1-eth1;30340.00;1271760.00;1302100.00;127176;3034;410.00;840.00;1250.00;84;41;0.00;0.00;0;0
1396969149;total;30340.00;1271760.00;1302100.00;127176;3034;410.00;840.00;1250.00;84;41;0.00;0.00;0;0
1396969149;sv_mp1-eth1;30340.00;1256620.00;1286960.00;125662;3034;410.00;830.00;1240.00;83;41;0.00;0.00;0;0
1396969149;total;30340.00;1256620.00;1286960.00;125662;3034;410.00;830.00;1240.00;83;41;0.00;0.00;0;0
1396969149;sv_mp1-eth1;31080.00;1241480.00;1272560.00;124148;3108;420.00;820.00;1240.00;82;42;0.00;0.00;0;0
1396969149;total;31080.00;1241480.00;1272560.00;124148;3108;420.00;820.00;1240.00;82;42;0.00;0.00;0;0
1396969149;sv_mp1-eth1;30340.00;1271760.00;1302100.00;127176;3034;410.00;840.00;1250.00;84;41;0.00;0.00;0;0
1396969149;total;30340.00;1271760.00;1302100.00;127176;3034;410.00;840.00;1250.00;84;41;0.00;0.00;0;0
1396969149;sv_mp1-eth1;30340.00;1256620.00;1286960.00;125662;3034;410.00;830.00;1240.00;83;41;0.00;0.00;0;0
1396969149;total;30340.00;1256620.00;1286960.00;125662;3034;410.00;830.00;1240.00;83;41;0.00;0.00;0;0
1396969149;sv_mp1-eth1;31080.00;1256620.00;1287700.00;125662;3108;420.00;830.00;1250.00;83;42;0.00;0.00;0;0
1396969149;total;31080.00;1256620.00;1287700.00;125662;3108;420.00;830.00;1250.00;83;42;0.00;0.00;0;0
1396969150;sv_mp1-eth1;30772.28;1244178.27;1274950.54;125662;3108;415.84;821.78;1237.62;83;42;0.00;0.00;0;0
1396969150;total;30772.28;1244178.27;1274950.54;125662;3108;415.84;821.78;1237.62;83;42;0.00;0.00;0;0
1396969150;sv_mp1-eth1;30340.00;1256620.00;1286960.00;125662;3034;410.00;830.00;1240.00;83;41;0.00;0.00;0;0
1396969150;total;30340.00;1256620.00;1286960.00;125662;3034;410.00;830.00;1240.00;83;41;0.00;0.00;0;0
1396969150;sv_mp1-eth1;31080.00;1256620.00;1287700.00;125662;3108;420.00;830.00;1250.00;83;42;0.00;0.00;0;0
1396969150;total;31080.00;1256620.00;1287700.00;125662;3108;420.00;830.00;1250.00;83;42;0.00;0.00;0;0
1396969150;sv_mp1-eth1;30340.00;1256620.00;1286960.00;125662;3034;410.00;830.00;1240.00;83;41;0.00;0.00;0;0
1396969150;total;30340.00;1256620.00;1286960.00;125662;3034;410.00;830.00;1240.00;83;41;0.00;0.00;0;0
1396969150;sv_mp1-eth1;31080.00;1256620.00;1287700.00;125662;3108;420.00;830.00;1250.00;83;42;0.00;0.00;0;0
1396969150;total;31080.00;1256620.00;1287700.00;125662;3108;420.00;830.00;1250.00;83;42;0.00;0.00;0;0
1396969150;sv_mp1-eth1;30340.00;1256620.00;1286960.00;125662;3034;410.00;830.00;1240.00;83;41;0.00;0.00;0;0
1396969150;total;30340.00;1256620.00;1286960.00;125662;3034;410.00;830.00;1240.00;83;41;0.00;0.00;0;0
1396969150;sv_mp1-eth1;28574.26;1259168.37;1287742.62;127176;2886;386.14;831.68;1217.82;84;39;0.00;0.00;0;0
1396969150;total;28574.26;1259168.37;1287742.62;127176;2886;386.14;831.68;1217.82;84;39;0.00;0.00;0;0
1396969150;sv_mp1-eth1;31080.00;1256620.00;1287700.00;125662;3108;420.00;830.00;1250.00;83;42;0.00;0.00;0;0
1396969150;total;31080.00;1256620.00;1287700.00;125662;3108;420.00;830.00;1250.00;83;42;0.00;0.00;0;0
1396969150;sv_mp1-eth1;29600.00;1241480.00;1271080.00;124148;2960;400.00;820.00;1220.00;82;40;0.00;0.00;0;0
1396969150;total;29600.00;1241480.00;1271080.00;124148;2960;400.00;820.00;1220.00;82;40;0.00;0.00;0;0
1396969150;sv_mp1-eth1;30340.00;1256620.00;1286960.00;125662;3034;410.00;830.00;1240.00;83;41;0.00;0.00;0;0
1396969150;total;30340.00;1256620.00;1286960.00;125662;3034;410.00;830.00;1240.00;83;41;0.00;0.00;0;0
1396969151;sv_mp1-eth1;30772.28;1244178.27;1274950.54;125662;3108;415.84;821.78;1237.62;83;42;0.00;0.00;0;0
1396969151;total;30772.28;1244178.27;1274950.54;125662;3108;415.84;821.78;1237.62;83;42;0.00;0.00;0;0
1396969151;sv_mp1-eth1;29600.00;1256620.00;1286220.00;125662;2960;400.00;830.00;1230.00;83;40;0.00;0.00;0;0
1396969151;total;29600.00;1256620.00;1286220.00;125662;2960;400.00;830.00;1230.00;83;40;0.00;0.00;0;0
1396969151;sv_mp1-eth1;31080.00;1256620.00;1287700.00;125662;3108;420.00;830.00;1250.00;83;42;0.00;0.00;0;0
1396969151;total;31080.00;1256620.00;1287700.00;125662;3108;420.00;830.00;1250.00;83;42;0.00;0.00;0;0
1396969151;sv_mp1-eth1;31820.00;1256620.00;1288440.00;125662;3182;430.00;830.00;1260.00;83;43;0.00;0.00;0;0
1396969151;total;31820.00;1256620.00;1288440.00;125662;3182;430.00;830.00;1260.00;83;43;0.00;0.00;0;0
1396969151;sv_mp1-eth1;30340.00;1256620.00;1286960.00;125662;3034;410.00;830.00;1240.00;83;41;0.00;0.00;0;0
1396969151;total;30340.00;1256620.00;1286960.00;125662;3034;410.00;830.00;1240.00;83;41;0.00;0.00;0;0
1396969151;sv_mp1-eth1;31080.00;1256620.00;1287700.00;125662;3108;420.00;830.00;1250.00;83;42;0.00;0.00;0;0
1396969151;total;31080.00;1256620.00;1287700.00;125662;3108;420.00;830.00;1250.00;83;42;0.00;0.00;0;0
1396969151;sv_mp1-eth1;30340.00;1256620.00;1286960.00;125662;3034;410.00;830.00;1240.00;83;41;0.00;0.00;0;0
1396969151;total;30340.00;1256620.00;1286960.00;125662;3034;410.00;830.00;1240.00;83;41;0.00;0.00;0;0
1396969151;sv_mp1-eth1;30340.00;1256620.00;1286960.00;125662;3034;410.00;830.00;1240.00;83;41;0.00;0.00;0;0
1396969151;total;30340.00;1256620.00;1286960.00;125662;3034;410.00;830.00;1240.00;83;41;0.00;0.00;0;0
1396969151;sv_mp1-eth1;31080.00;1256620.00;1287700.00;125662;3108;420.00;830.00;1250.00;83;42;0.00;0.00;0;0
1396969151;total;31080.00;1256620.00;1287700.00;125662;3108;420.00;830.00;1250.00;83;42;0.00;0.00;0;0
1396969151;sv_mp1-eth1;31080.00;1256620.00;1287700.00;125662;3108;420.00;830.00;1250.00;83;42;0.00;0.00;0;0
1396969151;total;31080.00;1256620.00;1287700.00;125662;3108;420.00;830.00;1250.00;83;42;0.00;0.00;0;0
1396969152;sv_mp1-eth1;30039.61;1244178.27;1274217.87;125662;3034;405.94;821.78;1227.72;83;41;0.00;0.00;0;0
1396969152;total;30039.61;1244178.27;1274217.87;125662;3034;405.94;821.78;1227.72;83;41;0.00;0.00;0;0
1396969152;sv_mp1-eth1;31080.00;1256620.00;1287700.00;125662;3108;420.00;830.00;1250.00;83;42;0.00;0.00;0;0
1396969152;total;31080.00;1256620.00;1287700.00;125662;3108;420.00;830.00;1250.00;83;42;0.00;0.00;0;0
1396969152;sv_mp1-eth1;29600.00;1256620.00;1286220.00;125662;2960;400.00;830.00;1230.00;83;40;0.00;0.00;0;0
1396969152;total;29600.00;1256620.00;1286220.00;125662;2960;400.00;830.00;1230.00;83;40;0.00;0.00;0;0
1396969152;sv_mp1-eth1;30340.00;1256620.00;1286960.00;125662;3034;410.00;830.00;1240.00;83;41;0.00;0.00;0;0
1396969152;total;30340.00;1256620.00;1286960.00;125662;3034;410.00;830.00;1240.00;83;41;0.00;0.00;0;0
1396969152;sv_mp1-eth1;30340.00;1256620.00;1286960.00;125662;3034;410.00;830.00;1240.00;83;41;0.00;0.00;0;0
1396969152;total;30340.00;1256620.00;1286960.00;125662;3034;410.00;830.00;1240.00;83;41;0.00;0.00;0;0
1396969152;sv_mp1-eth1;31820.00;1256620.00;1288440.00;125662;3182;430.00;830.00;1260.00;83;43;0.00;0.00;0;0
1396969152;total;31504.95;1244178.27;1275683.22;125662;3182;425.74;821.78;1247.52;83;43;0.00;0.00;0;0
1396969152;sv_mp1-eth1;30772.28;1259168.37;1289940.64;127176;3108;415.84;831.68;1247.52;84;42;0.00;0.00;0;0
1396969152;total;31080.00;1271760.00;1302840.00;127176;3108;420.00;840.00;1260.00;84;42;0.00;0.00;0;0
1396969152;sv_mp1-eth1;30340.00;1256620.00;1286960.00;125662;3034;410.00;830.00;1240.00;83;41;0.00;0.00;0;0
1396969152;total;30340.00;1256620.00;1286960.00;125662;3034;410.00;830.00;1240.00;83;41;0.00;0.00;0;0
1396969152;sv_mp1-eth1;30340.00;1241480.00;1271820.00;124148;3034;410.00;820.00;1230.00;82;41;0.00;0.00;0;0
1396969152;total;30340.00;1241480.00;1271820.00;124148;3034;410.00;820.00;1230.00;82;41;0.00;0.00;0;0
1396969152;sv_mp1-eth1;30340.00;1256620.00;1286960.00;125662;3034;410.00;830.00;1240.00;83;41;0.00;0.00;0;0
1396969152;total;30340.00;1256620.00;1286960.00;125662;3034;410.00;830.00;1240.00;83;41;0.00;0.00;0;0
1396969153;sv_mp1-eth1;31504.95;1244178.27;1275683.22;125662;3182;425.74;821.78;1247.52;83;43;0.00;0.00;0;0
1396969153;total;31504.95;1244178.27;1275683.22;125662;3182;425.74;821.78;1247.52;83;43;0.00;0.00;0;0
1396969153;sv_mp1-eth1;30340.00;1256620.00;1286960.00;125662;3034;410.00;830.00;1240.00;83;41;0.00;0.00;0;0
1396969153;total;30340.00;1256620.00;1286960.00;125662;3034;410.00;830.00;1240.00;83;41;0.00;0.00;0;0
1396969153;sv_mp1-eth1;30340.00;1256620.00;1286960.00;125662;3034;410.00;830.00;1240.00;83;41;0.00;0.00;0;0
1396969153;total;30340.00;1256620.00;1286960.00;125662;3034;410.00;830.00;1240.00;83;41;0.00;0.00;0;0
1396969153;sv_mp1-eth1;31080.00;1241480.00;1272560.00;124148;3108;420.00;820.00;1240.00;82;42;0.00;0.00;0;0
1396969153;total;31080.00;1241480.00;1272560.00;124148;3108;420.00;820.00;1240.00;82;42;0.00;0.00;0;0
1396969153;sv_mp1-eth1;30340.00;1256620.00;1286960.00;125662;3034;410.00;830.00;1240.00;83;41;0.00;0.00;0;0
1396969153;total;30340.00;1256620.00;1286960.00;125662;3034;410.00;830.00;1240.00;83;41;0.00;0.00;0;0
1396969153;sv_mp1-eth1;31080.00;1256620.00;1287700.00;125662;3108;420.00;830.00;1250.00;83;42;0.00;0.00;0;0
1396969153;total;31080.00;1256620.00;1287700.00;125662;3108;420.00;830.00;1250.00;83;42;0.00;0.00;0;0
1396969153;sv_mp1-eth1;30340.00;1256620.00;1286960.00;125662;3034;410.00;830.00;1240.00;83;41;0.00;0.00;0;0
1396969153;total;30340.00;1256620.00;1286960.00;125662;3034;410.00;830.00;1240.00;83;41;0.00;0.00;0;0
1396969153;sv_mp1-eth1;31820.00;1241480.00;1273300.00;124148;3182;430.00;820.00;1250.00;82;43;0.00;0.00;0;0
1396969153;total;31820.00;1241480.00;1273300.00;124148;3182;430.00;820.00;1250.00;82;43;0.00;0.00;0;0
1396969153;sv_mp1-eth1;30340.00;1256620.00;1286960.00;125662;3034;410.00;830.00;1240.00;83;41;0.00;0.00;0;0
1396969153;total;30340.00;1256620.00;1286960.00;125662;3034;410.00;830.00;1240.00;83;41;0.00;0.00;0;0
1396969153;sv_mp1-eth1;30340.00;1256620.00;1286960.00;125662;3034;410.00;830.00;1240.00;83;41;0.00;0.00;0;0
1396969153;total;30340.00;1256620.00;1286960.00;125662;3034;410.00;830.00;1240.00;83;41;0.00;0.00;0;0
1396969154;sv_mp1-eth1;30039.61;1244178.27;1274217.87;125662;3034;405.94;821.78;1227.72;83;41;0.00;0.00;0;0
1396969154;total;30039.61;1244178.27;1274217.87;125662;3034;405.94;821.78;1227.72;83;41;0.00;0.00;0;0
1396969154;sv_mp1-eth1;31080.00;1256620.00;1287700.00;125662;3108;420.00;830.00;1250.00;83;42;0.00;0.00;0;0
1396969154;total;31080.00;1256620.00;1287700.00;125662;3108;420.00;830.00;1250.00;83;42;0.00;0.00;0;0
1396969154;sv_mp1-eth1;31080.00;1256620.00;1287700.00;125662;3108;420.00;830.00;1250.00;83;42;0.00;0.00;0;0
1396969154;total;31080.00;1256620.00;1287700.00;125662;3108;420.00;830.00;1250.00;83;42;0.00;0.00;0;0
1396969154;sv_mp1-eth1;30340.00;1256620.00;1286960.00;125662;3034;410.00;830.00;1240.00;83;41;0.00;0.00;0;0
1396969154;total;30340.00;1256620.00;1286960.00;125662;3034;410.00;830.00;1240.00;83;41;0.00;0.00;0;0
1396969154;sv_mp1-eth1;31080.00;1241480.00;1272560.00;124148;3108;420.00;820.00;1240.00;82;42;0.00;0.00;0;0
1396969154;total;31080.00;1241480.00;1272560.00;124148;3108;420.00;820.00;1240.00;82;42;0.00;0.00;0;0
1396969154;sv_mp1-eth1;30772.28;1259168.37;1289940.64;127176;3108;415.84;831.68;1247.52;84;42;0.00;0.00;0;0
1396969154;total;30772.28;1259168.37;1289940.64;127176;3108;415.84;831.68;1247.52;84;42;0.00;0.00;0;0
1396969154;sv_mp1-eth1;30772.28;1244178.27;1274950.54;125662;3108;415.84;821.78;1237.62;83;42;0.00;0.00;0;0
1396969154;total;30772.28;1244178.27;1274950.54;125662;3108;415.84;821.78;1237.62;83;42;0.00;0.00;0;0
1396969154;sv_mp1-eth1;30340.00;1256620.00;1286960.00;125662;3034;410.00;830.00;1240.00;83;41;0.00;0.00;0;0
1396969154;total;30340.00;1256620.00;1286960.00;125662;3034;410.00;830.00;1240.00;83;41;0.00;0.00;0;0
1396969154;sv_mp1-eth1;31080.00;1256620.00;1287700.00;125662;3108;420.00;830.00;1250.00;83;42;0.00;0.00;0;0
1396969154;total;31080.00;1256620.00;1287700.00;125662;3108;420.00;830.00;1250.00;83;42;0.00;0.00;0;0
1396969154;sv_mp1-eth1;30340.00;1256620.00;1286960.00;125662;3034;410.00;830.00;1240.00;83;41;0.00;0.00;0;0
1396969154;total;30340.00;1256620.00;1286960.00;125662;3034;410.00;830.00;1240.00;83;41;0.00;0.00;0;0
1396969155;sv_mp1-eth1;30772.28;1229188.17;1259960.45;124148;3108;415.84;811.88;1227.72;82;42;0.00;0.00;0;0
1396969155;total;30772.28;1229188.17;1259960.45;124148;3108;415.84;811.88;1227.72;82;42;0.00;0.00;0;0
1396969155;sv_mp1-eth1;30340.00;1256620.00;1286960.00;125662;3034;410.00;830.00;1240.00;83;41;0.00;0.00;0;0
1396969155;total;30340.00;1256620.00;1286960.00;125662;3034;410.00;830.00;1240.00;83;41;0.00;0.00;0;0
1396969155;sv_mp1-eth1;31080.00;1256620.00;1287700.00;125662;3108;420.00;830.00;1250.00;83;42;0.00;0.00;0;0
1396969155;total;31080.00;1256620.00;1287700.00;125662;3108;420.00;830.00;1250.00;83;42;0.00;0.00;0;0
1396969155;sv_mp1-eth1;29600.00;1256620.00;1286220.00;125662;2960;400.00;830.00;1230.00;83;40;0.00;0.00;0;0
1396969155;total;29600.00;1256620.00;1286220.00;125662;2960;400.00;830.00;1230.00;83;40;0.00;0.00;0;0
1396969155;sv_mp1-eth1;30340.00;1256620.00;1286960.00;125662;3034;410.00;830.00;1240.00;83;41;0.00;0.00;0;0
1396969155;total;30340.00;1256620.00;1286960.00;125662;3034;410.00;830.00;1240.00;83;41;0.00;0.00;0;0
1396969155;sv_mp1-eth1;30340.00;1256620.00;1286960.00;125662;3034;410.00;830.00;1240.00;83;41;0.00;0.00;0;0
1396969155;total;30340.00;1256620.00;1286960.00;125662;3034;410.00;830.00;1240.00;83;41;0.00;0.00;0;0
1396969155;sv_mp1-eth1;30340.00;1241480.00;1271820.00;124148;3034;410.00;820.00;1230.00;82;41;0.00;0.00;0;0
1396969155;total;30340.00;1241480.00;1271820.00;124148;3034;410.00;820.00;1230.00;82;41;0.00;0.00;0;0
1396969155;sv_mp1-eth1;31080.00;1256620.00;1287700.00;125662;3108;420.00;830.00;1250.00;83;42;0.00;0.00;0;0
1396969155;total;31080.00;1256620.00;1287700.00;125662;3108;420.00;830.00;1250.00;83;42;0.00;0.00;0;0
1396969155;sv_mp1-eth1;31080.00;1256620.00;1287700.00;125662;3108;420.00;830.00;1250.00;83;42;0.00;0.00;0;0
1396969155;total;31080.00;1256620.00;1287700.00;125662;3108;420.00;830.00;1250.00;83;42;0.00;0.00;0;0
1396969156;sv_mp1-eth1;30470.59;1246823.55;1277294.13;127176;3108;411.76;823.53;1235.29;84;42;0.00;0.00;0;0
1396969156;total;29046.73;1188560.78;1217607.51;127176;3108;392.52;785.05;1177.57;84;42;0.00;0.00;0;0
1396969156;sv_mp1-eth1;28895.24;1254457.13;1283352.37;131718;3034;390.48;828.57;1219.05;87;41;0.00;0.00;0;0
1396969156;total;30340.00;1317180.00;1347520.00;131718;3034;410.00;870.00;1280.00;87;41;0.00;0.00;0;0
1396969156;sv_mp1-eth1;30340.00;1256620.00;1286960.00;125662;3034;410.00;830.00;1240.00;83;41;0.00;0.00;0;0
1396969156;total;30340.00;1256620.00;1286960.00;125662;3034;410.00;830.00;1240.00;83;41;0.00;0.00;0;0
1396969156;sv_mp1-eth1;30340.00;1241480.00;1271820.00;124148;3034;410.00;820.00;1230.00;82;41;0.00;0.00;0;0
1396969156;total;30340.00;1241480.00;1271820.00;124148;3034;410.00;820.00;1230.00;82;41;0.00;0.00;0;0
1396969156;sv_mp1-eth1;31820.00;1256620.00;1288440.00;125662;3182;430.00;830.00;1260.00;83;43;0.00;0.00;0;0
1396969156;total;31820.00;1256620.00;1288440.00;125662;3182;430.00;830.00;1260.00;83;43;0.00;0.00;0;0
1396969156;sv_mp1-eth1;29600.00;1241480.00;1271080.00;124148;2960;400.00;820.00;1220.00;82;40;0.00;0.00;0;0
1396969156;total;29019.61;1217137.27;1246156.88;124148;2960;392.16;803.92;1196.08;82;40;0.00;0.00;0;0
1396969156;sv_mp1-eth1;31196.08;1246823.55;1278019.62;127176;3182;421.57;823.53;1245.10;84;43;0.00;0.00;0;0
1396969156;total;31820.00;1271760.00;1303580.00;127176;3182;430.00;840.00;1270.00;84;43;0.00;0.00;0;0
1396969156;sv_mp1-eth1;30772.28;1244178.27;1274950.54;125662;3108;415.84;821.78;1237.62;83;42;0.00;0.00;0;0
1396969156;total;30772.28;1244178.27;1274950.54;125662;3108;415.84;821.78;1237.62;83;42;0.00;0.00;0;0
1396969156;sv_mp1-eth1;29600.00;1271760.00;1301360.00;127176;2960;400.00;840.00;1240.00;84;40;0.00;0.00;0;0
1396969156;total;29600.00;1271760.00;1301360.00;127176;2960;400.00;840.00;1240.00;84;40;0.00;0.00;0;0
1396969156;sv_mp1-eth1;31080.00;1256620.00;1287700.00;125662;3108;420.00;830.00;1250.00;83;42;0.00;0.00;0;0
1396969156;total;31080.00;1256620.00;1287700.00;125662;3108;420.00;830.00;1250.00;83;42;0.00;0.00;0;0
1396969157;sv_mp1-eth1;29306.93;1244178.27;1273485.20;125662;2960;396.04;821.78;1217.82;83;40;0.00;0.00;0;0
1396969157;total;29306.93;1244178.27;1273485.20;125662;2960;396.04;821.78;1217.82;83;40;0.00;0.00;0;0
1396969157;sv_mp1-eth1;30340.00;1256620.00;1286960.00;125662;3034;410.00;830.00;1240.00;83;41;0.00;0.00;0;0
1396969157;total;30340.00;1256620.00;1286960.00;125662;3034;410.00;830.00;1240.00;83;41;0.00;0.00;0;0
1396969157;sv_mp1-eth1;30340.00;1256620.00;1286960.00;125662;3034;410.00;830.00;1240.00;83;41;0.00;0.00;0;0
1396969157;total;30340.00;1256620.00;1286960.00;125662;3034;410.00;830.00;1240.00;83;41;0.00;0.00;0;0
1396969157;sv_mp1-eth1;31080.00;1256620.00;1287700.00;125662;3108;420.00;830.00;1250.00;83;42;0.00;0.00;0;0
1396969157;total;31080.00;1256620.00;1287700.00;125662;3108;420.00;830.00;1250.00;83;42;0.00;0.00;0;0
1396969157;sv_mp1-eth1;30340.00;1256620.00;1286960.00;125662;3034;410.00;830.00;1240.00;83;41;0.00;0.00;0;0
1396969157;total;30340.00;1256620.00;1286960.00;125662;3034;410.00;830.00;1240.00;83;41;0.00;0.00;0;0
1396969157;sv_mp1-eth1;31080.00;1256620.00;1287700.00;125662;3108;420.00;830.00;1250.00;83;42;0.00;0.00;0;0
1396969157;total;31080.00;1256620.00;1287700.00;125662;3108;420.00;830.00;1250.00;83;42;0.00;0.00;0;0
1396969157;sv_mp1-eth1;30340.00;1256620.00;1286960.00;125662;3034;410.00;830.00;1240.00;83;41;0.00;0.00;0;0
1396969157;total;30340.00;1256620.00;1286960.00;125662;3034;410.00;830.00;1240.00;83;41;0.00;0.00;0;0
1396969157;sv_mp1-eth1;31080.00;1256620.00;1287700.00;125662;3108;420.00;830.00;1250.00;83;42;0.00;0.00;0;0
1396969157;total;31080.00;1256620.00;1287700.00;125662;3108;420.00;830.00;1250.00;83;42;0.00;0.00;0;0
1396969157;sv_mp1-eth1;31080.00;1256620.00;1287700.00;125662;3108;420.00;830.00;1250.00;83;42;0.00;0.00;0;0
1396969157;total;31080.00;1256620.00;1287700.00;125662;3108;420.00;830.00;1250.00;83;42;0.00;0.00;0;0
1396969157;sv_mp1-eth1;31080.00;1271760.00;1302840.00;127176;3108;420.00;840.00;1260.00;84;42;0.00;0.00;0;0
1396969157;total;31080.00;1271760.00;1302840.00;127176;3108;420.00;840.00;1260.00;84;42;0.00;0.00;0;0
1396969158;sv_mp1-eth1;30039.61;1229188.17;1259227.77;124148;3034;405.94;811.88;1217.82;82;41;0.00;0.00;0;0
1396969158;total;30039.61;1229188.17;1259227.77;124148;3034;405.94;811.88;1217.82;82;41;0.00;0.00;0;0
1396969158;sv_mp1-eth1;31080.00;1256620.00;1287700.00;125662;3108;420.00;830.00;1250.00;83;42;0.00;0.00;0;0
1396969158;total;31080.00;1256620.00;1287700.00;125662;3108;420.00;830.00;1250.00;83;42;0.00;0.00;0;0
1396969158;sv_mp1-eth1;30340.00;1256620.00;1286960.00;125662;3034;410.00;830.00;1240.00;83;41;0.00;0.00;0;0
1396969158;total;30340.00;1256620.00;1286960.00;125662;3034;410.00;830.00;1240.00;83;41;0.00;0.00;0;0
1396969158;sv_mp1-eth1;29600.00;1256620.00;1286220.00;125662;2960;400.00;830.00;1230.00;83;40;0.00;0.00;0;0
1396969158;total;29600.00;1256620.00;1286220.00;125662;2960;400.00;830.00;1230.00;83;40;0.00;0.00;0;0
1396969158;sv_mp1-eth1;30340.00;1256620.00;1286960.00;125662;3034;410.00;830.00;1240.00;83;41;0.00;0.00;0;0
1396969158;total;30340.00;1256620.00;1286960.00;125662;3034;410.00;830.00;1240.00;83;41;0.00;0.00;0;0
1396969158;sv_mp1-eth1;30772.28;1259168.37;1289940.64;127176;3108;415.84;831.68;1247.52;84;42;0.00;0.00;0;0
1396969158;total;30772.28;1259168.37;1289940.64;127176;3108;415.84;831.68;1247.52;84;42;0.00;0.00;0;0
1396969158;sv_mp1-eth1;30340.00;1256620.00;1286960.00;125662;3034;410.00;830.00;1240.00;83;41;0.00;0.00;0;0
1396969158;total;30340.00;1256620.00;1286960.00;125662;3034;410.00;830.00;1240.00;83;41;0.00;0.00;0;0
1396969158;sv_mp1-eth1;30340.00;1256620.00;1286960.00;125662;3034;410.00;830.00;1240.00;83;41;0.00;0.00;0;0
1396969158;total;30340.00;1256620.00;1286960.00;125662;3034;410.00;830.00;1240.00;83;41;0.00;0.00;0;0
1396969158;sv_mp1-eth1;30340.00;1256620.00;1286960.00;125662;3034;410.00;830.00;1240.00;83;41;0.00;0.00;0;0
1396969158;total;30340.00;1256620.00;1286960.00;125662;3034;410.00;830.00;1240.00;83;41;0.00;0.00;0;0
1396969158;sv_mp1-eth1;31820.00;1256620.00;1288440.00;125662;3182;430.00;830.00;1260.00;83;43;0.00;0.00;0;0
1396969158;total;31820.00;1256620.00;1288440.00;125662;3182;430.00;830.00;1260.00;83;43;0.00;0.00;0;0
1396969159;sv_mp1-eth1;30470.59;1231980.41;1262451.00;125662;3108;411.76;813.73;1225.49;83;42;0.00;0.00;0;0
1396969159;total;30470.59;1231980.41;1262451.00;125662;3108;411.76;813.73;1225.49;83;42;0.00;0.00;0;0
1396969159;sv_mp1-eth1;30340.00;1256620.00;1286960.00;125662;3034;410.00;830.00;1240.00;83;41;0.00;0.00;0;0
1396969159;total;29745.10;1231980.41;1261725.51;125662;3034;401.96;813.73;1215.69;83;41;0.00;0.00;0;0
1396969159;sv_mp1-eth1;30772.28;1274158.47;1304930.74;128690;3108;415.84;841.58;1257.43;85;42;0.00;0.00;0;0
1396969159;total;31080.00;1286900.00;1317980.00;128690;3108;420.00;850.00;1270.00;85;42;0.00;0.00;0;0
1396969159;sv_mp1-eth1;31080.00;1256620.00;1287700.00;125662;3108;420.00;830.00;1250.00;83;42;0.00;0.00;0;0
1396969159;total;31080.00;1256620.00;1287700.00;125662;3108;420.00;830.00;1250.00;83;42;0.00;0.00;0;0
1396969159;sv_mp1-eth1;31080.00;1256620.00;1287700.00;125662;3108;420.00;830.00;1250.00;83;42;0.00;0.00;0;0
1396969159;total;31080.00;1256620.00;1287700.00;125662;3108;420.00;830.00;1250.00;83;42;0.00;0.00;0;0
1396969159;sv_mp1-eth1;29600.00;1256620.00;1286220.00;125662;2960;400.00;830.00;1230.00;83;40;0.00;0.00;0;0
1396969159;total;29600.00;1256620.00;1286220.00;125662;2960;400.00;830.00;1230.00;83;40;0.00;0.00;0;0
1396969159;sv_mp1-eth1;31080.00;1256620.00;1287700.00;125662;3108;420.00;830.00;1250.00;83;42;0.00;0.00;0;0
1396969159;total;31080.00;1256620.00;1287700.00;125662;3108;420.00;830.00;1250.00;83;42;0.00;0.00;0;0
1396969159;sv_mp1-eth1;31080.00;1256620.00;1287700.00;125662;3108;420.00;830.00;1250.00;83;42;0.00;0.00;0;0
1396969159;total;31080.00;1256620.00;1287700.00;125662;3108;420.00;830.00;1250.00;83;42;0.00;0.00;0;0
1396969159;sv_mp1-eth1;31080.00;1256620.00;1287700.00;125662;3108;420.00;830.00;1250.00;83;42;0.00;0.00;0;0
1396969159;total;31080.00;1256620.00;1287700.00;125662;3108;420.00;830.00;1250.00;83;42;0.00;0.00;0;0
1396969159;sv_mp1-eth1;28120.00;1256620.00;1284740.00;125662;2812;380.00;830.00;1210.00;83;38;0.00;0.00;0;0
1396969159;total;28120.00;1256620.00;1284740.00;125662;2812;380.00;830.00;1210.00;83;38;0.00;0.00;0;0
