1397550462;h1-eth1;0.00;0.00;0.00;0;0;0.00;0.00;0.00;0;0;0.00;0.00;0;0
1397550462;total;0.00;0.00;0.00;0;0;0.00;0.00;0.00;0;0;0.00;0.00;0;0
1397550462;h1-eth1;5947807.96;651115.41;6598923.38;67716;618572;8500.00;7250.00;15750.00;754;884;0.00;0.00;0;0
1397550462;total;6185720.00;677160.00;6862880.00;67716;618572;8840.00;7540.00;16380.00;754;884;0.00;0.00;0;0
1397550463;h1-eth1;111873014.28;1177821.83;113050836.10;118960;11299174;73990.10;15920.79;89910.89;1608;7473;0.00;0.00;0;0
1397550463;total;111873014.28;1177821.83;113050836.10;118960;11299174;73990.10;15920.79;89910.89;1608;7473;0.00;0.00;0;0
1397550463;h1-eth1;109323260.00;2860100.00;112183360.00;286010;10932326;72350.00;38650.00;111000.00;3865;7235;0.00;0.00;0;0
1397550463;total;109323260.00;2860100.00;112183360.00;286010;10932326;72350.00;38650.00;111000.00;3865;7235;0.00;0.00;0;0
1397550463;h1-eth1;110495920.00;2664740.00;113160660.00;266474;11049592;73140.00;36010.00;109150.00;3601;7314;0.00;0.00;0;0
1397550463;total;110495920.00;2664740.00;113160660.00;266474;11049592;73140.00;36010.00;109150.00;3601;7314;0.00;0.00;0;0
1397550463;h1-eth1;109295040.00;2595920.00;111890960.00;259592;10929504;72340.00;35080.00;107420.00;3508;7234;0.00;0.00;0;0
1397550463;total;109295040.00;2595920.00;111890960.00;259592;10929504;72340.00;35080.00;107420.00;3508;7234;0.00;0.00;0;0
1397550463;h1-eth1;111975430.12;2333564.45;114308994.57;235690;11309518;74108.91;31534.65;105643.57;3185;7485;0.00;0.00;0;0
1397550463;total;111975430.12;2333564.45;114308994.57;235690;11309518;74108.91;31534.65;105643.57;3185;7485;0.00;0.00;0;0
1397550463;h1-eth1;115376083.72;2291069.40;117667153.12;231398;11652984;76356.44;30960.40;107316.84;3127;7712;0.00;0.00;0;0
1397550463;total;115376083.72;2291069.40;117667153.12;231398;11652984;76356.44;30960.40;107316.84;3127;7712;0.00;0.00;0;0
1397550463;h1-eth1;109243600.00;2340620.00;111584220.00;234062;10924360;72300.00;31630.00;103930.00;3163;7230;0.00;0.00;0;0
1397550463;total;109243600.00;2340620.00;111584220.00;234062;10924360;72300.00;31630.00;103930.00;3163;7230;0.00;0.00;0;0
1397550463;h1-eth1;111385280.00;2371700.00;113756980.00;237170;11138528;73720.00;32050.00;105770.00;3205;7372;0.00;0.00;0;0
1397550463;total;111385280.00;2371700.00;113756980.00;237170;11138528;73720.00;32050.00;105770.00;3205;7372;0.00;0.00;0;0
1397550463;h1-eth1;117940960.00;2239980.00;120180940.00;223998;11794096;78040.00;30270.00;108310.00;3027;7804;0.00;0.00;0;0
1397550463;total;117940960.00;2239980.00;120180940.00;223998;11794096;78040.00;30270.00;108310.00;3027;7804;0.00;0.00;0;0
1397550463;h1-eth1;106964400.00;2213340.00;109177740.00;221334;10696440;70800.00;29910.00;100710.00;2991;7080;0.00;0.00;0;0
1397550463;total;106964400.00;2213340.00;109177740.00;221334;10696440;70800.00;29910.00;100710.00;2991;7080;0.00;0.00;0;0
1397550464;h1-eth1;110310677.58;2146000.08;112456677.66;216746;11141378;73000.00;29000.00;102000.00;2929;7373;0.00;0.00;0;0
1397550464;total;110310677.58;2146000.08;112456677.66;216746;11141378;73000.00;29000.00;102000.00;2929;7373;0.00;0.00;0;0
1397550464;h1-eth1;118295600.00;1961740.00;120257340.00;196174;11829560;78260.00;26510.00;104770.00;2651;7826;0.00;0.00;0;0
1397550464;total;118295600.00;1961740.00;120257340.00;196174;11829560;78260.00;26510.00;104770.00;2651;7826;0.00;0.00;0;0
1397550464;h1-eth1;111601140.00;2422760.00;114023900.00;242276;11160114;73870.00;32740.00;106610.00;3274;7387;0.00;0.00;0;0
1397550464;total;111601140.00;2422760.00;114023900.00;242276;11160114;73870.00;32740.00;106610.00;3274;7387;0.00;0.00;0;0
1397550464;h1-eth1;112300100.00;1949160.00;114249260.00;194916;11230010;74310.00;26340.00;100650.00;2634;7431;0.00;0.00;0;0
1397550464;total;112300100.00;1949160.00;114249260.00;194916;11230010;74310.00;26340.00;100650.00;2634;7431;0.00;0.00;0;0
1397550464;h1-eth1;109157580.00;2386500.00;111544080.00;238650;10915758;72250.00;32250.00;104500.00;3225;7225;0.00;0.00;0;0
1397550464;total;109157580.00;2386500.00;111544080.00;238650;10915758;72250.00;32250.00;104500.00;3225;7225;0.00;0.00;0;0
1397550464;h1-eth1;111238760.00;2357640.00;113596400.00;235764;11123876;73620.00;31860.00;105480.00;3186;7362;0.00;0.00;0;0
1397550464;total;111238760.00;2357640.00;113596400.00;235764;11123876;73620.00;31860.00;105480.00;3186;7362;0.00;0.00;0;0
1397550464;h1-eth1;103565707.02;2464712.97;106030419.99;248936;10460136;68554.46;33306.93;101861.39;3364;6924;0.00;0.00;0;0
1397550464;total;103565707.02;2464712.97;106030419.99;248936;10460136;68554.46;33306.93;101861.39;3364;6924;0.00;0.00;0;0
1397550464;h1-eth1;108827568.61;2247841.67;111075410.28;227032;10991584;72019.80;30376.24;102396.04;3068;7274;0.00;0.00;0;0
1397550464;total;108827568.61;2247841.67;111075410.28;227032;10991584;72019.80;30376.24;102396.04;3068;7274;0.00;0.00;0;0
1397550464;h1-eth1;114581940.00;2352460.00;116934400.00;235246;11458194;75830.00;31790.00;107620.00;3179;7583;0.00;0.00;0;0
1397550464;total;114581940.00;2352460.00;116934400.00;235246;11458194;75830.00;31790.00;107620.00;3179;7583;0.00;0.00;0;0
1397550464;h1-eth1;120120320.00;2075700.00;122196020.00;207570;12012032;79460.00;28050.00;107510.00;2805;7946;0.00;0.00;0;0
1397550464;total;120120320.00;2075700.00;122196020.00;207570;12012032;79460.00;28050.00;107510.00;2805;7946;0.00;0.00;0;0
1397550465;h1-eth1;106193172.47;2388514.94;108581687.41;241240;10725510;70287.13;32277.23;102564.36;3260;7099;0.00;0.00;0;0
1397550465;total;106193172.47;2388514.94;108581687.41;241240;10725510;70287.13;32277.23;102564.36;3260;7099;0.00;0.00;0;0
1397550465;h1-eth1;116387500.00;2464940.00;118852440.00;246494;11638750;77030.00;33310.00;110340.00;3331;7703;0.00;0.00;0;0
1397550465;total;116387500.00;2464940.00;118852440.00;246494;11638750;77030.00;33310.00;110340.00;3331;7703;0.00;0.00;0;0
1397550465;h1-eth1;130016080.00;1911420.00;131927500.00;191142;13001608;86000.00;25830.00;111830.00;2583;8600;0.00;0.00;0;0
1397550465;total;130016080.00;1911420.00;131927500.00;191142;13001608;86000.00;25830.00;111830.00;2583;8600;0.00;0.00;0;0
1397550465;h1-eth1;100725580.00;2197060.00;102922640.00;219706;10072558;66670.00;29690.00;96360.00;2969;6667;0.00;0.00;0;0
1397550465;total;100725580.00;2197060.00;102922640.00;219706;10072558;66670.00;29690.00;96360.00;2969;6667;0.00;0.00;0;0
1397550465;h1-eth1;102223520.00;2160800.00;104384320.00;216080;10222352;67660.00;29200.00;96860.00;2920;6766;0.00;0.00;0;0
1397550465;total;102223520.00;2160800.00;104384320.00;216080;10222352;67660.00;29200.00;96860.00;2920;6766;0.00;0.00;0;0
1397550465;h1-eth1;86314540.00;1875900.00;88190440.00;187590;8631454;57130.00;25350.00;82480.00;2535;5713;0.00;0.00;0;0
1397550465;total;86314540.00;1875900.00;88190440.00;187590;8631454;57130.00;25350.00;82480.00;2535;5713;0.00;0.00;0;0
1397550465;h1-eth1;148907292.95;1150297.07;150057590.03;116180;15039636;98415.85;15544.56;113960.40;1570;9940;0.00;0.00;0;0
1397550465;total;148907292.95;1150297.07;150057590.03;116180;15039636;98415.85;15544.56;113960.40;1570;9940;0.00;0.00;0;0
1397550465;h1-eth1;150824680.00;479520.00;151304200.00;47952;15082468;99620.00;6480.00;106100.00;648;9962;0.00;0.00;0;0
1397550465;total;150824680.00;479520.00;151304200.00;47952;15082468;99620.00;6480.00;106100.00;648;9962;0.00;0.00;0;0
1397550465;h1-eth1;153423669.37;487960.42;153911629.78;49284;15495790;101336.64;6594.06;107930.70;666;10235;0.00;0.00;0;0
1397550465;total;153423669.37;487960.42;153911629.78;49284;15495790;101336.64;6594.06;107930.70;666;10235;0.00;0.00;0;0
1397550465;h1-eth1;144526440.00;459540.00;144985980.00;45954;14452644;95460.00;6210.00;101670.00;621;9546;0.00;0.00;0;0
1397550465;total;144526440.00;459540.00;144985980.00;45954;14452644;95460.00;6210.00;101670.00;621;9546;0.00;0.00;0;0
1397550466;h1-eth1;148566877.10;472574.28;149039451.37;47730;15005254;98128.72;6386.14;104514.86;645;9911;0.00;0.00;0;0
1397550466;total;148566877.10;472574.28;149039451.37;47730;15005254;98128.72;6386.14;104514.86;645;9911;0.00;0.00;0;0
1397550466;h1-eth1;147312200.00;468420.00;147780620.00;46842;14731220;97300.00;6330.00;103630.00;633;9730;0.00;0.00;0;0
1397550466;total;147312200.00;468420.00;147780620.00;46842;14731220;97300.00;6330.00;103630.00;633;9730;0.00;0.00;0;0
1397550466;h1-eth1;143785035.33;457188.14;144242223.46;46176;14522288;94970.30;6178.22;101148.52;624;9592;0.00;0.00;0;0
1397550466;total;143785035.33;457188.14;144242223.46;46176;14522288;94970.30;6178.22;101148.52;624;9592;0.00;0.00;0;0
1397550466;h1-eth1;135435549.85;430811.90;135866361.75;43512;13678990;89455.45;5821.78;95277.23;588;9035;0.00;0.00;0;0
1397550466;total;136789900.00;435120.00;137225020.00;43512;13678990;90350.00;5880.00;96230.00;588;9035;0.00;0.00;0;0
1397550466;h1-eth1;146528223.55;465980.22;146994203.77;47064;14799350;96782.18;6297.03;103079.21;636;9775;0.00;0.00;0;0
1397550466;total;146528223.55;465980.22;146994203.77;47064;14799350;96782.18;6297.03;103079.21;636;9775;0.00;0.00;0;0
1397550466;h1-eth1;148629380.00;472860.00;149102240.00;47286;14862938;98170.00;6390.00;104560.00;639;9817;0.00;0.00;0;0
1397550466;total;148629380.00;472860.00;149102240.00;47286;14862938;98170.00;6390.00;104560.00;639;9817;0.00;0.00;0;0
1397550466;h1-eth1;143814860.00;457320.00;144272180.00;45732;14381486;94990.00;6180.00;101170.00;618;9499;0.00;0.00;0;0
1397550466;total;143814860.00;457320.00;144272180.00;45732;14381486;94990.00;6180.00;101170.00;618;9499;0.00;0.00;0;0
1397550466;h1-eth1;148720220.00;472860.00;149193080.00;47286;14872022;98230.00;6390.00;104620.00;639;9823;0.00;0.00;0;0
1397550466;total;148720220.00;472860.00;149193080.00;47286;14872022;98230.00;6390.00;104620.00;639;9823;0.00;0.00;0;0
1397550466;h1-eth1;147993500.00;470640.00;148464140.00;47064;14799350;97750.00;6360.00;104110.00;636;9775;0.00;0.00;0;0
1397550466;total;147993500.00;470640.00;148464140.00;47064;14799350;97750.00;6360.00;104110.00;636;9775;0.00;0.00;0;0
1397550466;h1-eth1;90034240.00;290200.00;90324440.00;29020;9003424;59540.00;3920.00;63460.00;392;5954;0.00;0.00;0;0
1397550466;total;90034240.00;290200.00;90324440.00;29020;9003424;59540.00;3920.00;63460.00;392;5954;0.00;0.00;0;0
1397550467;h1-eth1;0.00;0.00;0.00;0;0;0.00;0.00;0.00;0;0;0.00;0.00;0;0
1397550467;total;0.00;0.00;0.00;0;0;0.00;0.00;0.00;0;0;0.00;0.00;0;0
1397550467;h1-eth1;0.00;0.00;0.00;0;0;0.00;0.00;0.00;0;0;0.00;0.00;0;0
1397550467;total;0.00;0.00;0.00;0;0;0.00;0.00;0.00;0;0;0.00;0.00;0;0
1397550467;h1-eth1;0.00;0.00;0.00;0;0;0.00;0.00;0.00;0;0;0.00;0.00;0;0
1397550467;total;0.00;0.00;0.00;0;0;0.00;0.00;0.00;0;0;0.00;0.00;0;0
1397550467;h1-eth1;0.00;0.00;0.00;0;0;0.00;0.00;0.00;0;0;0.00;0.00;0;0
1397550467;total;0.00;0.00;0.00;0;0;0.00;0.00;0.00;0;0;0.00;0.00;0;0
1397550467;h1-eth1;0.00;0.00;0.00;0;0;0.00;0.00;0.00;0;0;0.00;0.00;0;0
1397550467;total;0.00;0.00;0.00;0;0;0.00;0.00;0.00;0;0;0.00;0.00;0;0
1397550467;h1-eth1;0.00;0.00;0.00;0;0;0.00;0.00;0.00;0;0;0.00;0.00;0;0
1397550467;total;0.00;0.00;0.00;0;0;0.00;0.00;0.00;0;0;0.00;0.00;0;0
1397550467;h1-eth1;0.00;0.00;0.00;0;0;0.00;0.00;0.00;0;0;0.00;0.00;0;0
1397550467;total;0.00;0.00;0.00;0;0;0.00;0.00;0.00;0;0;0.00;0.00;0;0
1397550467;h1-eth1;0.00;0.00;0.00;0;0;0.00;0.00;0.00;0;0;0.00;0.00;0;0
1397550467;total;0.00;0.00;0.00;0;0;0.00;0.00;0.00;0;0;0.00;0.00;0;0
1397550467;h1-eth1;0.00;0.00;0.00;0;0;0.00;0.00;0.00;0;0;0.00;0.00;0;0
1397550467;total;0.00;0.00;0.00;0;0;0.00;0.00;0.00;0;0;0.00;0.00;0;0
1397550467;h1-eth1;0.00;0.00;0.00;0;0;0.00;0.00;0.00;0;0;0.00;0.00;0;0
1397550467;total;0.00;0.00;0.00;0;0;0.00;0.00;0.00;0;0;0.00;0.00;0;0
1397550469;h1-eth1;0.00;0.00;0.00;0;0;0.00;0.00;0.00;0;0;0.00;0.00;0;0
1397550469;total;0.00;0.00;0.00;0;0;0.00;0.00;0.00;0;0;0.00;0.00;0;0
1397550469;h1-eth1;0.00;411.76;411.76;42;0;0.00;9.80;9.80;1;0;0.00;0.00;0;0
1397550469;total;0.00;411.76;411.76;42;0;0.00;9.80;9.80;1;0;0.00;0.00;0;0
1397550469;h1-eth1;0.00;0.00;0.00;0;0;0.00;0.00;0.00;0;0;0.00;0.00;0;0
1397550469;total;0.00;0.00;0.00;0;0;0.00;0.00;0.00;0;0;0.00;0.00;0;0
1397550469;h1-eth1;0.00;0.00;0.00;0;0;0.00;0.00;0.00;0;0;0.00;0.00;0;0
1397550469;total;0.00;0.00;0.00;0;0;0.00;0.00;0.00;0;0;0.00;0.00;0;0
1397550469;h1-eth1;0.00;0.00;0.00;0;0;0.00;0.00;0.00;0;0;0.00;0.00;0;0
1397550469;total;0.00;0.00;0.00;0;0;0.00;0.00;0.00;0;0;0.00;0.00;0;0
1397550469;h1-eth1;0.00;0.00;0.00;0;0;0.00;0.00;0.00;0;0;0.00;0.00;0;0
1397550469;total;0.00;0.00;0.00;0;0;0.00;0.00;0.00;0;0;0.00;0.00;0;0
1397550470;h1-eth1;0.00;0.00;0.00;0;0;0.00;0.00;0.00;0;0;0.00;0.00;0;0
1397550470;total;0.00;0.00;0.00;0;0;0.00;0.00;0.00;0;0;0.00;0.00;0;0
1397550470;h1-eth1;0.00;0.00;0.00;0;0;0.00;0.00;0.00;0;0;0.00;0.00;0;0
1397550470;total;0.00;0.00;0.00;0;0;0.00;0.00;0.00;0;0;0.00;0.00;0;0
1397550470;h1-eth1;0.00;0.00;0.00;0;0;0.00;0.00;0.00;0;0;0.00;0.00;0;0
1397550470;total;0.00;0.00;0.00;0;0;0.00;0.00;0.00;0;0;0.00;0.00;0;0
1397550470;h1-eth1;0.00;0.00;0.00;0;0;0.00;0.00;0.00;0;0;0.00;0.00;0;0
1397550470;total;0.00;0.00;0.00;0;0;0.00;0.00;0.00;0;0;0.00;0.00;0;0
1397550470;h1-eth1;0.00;0.00;0.00;0;0;0.00;0.00;0.00;0;0;0.00;0.00;0;0
1397550470;total;0.00;0.00;0.00;0;0;0.00;0.00;0.00;0;0;0.00;0.00;0;0
1397550470;h1-eth1;0.00;0.00;0.00;0;0;0.00;0.00;0.00;0;0;0.00;0.00;0;0
1397550470;total;0.00;0.00;0.00;0;0;0.00;0.00;0.00;0;0;0.00;0.00;0;0
1397550470;h1-eth1;0.00;0.00;0.00;0;0;0.00;0.00;0.00;0;0;0.00;0.00;0;0
1397550470;total;0.00;0.00;0.00;0;0;0.00;0.00;0.00;0;0;0.00;0.00;0;0
1397550470;h1-eth1;0.00;0.00;0.00;0;0;0.00;0.00;0.00;0;0;0.00;0.00;0;0
1397550470;total;0.00;0.00;0.00;0;0;0.00;0.00;0.00;0;0;0.00;0.00;0;0
1397550470;h1-eth1;0.00;0.00;0.00;0;0;0.00;0.00;0.00;0;0;0.00;0.00;0;0
1397550470;total;0.00;0.00;0.00;0;0;0.00;0.00;0.00;0;0;0.00;0.00;0;0
1397550471;h1-eth1;0.00;0.00;0.00;0;0;0.00;0.00;0.00;0;0;0.00;0.00;0;0
1397550471;total;0.00;0.00;0.00;0;0;0.00;0.00;0.00;0;0;0.00;0.00;0;0
1397550471;h1-eth1;0.00;0.00;0.00;0;0;0.00;0.00;0.00;0;0;0.00;0.00;0;0
1397550471;total;0.00;0.00;0.00;0;0;0.00;0.00;0.00;0;0;0.00;0.00;0;0
1397550471;h1-eth1;0.00;0.00;0.00;0;0;0.00;0.00;0.00;0;0;0.00;0.00;0;0
1397550471;total;0.00;0.00;0.00;0;0;0.00;0.00;0.00;0;0;0.00;0.00;0;0
1397550471;h1-eth1;0.00;0.00;0.00;0;0;0.00;0.00;0.00;0;0;0.00;0.00;0;0
1397550471;total;0.00;0.00;0.00;0;0;0.00;0.00;0.00;0;0;0.00;0.00;0;0
1397550471;h1-eth1;0.00;0.00;0.00;0;0;0.00;0.00;0.00;0;0;0.00;0.00;0;0
1397550471;total;0.00;0.00;0.00;0;0;0.00;0.00;0.00;0;0;0.00;0.00;0;0
1397550471;h1-eth1;0.00;0.00;0.00;0;0;0.00;0.00;0.00;0;0;0.00;0.00;0;0
1397550471;total;0.00;0.00;0.00;0;0;0.00;0.00;0.00;0;0;0.00;0.00;0;0
1397550471;h1-eth1;0.00;0.00;0.00;0;0;0.00;0.00;0.00;0;0;0.00;0.00;0;0
1397550471;total;0.00;0.00;0.00;0;0;0.00;0.00;0.00;0;0;0.00;0.00;0;0
1397550471;h1-eth1;0.00;0.00;0.00;0;0;0.00;0.00;0.00;0;0;0.00;0.00;0;0
1397550471;total;0.00;0.00;0.00;0;0;0.00;0.00;0.00;0;0;0.00;0.00;0;0
1397550471;h1-eth1;0.00;0.00;0.00;0;0;0.00;0.00;0.00;0;0;0.00;0.00;0;0
1397550471;total;0.00;0.00;0.00;0;0;0.00;0.00;0.00;0;0;0.00;0.00;0;0
1397550471;h1-eth1;0.00;0.00;0.00;0;0;0.00;0.00;0.00;0;0;0.00;0.00;0;0
1397550471;total;0.00;0.00;0.00;0;0;0.00;0.00;0.00;0;0;0.00;0.00;0;0
1397550472;h1-eth1;0.00;0.00;0.00;0;0;0.00;0.00;0.00;0;0;0.00;0.00;0;0
1397550472;total;0.00;0.00;0.00;0;0;0.00;0.00;0.00;0;0;0.00;0.00;0;0
1397550472;h1-eth1;0.00;0.00;0.00;0;0;0.00;0.00;0.00;0;0;0.00;0.00;0;0
1397550472;total;0.00;0.00;0.00;0;0;0.00;0.00;0.00;0;0;0.00;0.00;0;0
1397550472;h1-eth1;0.00;0.00;0.00;0;0;0.00;0.00;0.00;0;0;0.00;0.00;0;0
1397550472;total;0.00;0.00;0.00;0;0;0.00;0.00;0.00;0;0;0.00;0.00;0;0
1397550472;h1-eth1;10220.00;9240.00;19460.00;924;1022;110.00;100.00;210.00;10;11;0.00;0.00;0;0
1397550472;total;10220.00;9240.00;19460.00;924;1022;110.00;100.00;210.00;10;11;0.00;0.00;0;0
1397550472;h1-eth1;22098.04;22098.04;44196.08;2254;2254;225.49;225.49;450.98;23;23;0.00;0.00;0;0
1397550472;total;22098.04;22098.04;44196.08;2254;2254;225.49;225.49;450.98;23;23;0.00;0.00;0;0
1397550472;h1-eth1;23520.00;23520.00;47040.00;2352;2352;240.00;240.00;480.00;24;24;0.00;0.00;0;0
1397550472;total;23520.00;23520.00;47040.00;2352;2352;240.00;240.00;480.00;24;24;0.00;0.00;0;0
1397550472;h1-eth1;23287.13;23287.13;46574.26;2352;2352;237.62;237.62;475.25;24;24;0.00;0.00;0;0
1397550472;total;23287.13;23287.13;46574.26;2352;2352;237.62;237.62;475.25;24;24;0.00;0.00;0;0
1397550472;h1-eth1;22540.00;23520.00;46060.00;2352;2254;230.00;240.00;470.00;24;23;0.00;0.00;0;0
1397550472;total;22540.00;23520.00;46060.00;2352;2254;230.00;240.00;470.00;24;23;0.00;0.00;0;0
1397550472;h1-eth1;23520.00;22540.00;46060.00;2254;2352;240.00;230.00;470.00;23;24;0.00;0.00;0;0
1397550472;total;23520.00;22540.00;46060.00;2254;2352;240.00;230.00;470.00;23;24;0.00;0.00;0;0
1397550472;h1-eth1;23520.00;23520.00;47040.00;2352;2352;240.00;240.00;480.00;24;24;0.00;0.00;0;0
1397550472;total;23520.00;23520.00;47040.00;2352;2352;240.00;240.00;480.00;24;24;0.00;0.00;0;0
1397550473;h1-eth1;23287.13;23287.13;46574.26;2352;2352;237.62;237.62;475.25;24;24;0.00;0.00;0;0
1397550473;total;23287.13;23287.13;46574.26;2352;2352;237.62;237.62;475.25;24;24;0.00;0.00;0;0
1397550473;h1-eth1;24500.00;24500.00;49000.00;2450;2450;250.00;250.00;500.00;25;25;0.00;0.00;0;0
1397550473;total;24500.00;24500.00;49000.00;2450;2450;250.00;250.00;500.00;25;25;0.00;0.00;0;0
1397550473;h1-eth1;22540.00;22540.00;45080.00;2254;2254;230.00;230.00;460.00;23;23;0.00;0.00;0;0
1397550473;total;22540.00;22540.00;45080.00;2254;2254;230.00;230.00;460.00;23;23;0.00;0.00;0;0
1397550473;h1-eth1;23520.00;23520.00;47040.00;2352;2352;240.00;240.00;480.00;24;24;0.00;0.00;0;0
1397550473;total;23520.00;23520.00;47040.00;2352;2352;240.00;240.00;480.00;24;24;0.00;0.00;0;0
1397550473;h1-eth1;23520.00;24500.00;48020.00;2450;2352;240.00;250.00;490.00;25;24;0.00;0.00;0;0
1397550473;total;23520.00;24500.00;48020.00;2450;2352;240.00;250.00;490.00;25;24;0.00;0.00;0;0
1397550473;h1-eth1;24257.43;23287.13;47544.56;2352;2450;247.52;237.62;485.15;24;25;0.00;0.00;0;0
1397550473;total;24257.43;23287.13;47544.56;2352;2450;247.52;237.62;485.15;24;25;0.00;0.00;0;0
1397550473;h1-eth1;23520.00;23520.00;47040.00;2352;2352;240.00;240.00;480.00;24;24;0.00;0.00;0;0
1397550473;total;23520.00;23520.00;47040.00;2352;2352;240.00;240.00;480.00;24;24;0.00;0.00;0;0
1397550473;h1-eth1;23520.00;23520.00;47040.00;2352;2352;240.00;240.00;480.00;24;24;0.00;0.00;0;0
1397550473;total;23520.00;23520.00;47040.00;2352;2352;240.00;240.00;480.00;24;24;0.00;0.00;0;0
1397550473;h1-eth1;23520.00;23520.00;47040.00;2352;2352;240.00;240.00;480.00;24;24;0.00;0.00;0;0
1397550473;total;23520.00;23520.00;47040.00;2352;2352;240.00;240.00;480.00;24;24;0.00;0.00;0;0
1397550473;h1-eth1;23520.00;23520.00;47040.00;2352;2352;240.00;240.00;480.00;24;24;0.00;0.00;0;0
1397550473;total;23520.00;23520.00;47040.00;2352;2352;240.00;240.00;480.00;24;24;0.00;0.00;0;0
1397550474;h1-eth1;23287.13;23287.13;46574.26;2352;2352;237.62;237.62;475.25;24;24;0.00;0.00;0;0
1397550474;total;23058.82;23058.82;46117.65;2352;2352;235.29;235.29;470.59;24;24;0.00;0.00;0;0
1397550474;h1-eth1;22316.83;23287.13;45603.96;2352;2254;227.72;237.62;465.35;24;23;0.00;0.00;0;0
1397550474;total;22540.00;23520.00;46060.00;2352;2254;230.00;240.00;470.00;24;23;0.00;0.00;0;0
1397550474;h1-eth1;24500.00;23520.00;48020.00;2352;2450;250.00;240.00;490.00;24;25;0.00;0.00;0;0
1397550474;total;24500.00;23520.00;48020.00;2352;2450;250.00;240.00;490.00;24;25;0.00;0.00;0;0
1397550474;h1-eth1;23520.00;23520.00;47040.00;2352;2352;240.00;240.00;480.00;24;24;0.00;0.00;0;0
1397550474;total;23520.00;23520.00;47040.00;2352;2352;240.00;240.00;480.00;24;24;0.00;0.00;0;0
1397550474;h1-eth1;378080.00;16940.00;395020.00;1694;37808;400.00;190.00;590.00;19;40;0.00;0.00;0;0
1397550474;total;378080.00;16940.00;395020.00;1694;37808;400.00;190.00;590.00;19;40;0.00;0.00;0;0
1397550474;h1-eth1;257380.00;5920.00;263300.00;592;25738;170.00;80.00;250.00;8;17;0.00;0.00;0;0
1397550474;total;247480.78;5692.31;253173.09;592;25738;163.46;76.92;240.38;8;17;0.00;0.00;0;0
1397550474;h1-eth1;262038.47;6807.69;268846.17;708;27252;173.08;96.15;269.23;10;18;0.00;0.00;0;0
1397550474;total;269821.79;7009.90;276831.69;708;27252;178.22;99.01;277.23;10;18;0.00;0.00;0;0
1397550474;h1-eth1;211960.00;6040.00;218000.00;604;21196;140.00;80.00;220.00;8;14;0.00;0.00;0;0
1397550474;total;211960.00;6040.00;218000.00;604;21196;140.00;80.00;220.00;8;14;0.00;0.00;0;0
1397550474;h1-eth1;181680.00;5920.00;187600.00;592;18168;120.00;80.00;200.00;8;12;0.00;0.00;0;0
1397550474;total;181680.00;5920.00;187600.00;592;18168;120.00;80.00;200.00;8;12;0.00;0.00;0;0
1397550474;h1-eth1;179881.20;4396.04;184277.23;444;18168;118.81;59.41;178.22;6;12;0.00;0.00;0;0
1397550474;total;179881.20;4396.04;184277.23;444;18168;118.81;59.41;178.22;6;12;0.00;0.00;0;0
1397550475;h1-eth1;224851.49;5861.39;230712.88;592;22710;148.51;79.21;227.72;8;15;0.00;0.00;0;0
1397550475;total;224851.49;5861.39;230712.88;592;22710;148.51;79.21;227.72;8;15;0.00;0.00;0;0
1397550475;h1-eth1;105980.00;4440.00;110420.00;444;10598;70.00;60.00;130.00;6;7;0.00;0.00;0;0
1397550475;total;105980.00;4440.00;110420.00;444;10598;70.00;60.00;130.00;6;7;0.00;0.00;0;0
1397550475;h1-eth1;166540.00;6660.00;173200.00;666;16654;110.00;90.00;200.00;9;11;0.00;0.00;0;0
1397550475;total;166540.00;6660.00;173200.00;666;16654;110.00;90.00;200.00;9;11;0.00;0.00;0;0
1397550475;h1-eth1;45420.00;5920.00;51340.00;592;4542;30.00;80.00;110.00;8;3;0.00;0.00;0;0
1397550475;total;45420.00;5920.00;51340.00;592;4542;30.00;80.00;110.00;8;3;0.00;0.00;0;0
1397550475;h1-eth1;30280.00;2960.00;33240.00;296;3028;20.00;40.00;60.00;4;2;0.00;0.00;0;0
1397550475;total;30280.00;2960.00;33240.00;296;3028;20.00;40.00;60.00;4;2;0.00;0.00;0;0
1397550475;h1-eth1;166540.00;4440.00;170980.00;444;16654;110.00;60.00;170.00;6;11;0.00;0.00;0;0
1397550475;total;166540.00;4440.00;170980.00;444;16654;110.00;60.00;170.00;6;11;0.00;0.00;0;0
1397550475;h1-eth1;119920.80;5861.39;125782.18;592;12112;79.21;79.21;158.42;8;8;0.00;0.00;0;0
1397550475;total;119920.80;5861.39;125782.18;592;12112;79.21;79.21;158.42;8;8;0.00;0.00;0;0
1397550475;h1-eth1;136260.00;5920.00;142180.00;592;13626;90.00;80.00;170.00;8;9;0.00;0.00;0;0
1397550475;total;136260.00;5920.00;142180.00;592;13626;90.00;80.00;170.00;8;9;0.00;0.00;0;0
1397550475;h1-eth1;136260.00;3700.00;139960.00;370;13626;90.00;50.00;140.00;5;9;0.00;0.00;0;0
1397550475;total;136260.00;3700.00;139960.00;370;13626;90.00;50.00;140.00;5;9;0.00;0.00;0;0
1397550475;h1-eth1;181680.00;5180.00;186860.00;518;18168;120.00;70.00;190.00;7;12;0.00;0.00;0;0
1397550475;total;181680.00;5180.00;186860.00;518;18168;120.00;70.00;190.00;7;12;0.00;0.00;0;0
1397550476;h1-eth1;149901.00;5861.39;155762.38;592;15140;99.01;79.21;178.22;8;10;0.00;0.00;0;0
1397550476;total;149901.00;5861.39;155762.38;592;15140;99.01;79.21;178.22;8;10;0.00;0.00;0;0
1397550476;h1-eth1;136260.00;5180.00;141440.00;518;13626;90.00;70.00;160.00;7;9;0.00;0.00;0;0
1397550476;total;136260.00;5180.00;141440.00;518;13626;90.00;70.00;160.00;7;9;0.00;0.00;0;0
1397550476;h1-eth1;151400.00;6660.00;158060.00;666;15140;100.00;90.00;190.00;9;10;0.00;0.00;0;0
1397550476;total;151400.00;6660.00;158060.00;666;15140;100.00;90.00;190.00;9;10;0.00;0.00;0;0
1397550476;h1-eth1;136260.00;5920.00;142180.00;592;13626;90.00;80.00;170.00;8;9;0.00;0.00;0;0
1397550476;total;136260.00;5920.00;142180.00;592;13626;90.00;80.00;170.00;8;9;0.00;0.00;0;0
1397550476;h1-eth1;151400.00;6660.00;158060.00;666;15140;100.00;90.00;190.00;9;10;0.00;0.00;0;0
1397550476;total;151400.00;6660.00;158060.00;666;15140;100.00;90.00;190.00;9;10;0.00;0.00;0;0
1397550476;h1-eth1;136260.00;5920.00;142180.00;592;13626;90.00;80.00;170.00;8;9;0.00;0.00;0;0
1397550476;total;136260.00;5920.00;142180.00;592;13626;90.00;80.00;170.00;8;9;0.00;0.00;0;0
1397550476;h1-eth1;151400.00;5920.00;157320.00;592;15140;100.00;80.00;180.00;8;10;0.00;0.00;0;0
1397550476;total;151400.00;5920.00;157320.00;592;15140;100.00;80.00;180.00;8;10;0.00;0.00;0;0
1397550476;h1-eth1;151400.00;5920.00;157320.00;592;15140;100.00;80.00;180.00;8;10;0.00;0.00;0;0
1397550476;total;148431.37;5803.92;154235.30;592;15140;98.04;78.43;176.47;8;10;0.00;0.00;0;0
1397550476;h1-eth1;103901.96;2901.96;106803.92;296;10598;68.63;39.22;107.84;4;7;0.00;0.00;0;0
1397550476;total;104930.70;2930.69;107861.39;296;10598;69.31;39.60;108.91;4;7;0.00;0.00;0;0
1397550476;h1-eth1;136260.00;5920.00;142180.00;592;13626;90.00;80.00;170.00;8;9;0.00;0.00;0;0
1397550476;total;136260.00;5920.00;142180.00;592;13626;90.00;80.00;170.00;8;9;0.00;0.00;0;0
1397550477;h1-eth1;149901.00;6594.06;156495.06;666;15140;99.01;89.11;188.12;9;10;0.00;0.00;0;0
1397550477;total;149901.00;6594.06;156495.06;666;15140;99.01;89.11;188.12;9;10;0.00;0.00;0;0
1397550477;h1-eth1;121120.00;2960.00;124080.00;296;12112;80.00;40.00;120.00;4;8;0.00;0.00;0;0
1397550477;total;121120.00;2960.00;124080.00;296;12112;80.00;40.00;120.00;4;8;0.00;0.00;0;0
1397550477;h1-eth1;136260.00;2960.00;139220.00;296;13626;90.00;40.00;130.00;4;9;0.00;0.00;0;0
1397550477;total;136260.00;2960.00;139220.00;296;13626;90.00;40.00;130.00;4;9;0.00;0.00;0;0
1397550477;h1-eth1;151400.00;5180.00;156580.00;518;15140;100.00;70.00;170.00;7;10;0.00;0.00;0;0
1397550477;total;151400.00;5180.00;156580.00;518;15140;100.00;70.00;170.00;7;10;0.00;0.00;0;0
1397550477;h1-eth1;151400.00;5920.00;157320.00;592;15140;100.00;80.00;180.00;8;10;0.00;0.00;0;0
1397550477;total;151400.00;5920.00;157320.00;592;15140;100.00;80.00;180.00;8;10;0.00;0.00;0;0
1397550477;h1-eth1;121120.00;3700.00;124820.00;370;12112;80.00;50.00;130.00;5;8;0.00;0.00;0;0
1397550477;total;121120.00;3700.00;124820.00;370;12112;80.00;50.00;130.00;5;8;0.00;0.00;0;0
1397550477;h1-eth1;151400.00;3700.00;155100.00;370;15140;100.00;50.00;150.00;5;10;0.00;0.00;0;0
1397550477;total;151400.00;3700.00;155100.00;370;15140;100.00;50.00;150.00;5;10;0.00;0.00;0;0
1397550477;h1-eth1;136260.00;5180.00;141440.00;518;13626;90.00;70.00;160.00;7;9;0.00;0.00;0;0
1397550477;total;136260.00;5180.00;141440.00;518;13626;90.00;70.00;160.00;7;9;0.00;0.00;0;0
1397550477;h1-eth1;136260.00;6660.00;142920.00;666;13626;90.00;90.00;180.00;9;9;0.00;0.00;0;0
1397550477;total;136260.00;6660.00;142920.00;666;13626;90.00;90.00;180.00;9;9;0.00;0.00;0;0
1397550477;h1-eth1;136260.00;3700.00;139960.00;370;13626;90.00;50.00;140.00;5;9;0.00;0.00;0;0
1397550477;total;136260.00;3700.00;139960.00;370;13626;90.00;50.00;140.00;5;9;0.00;0.00;0;0
1397550478;h1-eth1;119920.80;2930.69;122851.49;296;12112;79.21;39.60;118.81;4;8;0.00;0.00;0;0
1397550478;total;119920.80;2930.69;122851.49;296;12112;79.21;39.60;118.81;4;8;0.00;0.00;0;0
1397550478;h1-eth1;149901.00;3663.37;153564.36;370;15140;99.01;49.50;148.51;5;10;0.00;0.00;0;0
1397550478;total;149901.00;3663.37;153564.36;370;15140;99.01;49.50;148.51;5;10;0.00;0.00;0;0
1397550478;h1-eth1;181680.00;6660.00;188340.00;666;18168;120.00;90.00;210.00;9;12;0.00;0.00;0;0
1397550478;total;181680.00;6660.00;188340.00;666;18168;120.00;90.00;210.00;9;12;0.00;0.00;0;0
1397550478;h1-eth1;151400.00;5180.00;156580.00;518;15140;100.00;70.00;170.00;7;10;0.00;0.00;0;0
1397550478;total;151400.00;5180.00;156580.00;518;15140;100.00;70.00;170.00;7;10;0.00;0.00;0;0
1397550478;h1-eth1;136260.00;2960.00;139220.00;296;13626;90.00;40.00;130.00;4;9;0.00;0.00;0;0
1397550478;total;136260.00;2960.00;139220.00;296;13626;90.00;40.00;130.00;4;9;0.00;0.00;0;0
1397550478;h1-eth1;136260.00;3700.00;139960.00;370;13626;90.00;50.00;140.00;5;9;0.00;0.00;0;0
1397550478;total;136260.00;3700.00;139960.00;370;13626;90.00;50.00;140.00;5;9;0.00;0.00;0;0
1397550478;h1-eth1;166540.00;5920.00;172460.00;592;16654;110.00;80.00;190.00;8;11;0.00;0.00;0;0
1397550478;total;166540.00;5920.00;172460.00;592;16654;110.00;80.00;190.00;8;11;0.00;0.00;0;0
1397550478;h1-eth1;166540.00;6660.00;173200.00;666;16654;110.00;90.00;200.00;9;11;0.00;0.00;0;0
1397550478;total;166540.00;6660.00;173200.00;666;16654;110.00;90.00;200.00;9;11;0.00;0.00;0;0
1397550478;h1-eth1;151400.00;4440.00;155840.00;444;15140;100.00;60.00;160.00;6;10;0.00;0.00;0;0
1397550478;total;151400.00;4440.00;155840.00;444;15140;100.00;60.00;160.00;6;10;0.00;0.00;0;0
1397550478;h1-eth1;133588.24;2901.96;136490.20;296;13626;88.24;39.22;127.45;4;9;0.00;0.00;0;0
1397550478;total;133588.24;2901.96;136490.20;296;13626;88.24;39.22;127.45;4;9;0.00;0.00;0;0
1397550479;h1-eth1;164891.10;3663.37;168554.46;370;16654;108.91;49.50;158.42;5;11;0.00;0.00;0;0
1397550479;total;164891.10;3663.37;168554.46;370;16654;108.91;49.50;158.42;5;11;0.00;0.00;0;0
1397550479;h1-eth1;181680.00;5920.00;187600.00;592;18168;120.00;80.00;200.00;8;12;0.00;0.00;0;0
1397550479;total;181680.00;5920.00;187600.00;592;18168;120.00;80.00;200.00;8;12;0.00;0.00;0;0
1397550479;h1-eth1;181680.00;5920.00;187600.00;592;18168;120.00;80.00;200.00;8;12;0.00;0.00;0;0
1397550479;total;181680.00;5920.00;187600.00;592;18168;120.00;80.00;200.00;8;12;0.00;0.00;0;0
1397550479;h1-eth1;151400.00;2960.00;154360.00;296;15140;100.00;40.00;140.00;4;10;0.00;0.00;0;0
1397550479;total;151400.00;2960.00;154360.00;296;15140;100.00;40.00;140.00;4;10;0.00;0.00;0;0
1397550479;h1-eth1;151820.00;3380.00;155200.00;338;15182;110.00;50.00;160.00;5;11;0.00;0.00;0;0
1397550479;total;151820.00;3380.00;155200.00;338;15182;110.00;50.00;160.00;5;11;0.00;0.00;0;0
1397550480;h1-eth1;0.00;0.00;0.00;0;0;0.00;0.00;0.00;0;0;0.00;0.00;0;0
1397550480;total;0.00;0.00;0.00;0;0;0.00;0.00;0.00;0;0;0.00;0.00;0;0
1397550480;h1-eth1;0.00;415.84;415.84;42;0;0.00;9.90;9.90;1;0;0.00;0.00;0;0
1397550480;total;0.00;415.84;415.84;42;0;0.00;9.90;9.90;1;0;0.00;0.00;0;0
1397550481;h1-eth1;0.00;0.00;0.00;0;0;0.00;0.00;0.00;0;0;0.00;0.00;0;0
1397550481;total;0.00;0.00;0.00;0;0;0.00;0.00;0.00;0;0;0.00;0.00;0;0
1397550481;h1-eth1;0.00;0.00;0.00;0;0;0.00;0.00;0.00;0;0;0.00;0.00;0;0
1397550481;total;0.00;0.00;0.00;0;0;0.00;0.00;0.00;0;0;0.00;0.00;0;0
1397550481;h1-eth1;0.00;0.00;0.00;0;0;0.00;0.00;0.00;0;0;0.00;0.00;0;0
1397550481;total;0.00;0.00;0.00;0;0;0.00;0.00;0.00;0;0;0.00;0.00;0;0
1397550481;h1-eth1;0.00;0.00;0.00;0;0;0.00;0.00;0.00;0;0;0.00;0.00;0;0
1397550481;total;0.00;0.00;0.00;0;0;0.00;0.00;0.00;0;0;0.00;0.00;0;0
1397550481;h1-eth1;0.00;0.00;0.00;0;0;0.00;0.00;0.00;0;0;0.00;0.00;0;0
1397550481;total;0.00;0.00;0.00;0;0;0.00;0.00;0.00;0;0;0.00;0.00;0;0
1397550481;h1-eth1;0.00;0.00;0.00;0;0;0.00;0.00;0.00;0;0;0.00;0.00;0;0
1397550481;total;0.00;0.00;0.00;0;0;0.00;0.00;0.00;0;0;0.00;0.00;0;0
1397550481;h1-eth1;0.00;0.00;0.00;0;0;0.00;0.00;0.00;0;0;0.00;0.00;0;0
1397550481;total;0.00;0.00;0.00;0;0;0.00;0.00;0.00;0;0;0.00;0.00;0;0
1397550481;h1-eth1;0.00;0.00;0.00;0;0;0.00;0.00;0.00;0;0;0.00;0.00;0;0
1397550481;total;0.00;0.00;0.00;0;0;0.00;0.00;0.00;0;0;0.00;0.00;0;0
1397550481;h1-eth1;0.00;0.00;0.00;0;0;0.00;0.00;0.00;0;0;0.00;0.00;0;0
1397550481;total;0.00;0.00;0.00;0;0;0.00;0.00;0.00;0;0;0.00;0.00;0;0
1397550481;h1-eth1;0.00;0.00;0.00;0;0;0.00;0.00;0.00;0;0;0.00;0.00;0;0
1397550481;total;0.00;0.00;0.00;0;0;0.00;0.00;0.00;0;0;0.00;0.00;0;0
1397550482;h1-eth1;0.00;0.00;0.00;0;0;0.00;0.00;0.00;0;0;0.00;0.00;0;0
1397550482;total;0.00;0.00;0.00;0;0;0.00;0.00;0.00;0;0;0.00;0.00;0;0
1397550482;h1-eth1;0.00;0.00;0.00;0;0;0.00;0.00;0.00;0;0;0.00;0.00;0;0
1397550482;total;0.00;0.00;0.00;0;0;0.00;0.00;0.00;0;0;0.00;0.00;0;0
1397550482;h1-eth1;0.00;0.00;0.00;0;0;0.00;0.00;0.00;0;0;0.00;0.00;0;0
1397550482;total;0.00;0.00;0.00;0;0;0.00;0.00;0.00;0;0;0.00;0.00;0;0
1397550482;h1-eth1;0.00;0.00;0.00;0;0;0.00;0.00;0.00;0;0;0.00;0.00;0;0
1397550482;total;0.00;0.00;0.00;0;0;0.00;0.00;0.00;0;0;0.00;0.00;0;0
1397550482;h1-eth1;0.00;0.00;0.00;0;0;0.00;0.00;0.00;0;0;0.00;0.00;0;0
1397550482;total;0.00;0.00;0.00;0;0;0.00;0.00;0.00;0;0;0.00;0.00;0;0
1397550482;h1-eth1;0.00;0.00;0.00;0;0;0.00;0.00;0.00;0;0;0.00;0.00;0;0
1397550482;total;0.00;0.00;0.00;0;0;0.00;0.00;0.00;0;0;0.00;0.00;0;0
1397550482;h1-eth1;0.00;0.00;0.00;0;0;0.00;0.00;0.00;0;0;0.00;0.00;0;0
1397550482;total;0.00;0.00;0.00;0;0;0.00;0.00;0.00;0;0;0.00;0.00;0;0
1397550482;h1-eth1;0.00;0.00;0.00;0;0;0.00;0.00;0.00;0;0;0.00;0.00;0;0
1397550482;total;0.00;0.00;0.00;0;0;0.00;0.00;0.00;0;0;0.00;0.00;0;0
1397550482;h1-eth1;0.00;0.00;0.00;0;0;0.00;0.00;0.00;0;0;0.00;0.00;0;0
1397550482;total;0.00;0.00;0.00;0;0;0.00;0.00;0.00;0;0;0.00;0.00;0;0
1397550482;h1-eth1;0.00;0.00;0.00;0;0;0.00;0.00;0.00;0;0;0.00;0.00;0;0
1397550482;total;0.00;0.00;0.00;0;0;0.00;0.00;0.00;0;0;0.00;0.00;0;0
1397550483;h1-eth1;0.00;0.00;0.00;0;0;0.00;0.00;0.00;0;0;0.00;0.00;0;0
1397550483;total;0.00;0.00;0.00;0;0;0.00;0.00;0.00;0;0;0.00;0.00;0;0
1397550483;h1-eth1;0.00;0.00;0.00;0;0;0.00;0.00;0.00;0;0;0.00;0.00;0;0
1397550483;total;0.00;0.00;0.00;0;0;0.00;0.00;0.00;0;0;0.00;0.00;0;0
1397550483;h1-eth1;0.00;0.00;0.00;0;0;0.00;0.00;0.00;0;0;0.00;0.00;0;0
1397550483;total;0.00;0.00;0.00;0;0;0.00;0.00;0.00;0;0;0.00;0.00;0;0
1397550483;h1-eth1;0.00;0.00;0.00;0;0;0.00;0.00;0.00;0;0;0.00;0.00;0;0
1397550483;total;0.00;0.00;0.00;0;0;0.00;0.00;0.00;0;0;0.00;0.00;0;0
1397550483;h1-eth1;0.00;0.00;0.00;0;0;0.00;0.00;0.00;0;0;0.00;0.00;0;0
1397550483;total;0.00;0.00;0.00;0;0;0.00;0.00;0.00;0;0;0.00;0.00;0;0
1397550483;h1-eth1;11711.54;11711.54;23423.08;1218;1218;125.00;125.00;250.00;13;13;0.00;0.00;0;0
1397550483;total;11711.54;11711.54;23423.08;1218;1218;125.00;125.00;250.00;13;13;0.00;0.00;0;0
1397550483;h1-eth1;24500.00;23520.00;48020.00;2352;2450;250.00;240.00;490.00;24;25;0.00;0.00;0;0
1397550483;total;24500.00;23520.00;48020.00;2352;2450;250.00;240.00;490.00;24;25;0.00;0.00;0;0
1397550483;h1-eth1;24980.39;24980.39;49960.78;2548;2548;254.90;254.90;509.80;26;26;0.00;0.00;0;0
1397550483;total;24980.39;24980.39;49960.78;2548;2548;254.90;254.90;509.80;26;26;0.00;0.00;0;0
1397550483;h1-eth1;27440.00;27440.00;54880.00;2744;2744;280.00;280.00;560.00;28;28;0.00;0.00;0;0
1397550483;total;27440.00;27440.00;54880.00;2744;2744;280.00;280.00;560.00;28;28;0.00;0.00;0;0
1397550483;h1-eth1;26460.00;26460.00;52920.00;2646;2646;270.00;270.00;540.00;27;27;0.00;0.00;0;0
1397550483;total;26460.00;26460.00;52920.00;2646;2646;270.00;270.00;540.00;27;27;0.00;0.00;0;0
1397550484;h1-eth1;29108.91;29108.91;58217.82;2940;2940;297.03;297.03;594.06;30;30;0.00;0.00;0;0
1397550484;total;29108.91;29108.91;58217.82;2940;2940;297.03;297.03;594.06;30;30;0.00;0.00;0;0
1397550484;h1-eth1;28420.00;28420.00;56840.00;2842;2842;290.00;290.00;580.00;29;29;0.00;0.00;0;0
1397550484;total;28420.00;28420.00;56840.00;2842;2842;290.00;290.00;580.00;29;29;0.00;0.00;0;0
1397550484;h1-eth1;30380.00;30380.00;60760.00;3038;3038;310.00;310.00;620.00;31;31;0.00;0.00;0;0
1397550484;total;30380.00;30380.00;60760.00;3038;3038;310.00;310.00;620.00;31;31;0.00;0.00;0;0
1397550484;h1-eth1;29400.00;29400.00;58800.00;2940;2940;300.00;300.00;600.00;30;30;0.00;0.00;0;0
1397550484;total;29400.00;29400.00;58800.00;2940;2940;300.00;300.00;600.00;30;30;0.00;0.00;0;0
1397550484;h1-eth1;30380.00;30380.00;60760.00;3038;3038;310.00;310.00;620.00;31;31;0.00;0.00;0;0
1397550484;total;30380.00;30380.00;60760.00;3038;3038;310.00;310.00;620.00;31;31;0.00;0.00;0;0
1397550484;h1-eth1;28420.00;28420.00;56840.00;2842;2842;290.00;290.00;580.00;29;29;0.00;0.00;0;0
1397550484;total;28420.00;28420.00;56840.00;2842;2842;290.00;290.00;580.00;29;29;0.00;0.00;0;0
1397550484;h1-eth1;30380.00;30380.00;60760.00;3038;3038;310.00;310.00;620.00;31;31;0.00;0.00;0;0
1397550484;total;30380.00;30380.00;60760.00;3038;3038;310.00;310.00;620.00;31;31;0.00;0.00;0;0
1397550484;h1-eth1;29400.00;30380.00;59780.00;3038;2940;300.00;310.00;610.00;31;30;0.00;0.00;0;0
1397550484;total;29400.00;30380.00;59780.00;3038;2940;300.00;310.00;610.00;31;30;0.00;0.00;0;0
1397550484;h1-eth1;29400.00;28420.00;57820.00;2842;2940;300.00;290.00;590.00;29;30;0.00;0.00;0;0
1397550484;total;29400.00;28420.00;57820.00;2842;2940;300.00;290.00;590.00;29;30;0.00;0.00;0;0
1397550484;h1-eth1;27440.00;27440.00;54880.00;2744;2744;280.00;280.00;560.00;28;28;0.00;0.00;0;0
1397550484;total;27440.00;27440.00;54880.00;2744;2744;280.00;280.00;560.00;28;28;0.00;0.00;0;0
1397550485;h1-eth1;25227.72;25227.72;50455.45;2548;2548;257.43;257.43;514.85;26;26;0.00;0.00;0;0
1397550485;total;25227.72;25227.72;50455.45;2548;2548;257.43;257.43;514.85;26;26;0.00;0.00;0;0
1397550485;h1-eth1;30380.00;30380.00;60760.00;3038;3038;310.00;310.00;620.00;31;31;0.00;0.00;0;0
1397550485;total;30380.00;30380.00;60760.00;3038;3038;310.00;310.00;620.00;31;31;0.00;0.00;0;0
1397550485;h1-eth1;25480.00;26460.00;51940.00;2646;2548;260.00;270.00;530.00;27;26;0.00;0.00;0;0
1397550485;total;25480.00;26460.00;51940.00;2646;2548;260.00;270.00;530.00;27;26;0.00;0.00;0;0
1397550485;h1-eth1;776080.00;15220.00;791300.00;1522;77608;560.00;210.00;770.00;21;56;0.00;0.00;0;0
1397550485;total;776080.00;15220.00;791300.00;1522;77608;560.00;210.00;770.00;21;56;0.00;0.00;0;0
1397550485;h1-eth1;333080.00;10360.00;343440.00;1036;33308;220.00;140.00;360.00;14;22;0.00;0.00;0;0
1397550485;total;333080.00;10360.00;343440.00;1036;33308;220.00;140.00;360.00;14;22;0.00;0.00;0;0
1397550485;h1-eth1;408780.00;9620.00;418400.00;962;40878;270.00;130.00;400.00;13;27;0.00;0.00;0;0
1397550485;total;408780.00;9620.00;418400.00;962;40878;270.00;130.00;400.00;13;27;0.00;0.00;0;0
1397550485;h1-eth1;211960.00;6040.00;218000.00;604;21196;140.00;80.00;220.00;8;14;0.00;0.00;0;0
1397550485;total;211960.00;6040.00;218000.00;604;21196;140.00;80.00;220.00;8;14;0.00;0.00;0;0
1397550485;h1-eth1;439060.00;11100.00;450160.00;1110;43906;290.00;150.00;440.00;15;29;0.00;0.00;0;0
1397550485;total;439060.00;11100.00;450160.00;1110;43906;290.00;150.00;440.00;15;29;0.00;0.00;0;0
1397550485;h1-eth1;239841.59;8059.41;247901.00;814;24224;158.42;108.91;267.33;11;16;0.00;0.00;0;0
1397550485;total;239841.59;8059.41;247901.00;814;24224;158.42;108.91;267.33;11;16;0.00;0.00;0;0
1397550485;h1-eth1;257380.00;5920.00;263300.00;592;25738;170.00;80.00;250.00;8;17;0.00;0.00;0;0
1397550485;total;257380.00;5920.00;263300.00;592;25738;170.00;80.00;250.00;8;17;0.00;0.00;0;0
1397550486;h1-eth1;284811.89;9524.75;294336.65;962;28766;188.12;128.71;316.83;13;19;0.00;0.00;0;0
1397550486;total;284811.89;9524.75;294336.65;962;28766;188.12;128.71;316.83;13;19;0.00;0.00;0;0
1397550486;h1-eth1;257380.00;11840.00;269220.00;1184;25738;170.00;160.00;330.00;16;17;0.00;0.00;0;0
1397550486;total;257380.00;11840.00;269220.00;1184;25738;170.00;160.00;330.00;16;17;0.00;0.00;0;0
1397550486;h1-eth1;257380.00;6660.00;264040.00;666;25738;170.00;90.00;260.00;9;17;0.00;0.00;0;0
1397550486;total;257380.00;6660.00;264040.00;666;25738;170.00;90.00;260.00;9;17;0.00;0.00;0;0
1397550486;h1-eth1;302800.00;7400.00;310200.00;740;30280;200.00;100.00;300.00;10;20;0.00;0.00;0;0
1397550486;total;299801.99;7326.73;307128.72;740;30280;198.02;99.01;297.03;10;20;0.00;0.00;0;0
1397550486;h1-eth1;224851.49;5861.39;230712.88;592;22710;148.51;79.21;227.72;8;15;0.00;0.00;0;0
1397550486;total;227100.00;5920.00;233020.00;592;22710;150.00;80.00;230.00;8;15;0.00;0.00;0;0
1397550486;h1-eth1;287660.00;7400.00;295060.00;740;28766;190.00;100.00;290.00;10;19;0.00;0.00;0;0
1397550486;total;287660.00;7400.00;295060.00;740;28766;190.00;100.00;290.00;10;19;0.00;0.00;0;0
1397550486;h1-eth1;227100.00;5920.00;233020.00;592;22710;150.00;80.00;230.00;8;15;0.00;0.00;0;0
1397550486;total;227100.00;5920.00;233020.00;592;22710;150.00;80.00;230.00;8;15;0.00;0.00;0;0
1397550486;h1-eth1;287660.00;6660.00;294320.00;666;28766;190.00;90.00;280.00;9;19;0.00;0.00;0;0
1397550486;total;287660.00;6660.00;294320.00;666;28766;190.00;90.00;280.00;9;19;0.00;0.00;0;0
1397550486;h1-eth1;257380.00;8140.00;265520.00;814;25738;170.00;110.00;280.00;11;17;0.00;0.00;0;0
1397550486;total;257380.00;8140.00;265520.00;814;25738;170.00;110.00;280.00;11;17;0.00;0.00;0;0
1397550486;h1-eth1;272520.00;6660.00;279180.00;666;27252;180.00;90.00;270.00;9;18;0.00;0.00;0;0
1397550486;total;272520.00;6660.00;279180.00;666;27252;180.00;90.00;270.00;9;18;0.00;0.00;0;0
1397550487;h1-eth1;237490.20;5803.92;243294.12;592;24224;156.86;78.43;235.29;8;16;0.00;0.00;0;0
1397550487;total;237490.20;5803.92;243294.12;592;24224;156.86;78.43;235.29;8;16;0.00;0.00;0;0
1397550487;h1-eth1;272520.00;6660.00;279180.00;666;27252;180.00;90.00;270.00;9;18;0.00;0.00;0;0
1397550487;total;272520.00;6660.00;279180.00;666;27252;180.00;90.00;270.00;9;18;0.00;0.00;0;0
1397550487;h1-eth1;287660.00;6660.00;294320.00;666;28766;190.00;90.00;280.00;9;19;0.00;0.00;0;0
1397550487;total;287660.00;6660.00;294320.00;666;28766;190.00;90.00;280.00;9;19;0.00;0.00;0;0
1397550487;h1-eth1;242240.00;5920.00;248160.00;592;24224;160.00;80.00;240.00;8;16;0.00;0.00;0;0
1397550487;total;242240.00;5920.00;248160.00;592;24224;160.00;80.00;240.00;8;16;0.00;0.00;0;0
1397550487;h1-eth1;257380.00;5920.00;263300.00;592;25738;170.00;80.00;250.00;8;17;0.00;0.00;0;0
1397550487;total;257380.00;5920.00;263300.00;592;25738;170.00;80.00;250.00;8;17;0.00;0.00;0;0
1397550487;h1-eth1;254831.69;6594.06;261425.75;666;25738;168.32;89.11;257.43;9;17;0.00;0.00;0;0
1397550487;total;254831.69;6594.06;261425.75;666;25738;168.32;89.11;257.43;9;17;0.00;0.00;0;0
1397550487;h1-eth1;284811.89;7326.73;292138.63;740;28766;188.12;99.01;287.13;10;19;0.00;0.00;0;0
1397550487;total;284811.89;7326.73;292138.63;740;28766;188.12;99.01;287.13;10;19;0.00;0.00;0;0
1397550487;h1-eth1;257380.00;6660.00;264040.00;666;25738;170.00;90.00;260.00;9;17;0.00;0.00;0;0
1397550487;total;257380.00;6660.00;264040.00;666;25738;170.00;90.00;260.00;9;17;0.00;0.00;0;0
1397550487;h1-eth1;272520.00;6660.00;279180.00;666;27252;180.00;90.00;270.00;9;18;0.00;0.00;0;0
1397550487;total;272520.00;6660.00;279180.00;666;27252;180.00;90.00;270.00;9;18;0.00;0.00;0;0
1397550487;h1-eth1;242240.00;5180.00;247420.00;518;24224;160.00;70.00;230.00;7;16;0.00;0.00;0;0
1397550487;total;237490.20;5078.43;242568.63;518;24224;156.86;68.63;225.49;7;16;0.00;0.00;0;0
1397550488;h1-eth1;249883.51;6466.02;256349.53;666;25738;165.05;87.38;252.43;9;17;0.00;0.00;0;0
1397550488;total;254831.69;6594.06;261425.75;666;25738;168.32;89.11;257.43;9;17;0.00;0.00;0;0
1397550488;h1-eth1;287660.00;8140.00;295800.00;814;28766;190.00;110.00;300.00;11;19;0.00;0.00;0;0
1397550488;total;287660.00;8140.00;295800.00;814;28766;190.00;110.00;300.00;11;19;0.00;0.00;0;0
1397550488;h1-eth1;272520.00;6660.00;279180.00;666;27252;180.00;90.00;270.00;9;18;0.00;0.00;0;0
1397550488;total;272520.00;6660.00;279180.00;666;27252;180.00;90.00;270.00;9;18;0.00;0.00;0;0
1397550488;h1-eth1;257380.00;5920.00;263300.00;592;25738;170.00;80.00;250.00;8;17;0.00;0.00;0;0
1397550488;total;257380.00;5920.00;263300.00;592;25738;170.00;80.00;250.00;8;17;0.00;0.00;0;0
1397550488;h1-eth1;257380.00;5920.00;263300.00;592;25738;170.00;80.00;250.00;8;17;0.00;0.00;0;0
1397550488;total;257380.00;5920.00;263300.00;592;25738;170.00;80.00;250.00;8;17;0.00;0.00;0;0
1397550488;h1-eth1;257380.00;6660.00;264040.00;666;25738;170.00;90.00;260.00;9;17;0.00;0.00;0;0
1397550488;total;257380.00;6660.00;264040.00;666;25738;170.00;90.00;260.00;9;17;0.00;0.00;0;0
1397550488;h1-eth1;287660.00;7400.00;295060.00;740;28766;190.00;100.00;290.00;10;19;0.00;0.00;0;0
1397550488;total;287660.00;7400.00;295060.00;740;28766;190.00;100.00;290.00;10;19;0.00;0.00;0;0
1397550488;h1-eth1;227100.00;5180.00;232280.00;518;22710;150.00;70.00;220.00;7;15;0.00;0.00;0;0
1397550488;total;227100.00;5180.00;232280.00;518;22710;150.00;70.00;220.00;7;15;0.00;0.00;0;0
1397550488;h1-eth1;302800.00;7400.00;310200.00;740;30280;200.00;100.00;300.00;10;20;0.00;0.00;0;0
1397550488;total;302800.00;7400.00;310200.00;740;30280;200.00;100.00;300.00;10;20;0.00;0.00;0;0
1397550488;h1-eth1;257380.00;5920.00;263300.00;592;25738;170.00;80.00;250.00;8;17;0.00;0.00;0;0
1397550488;total;257380.00;5920.00;263300.00;592;25738;170.00;80.00;250.00;8;17;0.00;0.00;0;0
1397550489;h1-eth1;269821.79;6594.06;276415.85;666;27252;178.22;89.11;267.33;9;18;0.00;0.00;0;0
1397550489;total;269821.79;6594.06;276415.85;666;27252;178.22;89.11;267.33;9;18;0.00;0.00;0;0
1397550489;h1-eth1;257380.00;6660.00;264040.00;666;25738;170.00;90.00;260.00;9;17;0.00;0.00;0;0
1397550489;total;257380.00;6660.00;264040.00;666;25738;170.00;90.00;260.00;9;17;0.00;0.00;0;0
1397550489;h1-eth1;284811.89;6594.06;291405.95;666;28766;188.12;89.11;277.23;9;19;0.00;0.00;0;0
1397550489;total;284811.89;6594.06;291405.95;666;28766;188.12;89.11;277.23;9;19;0.00;0.00;0;0
1397550489;h1-eth1;287660.00;6660.00;294320.00;666;28766;190.00;90.00;280.00;9;19;0.00;0.00;0;0
1397550489;total;287660.00;6660.00;294320.00;666;28766;190.00;90.00;280.00;9;19;0.00;0.00;0;0
1397550489;h1-eth1;272520.00;6660.00;279180.00;666;27252;180.00;90.00;270.00;9;18;0.00;0.00;0;0
1397550489;total;272520.00;6660.00;279180.00;666;27252;180.00;90.00;270.00;9;18;0.00;0.00;0;0
1397550489;h1-eth1;287660.00;5920.00;293580.00;592;28766;190.00;80.00;270.00;8;19;0.00;0.00;0;0
1397550489;total;287660.00;5920.00;293580.00;592;28766;190.00;80.00;270.00;8;19;0.00;0.00;0;0
1397550489;h1-eth1;230360.00;6660.00;237020.00;666;23036;160.00;90.00;250.00;9;16;0.00;0.00;0;0
1397550489;total;230360.00;6660.00;237020.00;666;23036;160.00;90.00;250.00;9;16;0.00;0.00;0;0
1397550489;h1-eth1;0.00;7400.00;7400.00;740;0;0.00;100.00;100.00;10;0;0.00;0.00;0;0
1397550489;total;0.00;7400.00;7400.00;740;0;0.00;100.00;100.00;10;0;0.00;0.00;0;0
1397550489;h1-eth1;0.00;7400.00;7400.00;740;0;0.00;100.00;100.00;10;0;0.00;0.00;0;0
1397550489;total;0.00;7400.00;7400.00;740;0;0.00;100.00;100.00;10;0;0.00;0.00;0;0
1397550489;h1-eth1;0.00;5920.00;5920.00;592;0;0.00;80.00;80.00;8;0;0.00;0.00;0;0
1397550489;total;0.00;5920.00;5920.00;592;0;0.00;80.00;80.00;8;0;0.00;0.00;0;0
1397550490;h1-eth1;0.00;6594.06;6594.06;666;0;0.00;89.11;89.11;9;0;0.00;0.00;0;0
1397550490;total;0.00;6594.06;6594.06;666;0;0.00;89.11;89.11;9;0;0.00;0.00;0;0
1397550490;h1-eth1;0.00;6660.00;6660.00;666;0;0.00;90.00;90.00;9;0;0.00;0.00;0;0
1397550490;total;0.00;6466.02;6466.02;666;0;0.00;87.38;87.38;9;0;0.00;0.00;0;0
1397550490;h1-eth1;3557.69;7942.31;11500.00;826;370;48.08;105.77;153.85;11;5;0.00;0.00;0;0
1397550490;total;3663.37;8178.22;11841.58;826;370;49.50;108.91;158.42;11;5;0.00;0.00;0;0
1397550491;h1-eth1;0.00;0.00;0.00;0;0;0.00;0.00;0.00;0;0;0.00;0.00;0;0
1397550491;total;0.00;0.00;0.00;0;0;0.00;0.00;0.00;0;0;0.00;0.00;0;0
1397550491;h1-eth1;0.00;420.00;420.00;42;0;0.00;10.00;10.00;1;0;0.00;0.00;0;0
1397550491;total;0.00;420.00;420.00;42;0;0.00;10.00;10.00;1;0;0.00;0.00;0;0
1397550491;h1-eth1;0.00;0.00;0.00;0;0;0.00;0.00;0.00;0;0;0.00;0.00;0;0
1397550491;total;0.00;0.00;0.00;0;0;0.00;0.00;0.00;0;0;0.00;0.00;0;0
1397550492;h1-eth1;0.00;0.00;0.00;0;0;0.00;0.00;0.00;0;0;0.00;0.00;0;0
1397550492;total;0.00;0.00;0.00;0;0;0.00;0.00;0.00;0;0;0.00;0.00;0;0
1397550492;h1-eth1;0.00;0.00;0.00;0;0;0.00;0.00;0.00;0;0;0.00;0.00;0;0
1397550492;total;0.00;0.00;0.00;0;0;0.00;0.00;0.00;0;0;0.00;0.00;0;0
1397550492;h1-eth1;0.00;0.00;0.00;0;0;0.00;0.00;0.00;0;0;0.00;0.00;0;0
1397550492;total;0.00;0.00;0.00;0;0;0.00;0.00;0.00;0;0;0.00;0.00;0;0
1397550492;h1-eth1;0.00;0.00;0.00;0;0;0.00;0.00;0.00;0;0;0.00;0.00;0;0
1397550492;total;0.00;0.00;0.00;0;0;0.00;0.00;0.00;0;0;0.00;0.00;0;0
1397550492;h1-eth1;0.00;0.00;0.00;0;0;0.00;0.00;0.00;0;0;0.00;0.00;0;0
1397550492;total;0.00;0.00;0.00;0;0;0.00;0.00;0.00;0;0;0.00;0.00;0;0
1397550492;h1-eth1;0.00;0.00;0.00;0;0;0.00;0.00;0.00;0;0;0.00;0.00;0;0
1397550492;total;0.00;0.00;0.00;0;0;0.00;0.00;0.00;0;0;0.00;0.00;0;0
1397550492;h1-eth1;0.00;0.00;0.00;0;0;0.00;0.00;0.00;0;0;0.00;0.00;0;0
1397550492;total;0.00;0.00;0.00;0;0;0.00;0.00;0.00;0;0;0.00;0.00;0;0
1397550492;h1-eth1;0.00;0.00;0.00;0;0;0.00;0.00;0.00;0;0;0.00;0.00;0;0
1397550492;total;0.00;0.00;0.00;0;0;0.00;0.00;0.00;0;0;0.00;0.00;0;0
1397550492;h1-eth1;0.00;0.00;0.00;0;0;0.00;0.00;0.00;0;0;0.00;0.00;0;0
1397550492;total;0.00;0.00;0.00;0;0;0.00;0.00;0.00;0;0;0.00;0.00;0;0
1397550492;h1-eth1;0.00;0.00;0.00;0;0;0.00;0.00;0.00;0;0;0.00;0.00;0;0
1397550492;total;0.00;0.00;0.00;0;0;0.00;0.00;0.00;0;0;0.00;0.00;0;0
1397550493;h1-eth1;0.00;0.00;0.00;0;0;0.00;0.00;0.00;0;0;0.00;0.00;0;0
1397550493;total;0.00;0.00;0.00;0;0;0.00;0.00;0.00;0;0;0.00;0.00;0;0
1397550493;h1-eth1;0.00;0.00;0.00;0;0;0.00;0.00;0.00;0;0;0.00;0.00;0;0
1397550493;total;0.00;0.00;0.00;0;0;0.00;0.00;0.00;0;0;0.00;0.00;0;0
1397550493;h1-eth1;0.00;0.00;0.00;0;0;0.00;0.00;0.00;0;0;0.00;0.00;0;0
1397550493;total;0.00;0.00;0.00;0;0;0.00;0.00;0.00;0;0;0.00;0.00;0;0
1397550493;h1-eth1;0.00;0.00;0.00;0;0;0.00;0.00;0.00;0;0;0.00;0.00;0;0
1397550493;total;0.00;0.00;0.00;0;0;0.00;0.00;0.00;0;0;0.00;0.00;0;0
1397550493;h1-eth1;0.00;0.00;0.00;0;0;0.00;0.00;0.00;0;0;0.00;0.00;0;0
1397550493;total;0.00;0.00;0.00;0;0;0.00;0.00;0.00;0;0;0.00;0.00;0;0
1397550493;h1-eth1;0.00;0.00;0.00;0;0;0.00;0.00;0.00;0;0;0.00;0.00;0;0
1397550493;total;0.00;0.00;0.00;0;0;0.00;0.00;0.00;0;0;0.00;0.00;0;0
1397550493;h1-eth1;0.00;0.00;0.00;0;0;0.00;0.00;0.00;0;0;0.00;0.00;0;0
1397550493;total;0.00;0.00;0.00;0;0;0.00;0.00;0.00;0;0;0.00;0.00;0;0
1397550493;h1-eth1;0.00;0.00;0.00;0;0;0.00;0.00;0.00;0;0;0.00;0.00;0;0
1397550493;total;0.00;0.00;0.00;0;0;0.00;0.00;0.00;0;0;0.00;0.00;0;0
1397550493;h1-eth1;0.00;0.00;0.00;0;0;0.00;0.00;0.00;0;0;0.00;0.00;0;0
1397550493;total;0.00;0.00;0.00;0;0;0.00;0.00;0.00;0;0;0.00;0.00;0;0
1397550493;h1-eth1;0.00;0.00;0.00;0;0;0.00;0.00;0.00;0;0;0.00;0.00;0;0
1397550493;total;0.00;0.00;0.00;0;0;0.00;0.00;0.00;0;0;0.00;0.00;0;0
1397550494;h1-eth1;0.00;0.00;0.00;0;0;0.00;0.00;0.00;0;0;0.00;0.00;0;0
1397550494;total;0.00;0.00;0.00;0;0;0.00;0.00;0.00;0;0;0.00;0.00;0;0
1397550494;h1-eth1;0.00;0.00;0.00;0;0;0.00;0.00;0.00;0;0;0.00;0.00;0;0
1397550494;total;0.00;0.00;0.00;0;0;0.00;0.00;0.00;0;0;0.00;0.00;0;0
1397550494;h1-eth1;0.00;0.00;0.00;0;0;0.00;0.00;0.00;0;0;0.00;0.00;0;0
1397550494;total;0.00;0.00;0.00;0;0;0.00;0.00;0.00;0;0;0.00;0.00;0;0
1397550494;h1-eth1;0.00;0.00;0.00;0;0;0.00;0.00;0.00;0;0;0.00;0.00;0;0
1397550494;total;0.00;0.00;0.00;0;0;0.00;0.00;0.00;0;0;0.00;0.00;0;0
1397550494;h1-eth1;415.84;0.00;415.84;0;42;9.90;0.00;9.90;0;1;0.00;0.00;0;0
1397550494;total;415.84;0.00;415.84;0;42;9.90;0.00;9.90;0;1;0.00;0.00;0;0
1397550494;h1-eth1;16333.33;16745.10;33078.43;1708;1666;166.67;176.47;343.14;18;17;0.00;0.00;0;0
1397550494;total;16333.33;16745.10;33078.43;1708;1666;166.67;176.47;343.14;18;17;0.00;0.00;0;0
1397550494;h1-eth1;24500.00;23520.00;48020.00;2352;2450;250.00;240.00;490.00;24;25;0.00;0.00;0;0
1397550494;total;24500.00;23520.00;48020.00;2352;2450;250.00;240.00;490.00;24;25;0.00;0.00;0;0
1397550494;h1-eth1;23520.00;23520.00;47040.00;2352;2352;240.00;240.00;480.00;24;24;0.00;0.00;0;0
1397550494;total;23520.00;23520.00;47040.00;2352;2352;240.00;240.00;480.00;24;24;0.00;0.00;0;0
1397550494;h1-eth1;28420.00;28420.00;56840.00;2842;2842;290.00;290.00;580.00;29;29;0.00;0.00;0;0
1397550494;total;28420.00;28420.00;56840.00;2842;2842;290.00;290.00;580.00;29;29;0.00;0.00;0;0
1397550494;h1-eth1;23520.00;23520.00;47040.00;2352;2352;240.00;240.00;480.00;24;24;0.00;0.00;0;0
1397550494;total;23520.00;23520.00;47040.00;2352;2352;240.00;240.00;480.00;24;24;0.00;0.00;0;0
1397550495;h1-eth1;23287.13;23287.13;46574.26;2352;2352;237.62;237.62;475.25;24;24;0.00;0.00;0;0
1397550495;total;23287.13;23287.13;46574.26;2352;2352;237.62;237.62;475.25;24;24;0.00;0.00;0;0
1397550495;h1-eth1;24500.00;24500.00;49000.00;2450;2450;250.00;250.00;500.00;25;25;0.00;0.00;0;0
1397550495;total;24500.00;24500.00;49000.00;2450;2450;250.00;250.00;500.00;25;25;0.00;0.00;0;0
1397550495;h1-eth1;23520.00;23520.00;47040.00;2352;2352;240.00;240.00;480.00;24;24;0.00;0.00;0;0
1397550495;total;23520.00;23520.00;47040.00;2352;2352;240.00;240.00;480.00;24;24;0.00;0.00;0;0
1397550495;h1-eth1;23287.13;23287.13;46574.26;2352;2352;237.62;237.62;475.25;24;24;0.00;0.00;0;0
1397550495;total;23287.13;23287.13;46574.26;2352;2352;237.62;237.62;475.25;24;24;0.00;0.00;0;0
1397550495;h1-eth1;23520.00;24500.00;48020.00;2450;2352;240.00;250.00;490.00;25;24;0.00;0.00;0;0
1397550495;total;23520.00;24500.00;48020.00;2450;2352;240.00;250.00;490.00;25;24;0.00;0.00;0;0
1397550495;h1-eth1;24500.00;23520.00;48020.00;2352;2450;250.00;240.00;490.00;24;25;0.00;0.00;0;0
1397550495;total;24257.43;23287.13;47544.56;2352;2450;247.52;237.62;485.15;24;25;0.00;0.00;0;0
1397550495;h1-eth1;23520.00;23520.00;47040.00;2352;2352;240.00;240.00;480.00;24;24;0.00;0.00;0;0
1397550495;total;23520.00;23520.00;47040.00;2352;2352;240.00;240.00;480.00;24;24;0.00;0.00;0;0
1397550495;h1-eth1;28420.00;28420.00;56840.00;2842;2842;290.00;290.00;580.00;29;29;0.00;0.00;0;0
1397550495;total;28420.00;28420.00;56840.00;2842;2842;290.00;290.00;580.00;29;29;0.00;0.00;0;0
1397550495;h1-eth1;28420.00;29400.00;57820.00;2940;2842;290.00;300.00;590.00;30;29;0.00;0.00;0;0
1397550495;total;28420.00;29400.00;57820.00;2940;2842;290.00;300.00;590.00;30;29;0.00;0.00;0;0
1397550495;h1-eth1;25480.00;24500.00;49980.00;2450;2548;260.00;250.00;510.00;25;26;0.00;0.00;0;0
1397550495;total;25480.00;24500.00;49980.00;2450;2548;260.00;250.00;510.00;25;26;0.00;0.00;0;0
1397550496;h1-eth1;23287.13;23287.13;46574.26;2352;2352;237.62;237.62;475.25;24;24;0.00;0.00;0;0
1397550496;total;23287.13;23287.13;46574.26;2352;2352;237.62;237.62;475.25;24;24;0.00;0.00;0;0
1397550496;h1-eth1;23287.13;23287.13;46574.26;2352;2352;237.62;237.62;475.25;24;24;0.00;0.00;0;0
1397550496;total;23287.13;23287.13;46574.26;2352;2352;237.62;237.62;475.25;24;24;0.00;0.00;0;0
1397550496;h1-eth1;23520.00;23520.00;47040.00;2352;2352;240.00;240.00;480.00;24;24;0.00;0.00;0;0
1397550496;total;23520.00;23520.00;47040.00;2352;2352;240.00;240.00;480.00;24;24;0.00;0.00;0;0
1397550496;h1-eth1;23520.00;23520.00;47040.00;2352;2352;240.00;240.00;480.00;24;24;0.00;0.00;0;0
1397550496;total;23520.00;23520.00;47040.00;2352;2352;240.00;240.00;480.00;24;24;0.00;0.00;0;0
1397550496;h1-eth1;22540.00;22540.00;45080.00;2254;2254;230.00;230.00;460.00;23;23;0.00;0.00;0;0
1397550496;total;22540.00;22540.00;45080.00;2254;2254;230.00;230.00;460.00;23;23;0.00;0.00;0;0
1397550496;h1-eth1;427156.87;18078.43;445235.30;1844;43570;401.96;215.69;617.65;22;41;0.00;0.00;0;0
1397550496;total;427156.87;18078.43;445235.30;1844;43570;401.96;215.69;617.65;22;41;0.00;0.00;0;0
1397550496;h1-eth1;772140.00;18180.00;790320.00;1818;77214;510.00;250.00;760.00;25;51;0.00;0.00;0;0
1397550496;total;772140.00;18180.00;790320.00;1818;77214;510.00;250.00;760.00;25;51;0.00;0.00;0;0
1397550496;h1-eth1;454200.00;11960.00;466160.00;1196;45420;300.00;160.00;460.00;16;30;0.00;0.00;0;0
1397550496;total;449702.99;11841.58;461544.57;1196;45420;297.03;158.42;455.45;16;30;0.00;0.00;0;0
1397550496;h1-eth1;341392.16;14509.80;355901.97;1480;34822;225.49;196.08;421.57;20;23;0.00;0.00;0;0
1397550496;total;344772.29;14653.47;359425.76;1480;34822;227.72;198.02;425.74;20;23;0.00;0.00;0;0
1397550496;h1-eth1;393640.00;10360.00;404000.00;1036;39364;260.00;140.00;400.00;14;26;0.00;0.00;0;0
1397550496;total;393640.00;10360.00;404000.00;1036;39364;260.00;140.00;400.00;14;26;0.00;0.00;0;0
1397550497;h1-eth1;389742.59;9524.75;399267.34;962;39364;257.43;128.71;386.14;13;26;0.00;0.00;0;0
1397550497;total;389742.59;9524.75;399267.34;962;39364;257.43;128.71;386.14;13;26;0.00;0.00;0;0
1397550497;h1-eth1;389742.59;11722.77;401465.36;1184;39364;257.43;158.42;415.84;16;26;0.00;0.00;0;0
1397550497;total;389742.59;11722.77;401465.36;1184;39364;257.43;158.42;415.84;16;26;0.00;0.00;0;0
1397550497;h1-eth1;408780.00;15540.00;424320.00;1554;40878;270.00;210.00;480.00;21;27;0.00;0.00;0;0
1397550497;total;408780.00;15540.00;424320.00;1554;40878;270.00;210.00;480.00;21;27;0.00;0.00;0;0
1397550497;h1-eth1;393640.00;9620.00;403260.00;962;39364;260.00;130.00;390.00;13;26;0.00;0.00;0;0
1397550497;total;393640.00;9620.00;403260.00;962;39364;260.00;130.00;390.00;13;26;0.00;0.00;0;0
1397550497;h1-eth1;393640.00;9620.00;403260.00;962;39364;260.00;130.00;390.00;13;26;0.00;0.00;0;0
1397550497;total;393640.00;9620.00;403260.00;962;39364;260.00;130.00;390.00;13;26;0.00;0.00;0;0
1397550497;h1-eth1;393640.00;8880.00;402520.00;888;39364;260.00;120.00;380.00;12;26;0.00;0.00;0;0
1397550497;total;393640.00;8880.00;402520.00;888;39364;260.00;120.00;380.00;12;26;0.00;0.00;0;0
1397550497;h1-eth1;374752.49;8792.08;383544.57;888;37850;247.52;118.81;366.34;12;25;0.00;0.00;0;0
1397550497;total;374752.49;8792.08;383544.57;888;37850;247.52;118.81;366.34;12;25;0.00;0.00;0;0
1397550497;h1-eth1;393640.00;10360.00;404000.00;1036;39364;260.00;140.00;400.00;14;26;0.00;0.00;0;0
1397550497;total;393640.00;10360.00;404000.00;1036;39364;260.00;140.00;400.00;14;26;0.00;0.00;0;0
1397550497;h1-eth1;393640.00;9620.00;403260.00;962;39364;260.00;130.00;390.00;13;26;0.00;0.00;0;0
1397550497;total;393640.00;9620.00;403260.00;962;39364;260.00;130.00;390.00;13;26;0.00;0.00;0;0
1397550497;h1-eth1;393640.00;11840.00;405480.00;1184;39364;260.00;160.00;420.00;16;26;0.00;0.00;0;0
1397550497;total;393640.00;11840.00;405480.00;1184;39364;260.00;160.00;420.00;16;26;0.00;0.00;0;0
1397550498;h1-eth1;404732.69;9524.75;414257.44;962;40878;267.33;128.71;396.04;13;27;0.00;0.00;0;0
1397550498;total;404732.69;9524.75;414257.44;962;40878;267.33;128.71;396.04;13;27;0.00;0.00;0;0
1397550498;h1-eth1;389742.59;9524.75;399267.34;962;39364;257.43;128.71;386.14;13;26;0.00;0.00;0;0
1397550498;total;389742.59;9524.75;399267.34;962;39364;257.43;128.71;386.14;13;26;0.00;0.00;0;0
1397550498;h1-eth1;378500.00;9620.00;388120.00;962;37850;250.00;130.00;380.00;13;25;0.00;0.00;0;0
1397550498;total;378500.00;9620.00;388120.00;962;37850;250.00;130.00;380.00;13;25;0.00;0.00;0;0
1397550498;h1-eth1;378500.00;8880.00;387380.00;888;37850;250.00;120.00;370.00;12;25;0.00;0.00;0;0
1397550498;total;378500.00;8880.00;387380.00;888;37850;250.00;120.00;370.00;12;25;0.00;0.00;0;0
1397550498;h1-eth1;378500.00;8880.00;387380.00;888;37850;250.00;120.00;370.00;12;25;0.00;0.00;0;0
1397550498;total;378500.00;8880.00;387380.00;888;37850;250.00;120.00;370.00;12;25;0.00;0.00;0;0
1397550498;h1-eth1;430450.99;11607.84;442058.83;1184;43906;284.31;156.86;441.18;16;29;0.00;0.00;0;0
1397550498;total;430450.99;11607.84;442058.83;1184;43906;284.31;156.86;441.18;16;29;0.00;0.00;0;0
1397550498;h1-eth1;378500.00;8880.00;387380.00;888;37850;250.00;120.00;370.00;12;25;0.00;0.00;0;0
1397550498;total;378500.00;8880.00;387380.00;888;37850;250.00;120.00;370.00;12;25;0.00;0.00;0;0
1397550498;h1-eth1;363360.00;8880.00;372240.00;888;36336;240.00;120.00;360.00;12;24;0.00;0.00;0;0
1397550498;total;363360.00;8880.00;372240.00;888;36336;240.00;120.00;360.00;12;24;0.00;0.00;0;0
1397550498;h1-eth1;393640.00;10360.00;404000.00;1036;39364;260.00;140.00;400.00;14;26;0.00;0.00;0;0
1397550498;total;385921.57;10156.86;396078.44;1036;39364;254.90;137.25;392.16;14;26;0.00;0.00;0;0
1397550498;h1-eth1;404732.69;9524.75;414257.44;962;40878;267.33;128.71;396.04;13;27;0.00;0.00;0;0
1397550498;total;408780.00;9620.00;418400.00;962;40878;270.00;130.00;400.00;13;27;0.00;0.00;0;0
1397550499;h1-eth1;389742.59;9524.75;399267.34;962;39364;257.43;128.71;386.14;13;26;0.00;0.00;0;0
1397550499;total;389742.59;9524.75;399267.34;962;39364;257.43;128.71;386.14;13;26;0.00;0.00;0;0
1397550499;h1-eth1;393640.00;9620.00;403260.00;962;39364;260.00;130.00;390.00;13;26;0.00;0.00;0;0
1397550499;total;393640.00;9620.00;403260.00;962;39364;260.00;130.00;390.00;13;26;0.00;0.00;0;0
1397550499;h1-eth1;363360.00;10360.00;373720.00;1036;36336;240.00;140.00;380.00;14;24;0.00;0.00;0;0
1397550499;total;363360.00;10360.00;373720.00;1036;36336;240.00;140.00;380.00;14;24;0.00;0.00;0;0
1397550499;h1-eth1;408780.00;9620.00;418400.00;962;40878;270.00;130.00;400.00;13;27;0.00;0.00;0;0
1397550499;total;408780.00;9620.00;418400.00;962;40878;270.00;130.00;400.00;13;27;0.00;0.00;0;0
1397550499;h1-eth1;393640.00;9620.00;403260.00;962;39364;260.00;130.00;390.00;13;26;0.00;0.00;0;0
1397550499;total;393640.00;9620.00;403260.00;962;39364;260.00;130.00;390.00;13;26;0.00;0.00;0;0
1397550499;h1-eth1;393640.00;11100.00;404740.00;1110;39364;260.00;150.00;410.00;15;26;0.00;0.00;0;0
1397550499;total;393640.00;11100.00;404740.00;1110;39364;260.00;150.00;410.00;15;26;0.00;0.00;0;0
1397550499;h1-eth1;378500.00;8880.00;387380.00;888;37850;250.00;120.00;370.00;12;25;0.00;0.00;0;0
1397550499;total;378500.00;8880.00;387380.00;888;37850;250.00;120.00;370.00;12;25;0.00;0.00;0;0
1397550499;h1-eth1;378500.00;8880.00;387380.00;888;37850;250.00;120.00;370.00;12;25;0.00;0.00;0;0
1397550499;total;378500.00;8880.00;387380.00;888;37850;250.00;120.00;370.00;12;25;0.00;0.00;0;0
1397550499;h1-eth1;393640.00;10360.00;404000.00;1036;39364;260.00;140.00;400.00;14;26;0.00;0.00;0;0
1397550499;total;393640.00;10360.00;404000.00;1036;39364;260.00;140.00;400.00;14;26;0.00;0.00;0;0
1397550499;h1-eth1;393640.00;10360.00;404000.00;1036;39364;260.00;140.00;400.00;14;26;0.00;0.00;0;0
1397550499;total;393640.00;10360.00;404000.00;1036;39364;260.00;140.00;400.00;14;26;0.00;0.00;0;0
1397550500;h1-eth1;404732.69;9524.75;414257.44;962;40878;267.33;128.71;396.04;13;27;0.00;0.00;0;0
1397550500;total;404732.69;9524.75;414257.44;962;40878;267.33;128.71;396.04;13;27;0.00;0.00;0;0
1397550500;h1-eth1;378500.00;8880.00;387380.00;888;37850;250.00;120.00;370.00;12;25;0.00;0.00;0;0
1397550500;total;378500.00;8880.00;387380.00;888;37850;250.00;120.00;370.00;12;25;0.00;0.00;0;0
1397550500;h1-eth1;393640.00;9620.00;403260.00;962;39364;260.00;130.00;390.00;13;26;0.00;0.00;0;0
1397550500;total;393640.00;9620.00;403260.00;962;39364;260.00;130.00;390.00;13;26;0.00;0.00;0;0
1397550500;h1-eth1;359762.39;10990.10;370752.49;1110;36336;237.62;148.51;386.14;15;24;0.00;0.00;0;0
1397550500;total;359762.39;10990.10;370752.49;1110;36336;237.62;148.51;386.14;15;24;0.00;0.00;0;0
1397550500;h1-eth1;419722.79;9524.75;429247.54;962;42392;277.23;128.71;405.94;13;28;0.00;0.00;0;0
1397550500;total;419722.79;9524.75;429247.54;962;42392;277.23;128.71;405.94;13;28;0.00;0.00;0;0
1397550500;h1-eth1;363360.00;8880.00;372240.00;888;36336;240.00;120.00;360.00;12;24;0.00;0.00;0;0
1397550500;total;363360.00;8880.00;372240.00;888;36336;240.00;120.00;360.00;12;24;0.00;0.00;0;0
1397550500;h1-eth1;439060.00;10360.00;449420.00;1036;43906;290.00;140.00;430.00;14;29;0.00;0.00;0;0
1397550500;total;439060.00;10360.00;449420.00;1036;43906;290.00;140.00;430.00;14;29;0.00;0.00;0;0
1397550500;h1-eth1;378500.00;10360.00;388860.00;1036;37850;250.00;140.00;390.00;14;25;0.00;0.00;0;0
1397550500;total;378500.00;10360.00;388860.00;1036;37850;250.00;140.00;390.00;14;25;0.00;0.00;0;0
1397550500;h1-eth1;393640.00;9620.00;403260.00;962;39364;260.00;130.00;390.00;13;26;0.00;0.00;0;0
1397550500;total;393640.00;9620.00;403260.00;962;39364;260.00;130.00;390.00;13;26;0.00;0.00;0;0
1397550500;h1-eth1;371078.44;8705.88;379784.32;888;37850;245.10;117.65;362.75;12;25;0.00;0.00;0;0
1397550500;total;371078.44;8705.88;379784.32;888;37850;245.10;117.65;362.75;12;25;0.00;0.00;0;0
1397550501;h1-eth1;423920.00;9620.00;433540.00;962;42392;280.00;130.00;410.00;13;28;0.00;0.00;0;0
1397550501;total;423920.00;9620.00;433540.00;962;42392;280.00;130.00;410.00;13;28;0.00;0.00;0;0
1397550501;h1-eth1;80160.00;11100.00;91260.00;1110;8016;60.00;150.00;210.00;15;6;0.00;0.00;0;0
1397550501;total;80160.00;11100.00;91260.00;1110;8016;60.00;150.00;210.00;15;6;0.00;0.00;0;0
1397550501;h1-eth1;0.00;9620.00;9620.00;962;0;0.00;130.00;130.00;13;0;0.00;0.00;0;0
1397550501;total;0.00;9620.00;9620.00;962;0;0.00;130.00;130.00;13;0;0.00;0.00;0;0
1397550501;h1-eth1;0.00;8880.00;8880.00;888;0;0.00;120.00;120.00;12;0;0.00;0.00;0;0
1397550501;total;0.00;8880.00;8880.00;888;0;0.00;120.00;120.00;12;0;0.00;0.00;0;0
1397550501;h1-eth1;0.00;8140.00;8140.00;814;0;0.00;110.00;110.00;11;0;0.00;0.00;0;0
1397550501;total;0.00;8140.00;8140.00;814;0;0.00;110.00;110.00;11;0;0.00;0.00;0;0
1397550501;h1-eth1;3700.00;3080.00;6780.00;308;370;50.00;40.00;90.00;4;5;0.00;0.00;0;0
1397550501;total;3700.00;3080.00;6780.00;308;370;50.00;40.00;90.00;4;5;0.00;0.00;0;0
1397550503;h1-eth1;0.00;0.00;0.00;0;0;0.00;0.00;0.00;0;0;0.00;0.00;0;0
1397550503;total;0.00;0.00;0.00;0;0;0.00;0.00;0.00;0;0;0.00;0.00;0;0
1397550503;h1-eth1;0.00;420.00;420.00;42;0;0.00;10.00;10.00;1;0;0.00;0.00;0;0
1397550503;total;0.00;420.00;420.00;42;0;0.00;10.00;10.00;1;0;0.00;0.00;0;0
1397550503;h1-eth1;0.00;0.00;0.00;0;0;0.00;0.00;0.00;0;0;0.00;0.00;0;0
1397550503;total;0.00;0.00;0.00;0;0;0.00;0.00;0.00;0;0;0.00;0.00;0;0
1397550503;h1-eth1;0.00;0.00;0.00;0;0;0.00;0.00;0.00;0;0;0.00;0.00;0;0
1397550503;total;0.00;0.00;0.00;0;0;0.00;0.00;0.00;0;0;0.00;0.00;0;0
1397550503;h1-eth1;0.00;0.00;0.00;0;0;0.00;0.00;0.00;0;0;0.00;0.00;0;0
1397550503;total;0.00;0.00;0.00;0;0;0.00;0.00;0.00;0;0;0.00;0.00;0;0
1397550503;h1-eth1;0.00;0.00;0.00;0;0;0.00;0.00;0.00;0;0;0.00;0.00;0;0
1397550503;total;0.00;0.00;0.00;0;0;0.00;0.00;0.00;0;0;0.00;0.00;0;0
1397550503;h1-eth1;0.00;0.00;0.00;0;0;0.00;0.00;0.00;0;0;0.00;0.00;0;0
1397550503;total;0.00;0.00;0.00;0;0;0.00;0.00;0.00;0;0;0.00;0.00;0;0
1397550503;h1-eth1;0.00;0.00;0.00;0;0;0.00;0.00;0.00;0;0;0.00;0.00;0;0
1397550503;total;0.00;0.00;0.00;0;0;0.00;0.00;0.00;0;0;0.00;0.00;0;0
1397550503;h1-eth1;0.00;0.00;0.00;0;0;0.00;0.00;0.00;0;0;0.00;0.00;0;0
1397550503;total;0.00;0.00;0.00;0;0;0.00;0.00;0.00;0;0;0.00;0.00;0;0
1397550503;h1-eth1;0.00;0.00;0.00;0;0;0.00;0.00;0.00;0;0;0.00;0.00;0;0
1397550503;total;0.00;0.00;0.00;0;0;0.00;0.00;0.00;0;0;0.00;0.00;0;0
1397550504;h1-eth1;0.00;0.00;0.00;0;0;0.00;0.00;0.00;0;0;0.00;0.00;0;0
1397550504;total;0.00;0.00;0.00;0;0;0.00;0.00;0.00;0;0;0.00;0.00;0;0
1397550504;h1-eth1;0.00;0.00;0.00;0;0;0.00;0.00;0.00;0;0;0.00;0.00;0;0
1397550504;total;0.00;0.00;0.00;0;0;0.00;0.00;0.00;0;0;0.00;0.00;0;0
1397550504;h1-eth1;0.00;0.00;0.00;0;0;0.00;0.00;0.00;0;0;0.00;0.00;0;0
1397550504;total;0.00;0.00;0.00;0;0;0.00;0.00;0.00;0;0;0.00;0.00;0;0
1397550504;h1-eth1;0.00;0.00;0.00;0;0;0.00;0.00;0.00;0;0;0.00;0.00;0;0
1397550504;total;0.00;0.00;0.00;0;0;0.00;0.00;0.00;0;0;0.00;0.00;0;0
1397550504;h1-eth1;0.00;0.00;0.00;0;0;0.00;0.00;0.00;0;0;0.00;0.00;0;0
1397550504;total;0.00;0.00;0.00;0;0;0.00;0.00;0.00;0;0;0.00;0.00;0;0
1397550504;h1-eth1;0.00;0.00;0.00;0;0;0.00;0.00;0.00;0;0;0.00;0.00;0;0
1397550504;total;0.00;0.00;0.00;0;0;0.00;0.00;0.00;0;0;0.00;0.00;0;0
1397550504;h1-eth1;0.00;0.00;0.00;0;0;0.00;0.00;0.00;0;0;0.00;0.00;0;0
1397550504;total;0.00;0.00;0.00;0;0;0.00;0.00;0.00;0;0;0.00;0.00;0;0
1397550504;h1-eth1;0.00;0.00;0.00;0;0;0.00;0.00;0.00;0;0;0.00;0.00;0;0
1397550504;total;0.00;0.00;0.00;0;0;0.00;0.00;0.00;0;0;0.00;0.00;0;0
1397550504;h1-eth1;0.00;0.00;0.00;0;0;0.00;0.00;0.00;0;0;0.00;0.00;0;0
1397550504;total;0.00;0.00;0.00;0;0;0.00;0.00;0.00;0;0;0.00;0.00;0;0
1397550504;h1-eth1;0.00;0.00;0.00;0;0;0.00;0.00;0.00;0;0;0.00;0.00;0;0
1397550504;total;0.00;0.00;0.00;0;0;0.00;0.00;0.00;0;0;0.00;0.00;0;0
1397550505;h1-eth1;0.00;0.00;0.00;0;0;0.00;0.00;0.00;0;0;0.00;0.00;0;0
1397550505;total;0.00;0.00;0.00;0;0;0.00;0.00;0.00;0;0;0.00;0.00;0;0
1397550505;h1-eth1;0.00;0.00;0.00;0;0;0.00;0.00;0.00;0;0;0.00;0.00;0;0
1397550505;total;0.00;0.00;0.00;0;0;0.00;0.00;0.00;0;0;0.00;0.00;0;0
1397550505;h1-eth1;0.00;0.00;0.00;0;0;0.00;0.00;0.00;0;0;0.00;0.00;0;0
1397550505;total;0.00;0.00;0.00;0;0;0.00;0.00;0.00;0;0;0.00;0.00;0;0
1397550505;h1-eth1;0.00;0.00;0.00;0;0;0.00;0.00;0.00;0;0;0.00;0.00;0;0
1397550505;total;0.00;0.00;0.00;0;0;0.00;0.00;0.00;0;0;0.00;0.00;0;0
1397550505;h1-eth1;0.00;0.00;0.00;0;0;0.00;0.00;0.00;0;0;0.00;0.00;0;0
1397550505;total;0.00;0.00;0.00;0;0;0.00;0.00;0.00;0;0;0.00;0.00;0;0
1397550505;h1-eth1;0.00;0.00;0.00;0;0;0.00;0.00;0.00;0;0;0.00;0.00;0;0
1397550505;total;0.00;0.00;0.00;0;0;0.00;0.00;0.00;0;0;0.00;0.00;0;0
1397550505;h1-eth1;0.00;0.00;0.00;0;0;0.00;0.00;0.00;0;0;0.00;0.00;0;0
1397550505;total;0.00;0.00;0.00;0;0;0.00;0.00;0.00;0;0;0.00;0.00;0;0
1397550505;h1-eth1;0.00;0.00;0.00;0;0;0.00;0.00;0.00;0;0;0.00;0.00;0;0
1397550505;total;0.00;0.00;0.00;0;0;0.00;0.00;0.00;0;0;0.00;0.00;0;0
1397550505;h1-eth1;12180.00;11200.00;23380.00;1120;1218;130.00;120.00;250.00;12;13;0.00;0.00;0;0
1397550505;total;12180.00;11200.00;23380.00;1120;1218;130.00;120.00;250.00;12;13;0.00;0.00;0;0
1397550505;h1-eth1;22098.04;23058.82;45156.86;2352;2254;225.49;235.29;460.78;24;23;0.00;0.00;0;0
1397550505;total;22098.04;23058.82;45156.86;2352;2254;225.49;235.29;460.78;24;23;0.00;0.00;0;0
1397550506;h1-eth1;25227.72;24257.43;49485.15;2450;2548;257.43;247.52;504.95;25;26;0.00;0.00;0;0
1397550506;total;25227.72;24257.43;49485.15;2450;2548;257.43;247.52;504.95;25;26;0.00;0.00;0;0
1397550506;h1-eth1;23520.00;23520.00;47040.00;2352;2352;240.00;240.00;480.00;24;24;0.00;0.00;0;0
1397550506;total;23520.00;23520.00;47040.00;2352;2352;240.00;240.00;480.00;24;24;0.00;0.00;0;0
1397550506;h1-eth1;22540.00;22540.00;45080.00;2254;2254;230.00;230.00;460.00;23;23;0.00;0.00;0;0
1397550506;total;22540.00;22540.00;45080.00;2254;2254;230.00;230.00;460.00;23;23;0.00;0.00;0;0
1397550506;h1-eth1;23520.00;23520.00;47040.00;2352;2352;240.00;240.00;480.00;24;24;0.00;0.00;0;0
1397550506;total;23520.00;23520.00;47040.00;2352;2352;240.00;240.00;480.00;24;24;0.00;0.00;0;0
1397550506;h1-eth1;23520.00;23520.00;47040.00;2352;2352;240.00;240.00;480.00;24;24;0.00;0.00;0;0
1397550506;total;23520.00;23520.00;47040.00;2352;2352;240.00;240.00;480.00;24;24;0.00;0.00;0;0
1397550506;h1-eth1;23520.00;23520.00;47040.00;2352;2352;240.00;240.00;480.00;24;24;0.00;0.00;0;0
1397550506;total;23520.00;23520.00;47040.00;2352;2352;240.00;240.00;480.00;24;24;0.00;0.00;0;0
1397550506;h1-eth1;22540.00;22540.00;45080.00;2254;2254;230.00;230.00;460.00;23;23;0.00;0.00;0;0
1397550506;total;22540.00;22540.00;45080.00;2254;2254;230.00;230.00;460.00;23;23;0.00;0.00;0;0
1397550506;h1-eth1;23520.00;23520.00;47040.00;2352;2352;240.00;240.00;480.00;24;24;0.00;0.00;0;0
1397550506;total;23520.00;23520.00;47040.00;2352;2352;240.00;240.00;480.00;24;24;0.00;0.00;0;0
1397550506;h1-eth1;23520.00;23520.00;47040.00;2352;2352;240.00;240.00;480.00;24;24;0.00;0.00;0;0
1397550506;total;23520.00;23520.00;47040.00;2352;2352;240.00;240.00;480.00;24;24;0.00;0.00;0;0
1397550506;h1-eth1;23520.00;23520.00;47040.00;2352;2352;240.00;240.00;480.00;24;24;0.00;0.00;0;0
1397550506;total;23520.00;23520.00;47040.00;2352;2352;240.00;240.00;480.00;24;24;0.00;0.00;0;0
1397550507;h1-eth1;22316.83;23287.13;45603.96;2352;2254;227.72;237.62;465.35;24;23;0.00;0.00;0;0
1397550507;total;22316.83;23287.13;45603.96;2352;2254;227.72;237.62;465.35;24;23;0.00;0.00;0;0
1397550507;h1-eth1;23520.00;22540.00;46060.00;2254;2352;240.00;230.00;470.00;23;24;0.00;0.00;0;0
1397550507;total;23520.00;22540.00;46060.00;2254;2352;240.00;230.00;470.00;23;24;0.00;0.00;0;0
1397550507;h1-eth1;23287.13;23287.13;46574.26;2352;2352;237.62;237.62;475.25;24;24;0.00;0.00;0;0
1397550507;total;23287.13;23287.13;46574.26;2352;2352;237.62;237.62;475.25;24;24;0.00;0.00;0;0
1397550507;h1-eth1;24500.00;24500.00;49000.00;2450;2450;250.00;250.00;500.00;25;25;0.00;0.00;0;0
1397550507;total;24500.00;24500.00;49000.00;2450;2450;250.00;250.00;500.00;25;25;0.00;0.00;0;0
1397550507;h1-eth1;23287.13;23287.13;46574.26;2352;2352;237.62;237.62;475.25;24;24;0.00;0.00;0;0
1397550507;total;23287.13;23287.13;46574.26;2352;2352;237.62;237.62;475.25;24;24;0.00;0.00;0;0
1397550507;h1-eth1;23520.00;23520.00;47040.00;2352;2352;240.00;240.00;480.00;24;24;0.00;0.00;0;0
1397550507;total;23520.00;23520.00;47040.00;2352;2352;240.00;240.00;480.00;24;24;0.00;0.00;0;0
1397550507;h1-eth1;22316.83;23287.13;45603.96;2352;2254;227.72;237.62;465.35;24;23;0.00;0.00;0;0
1397550507;total;22316.83;23287.13;45603.96;2352;2254;227.72;237.62;465.35;24;23;0.00;0.00;0;0
1397550507;h1-eth1;21560.00;20580.00;42140.00;2058;2156;220.00;210.00;430.00;21;22;0.00;0.00;0;0
1397550507;total;21560.00;20580.00;42140.00;2058;2156;220.00;210.00;430.00;21;22;0.00;0.00;0;0
1397550507;h1-eth1;23520.00;23520.00;47040.00;2352;2352;240.00;240.00;480.00;24;24;0.00;0.00;0;0
1397550507;total;23520.00;23520.00;47040.00;2352;2352;240.00;240.00;480.00;24;24;0.00;0.00;0;0
1397550507;h1-eth1;257940.00;17920.00;275860.00;1792;25794;330.00;200.00;530.00;20;33;0.00;0.00;0;0
1397550507;total;257940.00;17920.00;275860.00;1792;25794;330.00;200.00;530.00;20;33;0.00;0.00;0;0
1397550508;h1-eth1;989346.57;22396.04;1011742.61;2262;99924;653.47;306.93;960.40;31;66;0.00;0.00;0;0
1397550508;total;970135.97;21961.17;992097.13;2262;99924;640.78;300.97;941.75;31;66;0.00;0.00;0;0
1397550508;h1-eth1;578882.36;16803.92;595686.28;1714;59046;382.35;225.49;607.84;23;39;0.00;0.00;0;0
1397550508;total;590460.00;17140.00;607600.00;1714;59046;390.00;230.00;620.00;23;39;0.00;0.00;0;0
1397550508;h1-eth1;454200.00;19240.00;473440.00;1924;45420;300.00;260.00;560.00;26;30;0.00;0.00;0;0
1397550508;total;454200.00;19240.00;473440.00;1924;45420;300.00;260.00;560.00;26;30;0.00;0.00;0;0
1397550508;h1-eth1;514760.00;12580.00;527340.00;1258;51476;340.00;170.00;510.00;17;34;0.00;0.00;0;0
1397550508;total;514760.00;12580.00;527340.00;1258;51476;340.00;170.00;510.00;17;34;0.00;0.00;0;0
1397550508;h1-eth1;545040.00;17760.00;562800.00;1776;54504;360.00;240.00;600.00;24;36;0.00;0.00;0;0
1397550508;total;545040.00;17760.00;562800.00;1776;54504;360.00;240.00;600.00;24;36;0.00;0.00;0;0
1397550508;h1-eth1;514760.00;12580.00;527340.00;1258;51476;340.00;170.00;510.00;17;34;0.00;0.00;0;0
1397550508;total;514760.00;12580.00;527340.00;1258;51476;340.00;170.00;510.00;17;34;0.00;0.00;0;0
1397550508;h1-eth1;545040.00;12580.00;557620.00;1258;54504;360.00;170.00;530.00;17;36;0.00;0.00;0;0
1397550508;total;545040.00;12580.00;557620.00;1258;54504;360.00;170.00;530.00;17;36;0.00;0.00;0;0
1397550508;h1-eth1;529900.00;12580.00;542480.00;1258;52990;350.00;170.00;520.00;17;35;0.00;0.00;0;0
1397550508;total;529900.00;12580.00;542480.00;1258;52990;350.00;170.00;520.00;17;35;0.00;0.00;0;0
1397550508;h1-eth1;499620.00;11840.00;511460.00;1184;49962;330.00;160.00;490.00;16;33;0.00;0.00;0;0
1397550508;total;499620.00;11840.00;511460.00;1184;49962;330.00;160.00;490.00;16;33;0.00;0.00;0;0
1397550508;h1-eth1;529900.00;12580.00;542480.00;1258;52990;350.00;170.00;520.00;17;35;0.00;0.00;0;0
1397550508;total;529900.00;12580.00;542480.00;1258;52990;350.00;170.00;520.00;17;35;0.00;0.00;0;0
1397550509;h1-eth1;494673.29;13188.12;507861.41;1332;49962;326.73;178.22;504.95;18;33;0.00;0.00;0;0
1397550509;total;494673.29;13188.12;507861.41;1332;49962;326.73;178.22;504.95;18;33;0.00;0.00;0;0
1397550509;h1-eth1;554633.69;13188.12;567821.80;1332;56018;366.34;178.22;544.55;18;37;0.00;0.00;0;0
1397550509;total;554633.69;13188.12;567821.80;1332;56018;366.34;178.22;544.55;18;37;0.00;0.00;0;0
1397550509;h1-eth1;529900.00;13320.00;543220.00;1332;52990;350.00;180.00;530.00;18;35;0.00;0.00;0;0
1397550509;total;529900.00;13320.00;543220.00;1332;52990;350.00;180.00;530.00;18;35;0.00;0.00;0;0
1397550509;h1-eth1;499620.00;11840.00;511460.00;1184;49962;330.00;160.00;490.00;16;33;0.00;0.00;0;0
1397550509;total;499620.00;11840.00;511460.00;1184;49962;330.00;160.00;490.00;16;33;0.00;0.00;0;0
1397550509;h1-eth1;545040.00;14060.00;559100.00;1406;54504;360.00;190.00;550.00;19;36;0.00;0.00;0;0
1397550509;total;545040.00;14060.00;559100.00;1406;54504;360.00;190.00;550.00;19;36;0.00;0.00;0;0
1397550509;h1-eth1;499620.00;12580.00;512200.00;1258;49962;330.00;170.00;500.00;17;33;0.00;0.00;0;0
1397550509;total;499620.00;12580.00;512200.00;1258;49962;330.00;170.00;500.00;17;33;0.00;0.00;0;0
1397550509;h1-eth1;545040.00;12580.00;557620.00;1258;54504;360.00;170.00;530.00;17;36;0.00;0.00;0;0
1397550509;total;539643.59;12455.45;552099.03;1258;54504;356.44;168.32;524.75;17;36;0.00;0.00;0;0
1397550509;h1-eth1;499620.00;13320.00;512940.00;1332;49962;330.00;180.00;510.00;18;33;0.00;0.00;0;0
1397550509;total;499620.00;13320.00;512940.00;1332;49962;330.00;180.00;510.00;18;33;0.00;0.00;0;0
1397550509;h1-eth1;529900.00;12580.00;542480.00;1258;52990;350.00;170.00;520.00;17;35;0.00;0.00;0;0
1397550509;total;529900.00;12580.00;542480.00;1258;52990;350.00;170.00;520.00;17;35;0.00;0.00;0;0
1397550509;h1-eth1;514760.00;13320.00;528080.00;1332;51476;340.00;180.00;520.00;18;34;0.00;0.00;0;0
1397550509;total;514760.00;13320.00;528080.00;1332;51476;340.00;180.00;520.00;18;34;0.00;0.00;0;0
1397550510;h1-eth1;524653.49;13188.12;537841.61;1332;52990;346.53;178.22;524.75;18;35;0.00;0.00;0;0
1397550510;total;524653.49;13188.12;537841.61;1332;52990;346.53;178.22;524.75;18;35;0.00;0.00;0;0
1397550510;h1-eth1;485067.98;11495.15;496563.13;1184;49962;320.39;155.34;475.73;16;33;0.00;0.00;0;0
1397550510;total;485067.98;11495.15;496563.13;1184;49962;320.39;155.34;475.73;16;33;0.00;0.00;0;0
1397550510;h1-eth1;545040.00;14060.00;559100.00;1406;54504;360.00;190.00;550.00;19;36;0.00;0.00;0;0
1397550510;total;545040.00;14060.00;559100.00;1406;54504;360.00;190.00;550.00;19;36;0.00;0.00;0;0
1397550510;h1-eth1;499620.00;11840.00;511460.00;1184;49962;330.00;160.00;490.00;16;33;0.00;0.00;0;0
1397550510;total;499620.00;11840.00;511460.00;1184;49962;330.00;160.00;490.00;16;33;0.00;0.00;0;0
1397550510;h1-eth1;529900.00;12580.00;542480.00;1258;52990;350.00;170.00;520.00;17;35;0.00;0.00;0;0
1397550510;total;529900.00;12580.00;542480.00;1258;52990;350.00;170.00;520.00;17;35;0.00;0.00;0;0
1397550510;h1-eth1;545040.00;14060.00;559100.00;1406;54504;360.00;190.00;550.00;19;36;0.00;0.00;0;0
1397550510;total;545040.00;14060.00;559100.00;1406;54504;360.00;190.00;550.00;19;36;0.00;0.00;0;0
1397550510;h1-eth1;499620.00;11840.00;511460.00;1184;49962;330.00;160.00;490.00;16;33;0.00;0.00;0;0
1397550510;total;499620.00;11840.00;511460.00;1184;49962;330.00;160.00;490.00;16;33;0.00;0.00;0;0
1397550510;h1-eth1;514760.00;12580.00;527340.00;1258;51476;340.00;170.00;510.00;17;34;0.00;0.00;0;0
1397550510;total;514760.00;12580.00;527340.00;1258;51476;340.00;170.00;510.00;17;34;0.00;0.00;0;0
1397550510;h1-eth1;514760.00;14800.00;529560.00;1480;51476;340.00;200.00;540.00;20;34;0.00;0.00;0;0
1397550510;total;514760.00;14800.00;529560.00;1480;51476;340.00;200.00;540.00;20;34;0.00;0.00;0;0
1397550510;h1-eth1;545040.00;13320.00;558360.00;1332;54504;360.00;180.00;540.00;18;36;0.00;0.00;0;0
1397550510;total;545040.00;13320.00;558360.00;1332;54504;360.00;180.00;540.00;18;36;0.00;0.00;0;0
1397550511;h1-eth1;494673.29;11722.77;506396.06;1184;49962;326.73;158.42;485.15;16;33;0.00;0.00;0;0
1397550511;total;494673.29;11722.77;506396.06;1184;49962;326.73;158.42;485.15;16;33;0.00;0.00;0;0
1397550511;h1-eth1;509663.39;12455.45;522118.83;1258;51476;336.63;168.32;504.95;17;34;0.00;0.00;0;0
1397550511;total;509663.39;12455.45;522118.83;1258;51476;336.63;168.32;504.95;17;34;0.00;0.00;0;0
1397550511;h1-eth1;545040.00;13320.00;558360.00;1332;54504;360.00;180.00;540.00;18;36;0.00;0.00;0;0
1397550511;total;545040.00;13320.00;558360.00;1332;54504;360.00;180.00;540.00;18;36;0.00;0.00;0;0
1397550511;h1-eth1;514760.00;12580.00;527340.00;1258;51476;340.00;170.00;510.00;17;34;0.00;0.00;0;0
1397550511;total;514760.00;12580.00;527340.00;1258;51476;340.00;170.00;510.00;17;34;0.00;0.00;0;0
1397550511;h1-eth1;529900.00;14800.00;544700.00;1480;52990;350.00;200.00;550.00;20;35;0.00;0.00;0;0
1397550511;total;529900.00;14800.00;544700.00;1480;52990;350.00;200.00;550.00;20;35;0.00;0.00;0;0
1397550511;h1-eth1;529900.00;12580.00;542480.00;1258;52990;350.00;170.00;520.00;17;35;0.00;0.00;0;0
1397550511;total;529900.00;12580.00;542480.00;1258;52990;350.00;170.00;520.00;17;35;0.00;0.00;0;0
1397550511;h1-eth1;499620.00;11840.00;511460.00;1184;49962;330.00;160.00;490.00;16;33;0.00;0.00;0;0
1397550511;total;499620.00;11840.00;511460.00;1184;49962;330.00;160.00;490.00;16;33;0.00;0.00;0;0
1397550511;h1-eth1;529900.00;13320.00;543220.00;1332;52990;350.00;180.00;530.00;18;35;0.00;0.00;0;0
1397550511;total;529900.00;13320.00;543220.00;1332;52990;350.00;180.00;530.00;18;35;0.00;0.00;0;0
1397550511;h1-eth1;499620.00;14800.00;514420.00;1480;49962;330.00;200.00;530.00;20;33;0.00;0.00;0;0
1397550511;total;499620.00;14800.00;514420.00;1480;49962;330.00;200.00;530.00;20;33;0.00;0.00;0;0
1397550511;h1-eth1;494673.29;11722.77;506396.06;1184;49962;326.73;158.42;485.15;16;33;0.00;0.00;0;0
1397550511;total;494673.29;11722.77;506396.06;1184;49962;326.73;158.42;485.15;16;33;0.00;0.00;0;0
1397550512;h1-eth1;539643.59;12455.45;552099.03;1258;54504;356.44;168.32;524.75;17;36;0.00;0.00;0;0
1397550512;total;539643.59;12455.45;552099.03;1258;54504;356.44;168.32;524.75;17;36;0.00;0.00;0;0
1397550512;h1-eth1;560180.00;15540.00;575720.00;1554;56018;370.00;210.00;580.00;21;37;0.00;0.00;0;0
1397550512;total;560180.00;15540.00;575720.00;1554;56018;370.00;210.00;580.00;21;37;0.00;0.00;0;0
1397550512;h1-eth1;504666.67;12333.33;517000.01;1258;51476;333.33;166.67;500.00;17;34;0.00;0.00;0;0
1397550512;total;504666.67;12333.33;517000.01;1258;51476;333.33;166.67;500.00;17;34;0.00;0.00;0;0
1397550512;h1-eth1;211960.00;11840.00;223800.00;1184;21196;140.00;160.00;300.00;16;14;0.00;0.00;0;0
1397550512;total;211960.00;11840.00;223800.00;1184;21196;140.00;160.00;300.00;16;14;0.00;0.00;0;0
1397550512;h1-eth1;0.00;12580.00;12580.00;1258;0;0.00;170.00;170.00;17;0;0.00;0.00;0;0
1397550512;total;0.00;12580.00;12580.00;1258;0;0.00;170.00;170.00;17;0;0.00;0.00;0;0
1397550512;h1-eth1;0.00;14800.00;14800.00;1480;0;0.00;200.00;200.00;20;0;0.00;0.00;0;0
1397550512;total;0.00;14800.00;14800.00;1480;0;0.00;200.00;200.00;20;0;0.00;0.00;0;0
1397550512;h1-eth1;0.00;5920.00;5920.00;592;0;0.00;80.00;80.00;8;0;0.00;0.00;0;0
1397550512;total;0.00;5920.00;5920.00;592;0;0.00;80.00;80.00;8;0;0.00;0.00;0;0
1397550512;h1-eth1;2960.00;1480.00;4440.00;148;296;40.00;20.00;60.00;2;4;0.00;0.00;0;0
1397550512;total;2960.00;1480.00;4440.00;148;296;40.00;20.00;60.00;2;4;0.00;0.00;0;0
1397550512;h1-eth1;0.00;0.00;0.00;0;0;0.00;0.00;0.00;0;0;0.00;0.00;0;0
1397550512;total;0.00;0.00;0.00;0;0;0.00;0.00;0.00;0;0;0.00;0.00;0;0
1397550513;h1-eth1;0.00;0.00;0.00;0;0;0.00;0.00;0.00;0;0;0.00;0.00;0;0
1397550513;total;0.00;0.00;0.00;0;0;0.00;0.00;0.00;0;0;0.00;0.00;0;0
1397550514;h1-eth1;0.00;0.00;0.00;0;0;0.00;0.00;0.00;0;0;0.00;0.00;0;0
1397550514;total;0.00;0.00;0.00;0;0;0.00;0.00;0.00;0;0;0.00;0.00;0;0
1397550514;h1-eth1;0.00;415.84;415.84;42;0;0.00;9.90;9.90;1;0;0.00;0.00;0;0
1397550514;total;0.00;415.84;415.84;42;0;0.00;9.90;9.90;1;0;0.00;0.00;0;0
1397550514;h1-eth1;0.00;0.00;0.00;0;0;0.00;0.00;0.00;0;0;0.00;0.00;0;0
1397550514;total;0.00;0.00;0.00;0;0;0.00;0.00;0.00;0;0;0.00;0.00;0;0
1397550514;h1-eth1;0.00;0.00;0.00;0;0;0.00;0.00;0.00;0;0;0.00;0.00;0;0
1397550514;total;0.00;0.00;0.00;0;0;0.00;0.00;0.00;0;0;0.00;0.00;0;0
1397550514;h1-eth1;0.00;0.00;0.00;0;0;0.00;0.00;0.00;0;0;0.00;0.00;0;0
1397550514;total;0.00;0.00;0.00;0;0;0.00;0.00;0.00;0;0;0.00;0.00;0;0
1397550514;h1-eth1;0.00;0.00;0.00;0;0;0.00;0.00;0.00;0;0;0.00;0.00;0;0
1397550514;total;0.00;0.00;0.00;0;0;0.00;0.00;0.00;0;0;0.00;0.00;0;0
1397550514;h1-eth1;0.00;0.00;0.00;0;0;0.00;0.00;0.00;0;0;0.00;0.00;0;0
1397550514;total;0.00;0.00;0.00;0;0;0.00;0.00;0.00;0;0;0.00;0.00;0;0
1397550515;h1-eth1;0.00;0.00;0.00;0;0;0.00;0.00;0.00;0;0;0.00;0.00;0;0
1397550515;total;0.00;0.00;0.00;0;0;0.00;0.00;0.00;0;0;0.00;0.00;0;0
1397550515;h1-eth1;0.00;0.00;0.00;0;0;0.00;0.00;0.00;0;0;0.00;0.00;0;0
1397550515;total;0.00;0.00;0.00;0;0;0.00;0.00;0.00;0;0;0.00;0.00;0;0
1397550515;h1-eth1;0.00;0.00;0.00;0;0;0.00;0.00;0.00;0;0;0.00;0.00;0;0
1397550515;total;0.00;0.00;0.00;0;0;0.00;0.00;0.00;0;0;0.00;0.00;0;0
1397550515;h1-eth1;0.00;0.00;0.00;0;0;0.00;0.00;0.00;0;0;0.00;0.00;0;0
1397550515;total;0.00;0.00;0.00;0;0;0.00;0.00;0.00;0;0;0.00;0.00;0;0
1397550515;h1-eth1;0.00;0.00;0.00;0;0;0.00;0.00;0.00;0;0;0.00;0.00;0;0
1397550515;total;0.00;0.00;0.00;0;0;0.00;0.00;0.00;0;0;0.00;0.00;0;0
1397550515;h1-eth1;0.00;0.00;0.00;0;0;0.00;0.00;0.00;0;0;0.00;0.00;0;0
1397550515;total;0.00;0.00;0.00;0;0;0.00;0.00;0.00;0;0;0.00;0.00;0;0
1397550515;h1-eth1;0.00;0.00;0.00;0;0;0.00;0.00;0.00;0;0;0.00;0.00;0;0
1397550515;total;0.00;0.00;0.00;0;0;0.00;0.00;0.00;0;0;0.00;0.00;0;0
1397550515;h1-eth1;0.00;0.00;0.00;0;0;0.00;0.00;0.00;0;0;0.00;0.00;0;0
1397550515;total;0.00;0.00;0.00;0;0;0.00;0.00;0.00;0;0;0.00;0.00;0;0
1397550515;h1-eth1;0.00;0.00;0.00;0;0;0.00;0.00;0.00;0;0;0.00;0.00;0;0
1397550515;total;0.00;0.00;0.00;0;0;0.00;0.00;0.00;0;0;0.00;0.00;0;0
1397550515;h1-eth1;0.00;0.00;0.00;0;0;0.00;0.00;0.00;0;0;0.00;0.00;0;0
1397550515;total;0.00;0.00;0.00;0;0;0.00;0.00;0.00;0;0;0.00;0.00;0;0
1397550516;h1-eth1;0.00;0.00;0.00;0;0;0.00;0.00;0.00;0;0;0.00;0.00;0;0
1397550516;total;0.00;0.00;0.00;0;0;0.00;0.00;0.00;0;0;0.00;0.00;0;0
1397550516;h1-eth1;0.00;0.00;0.00;0;0;0.00;0.00;0.00;0;0;0.00;0.00;0;0
1397550516;total;0.00;0.00;0.00;0;0;0.00;0.00;0.00;0;0;0.00;0.00;0;0
1397550516;h1-eth1;0.00;0.00;0.00;0;0;0.00;0.00;0.00;0;0;0.00;0.00;0;0
1397550516;total;0.00;0.00;0.00;0;0;0.00;0.00;0.00;0;0;0.00;0.00;0;0
1397550516;h1-eth1;0.00;0.00;0.00;0;0;0.00;0.00;0.00;0;0;0.00;0.00;0;0
1397550516;total;0.00;0.00;0.00;0;0;0.00;0.00;0.00;0;0;0.00;0.00;0;0
1397550516;h1-eth1;0.00;0.00;0.00;0;0;0.00;0.00;0.00;0;0;0.00;0.00;0;0
1397550516;total;0.00;0.00;0.00;0;0;0.00;0.00;0.00;0;0;0.00;0.00;0;0
1397550516;h1-eth1;0.00;0.00;0.00;0;0;0.00;0.00;0.00;0;0;0.00;0.00;0;0
1397550516;total;0.00;0.00;0.00;0;0;0.00;0.00;0.00;0;0;0.00;0.00;0;0
1397550516;h1-eth1;0.00;0.00;0.00;0;0;0.00;0.00;0.00;0;0;0.00;0.00;0;0
1397550516;total;0.00;0.00;0.00;0;0;0.00;0.00;0.00;0;0;0.00;0.00;0;0
1397550516;h1-eth1;0.00;0.00;0.00;0;0;0.00;0.00;0.00;0;0;0.00;0.00;0;0
1397550516;total;0.00;0.00;0.00;0;0;0.00;0.00;0.00;0;0;0.00;0.00;0;0
1397550516;h1-eth1;0.00;0.00;0.00;0;0;0.00;0.00;0.00;0;0;0.00;0.00;0;0
1397550516;total;0.00;0.00;0.00;0;0;0.00;0.00;0.00;0;0;0.00;0.00;0;0
1397550516;h1-eth1;0.00;0.00;0.00;0;0;0.00;0.00;0.00;0;0;0.00;0.00;0;0
1397550516;total;0.00;0.00;0.00;0;0;0.00;0.00;0.00;0;0;0.00;0.00;0;0
1397550517;h1-eth1;5267.33;5267.33;10534.65;532;532;59.41;59.41;118.81;6;6;0.00;0.00;0;0
1397550517;total;5267.33;5267.33;10534.65;532;532;59.41;59.41;118.81;6;6;0.00;0.00;0;0
1397550517;h1-eth1;18077.67;18077.67;36155.34;1862;1862;184.47;184.47;368.93;19;19;0.00;0.00;0;0
1397550517;total;18077.67;18077.67;36155.34;1862;1862;184.47;184.47;368.93;19;19;0.00;0.00;0;0
1397550517;h1-eth1;26901.96;25941.18;52843.14;2646;2744;274.51;264.71;539.22;27;28;0.00;0.00;0;0
1397550517;total;27168.32;26198.02;53366.34;2646;2744;277.23;267.33;544.55;27;28;0.00;0.00;0;0
1397550517;h1-eth1;23520.00;24500.00;48020.00;2450;2352;240.00;250.00;490.00;25;24;0.00;0.00;0;0
1397550517;total;23520.00;24500.00;48020.00;2450;2352;240.00;250.00;490.00;25;24;0.00;0.00;0;0
1397550517;h1-eth1;29400.00;28420.00;57820.00;2842;2940;300.00;290.00;590.00;29;30;0.00;0.00;0;0
1397550517;total;29400.00;28420.00;57820.00;2842;2940;300.00;290.00;590.00;29;30;0.00;0.00;0;0
1397550517;h1-eth1;30380.00;30380.00;60760.00;3038;3038;310.00;310.00;620.00;31;31;0.00;0.00;0;0
1397550517;total;30380.00;30380.00;60760.00;3038;3038;310.00;310.00;620.00;31;31;0.00;0.00;0;0
1397550517;h1-eth1;27440.00;28420.00;55860.00;2842;2744;280.00;290.00;570.00;29;28;0.00;0.00;0;0
1397550517;total;27440.00;28420.00;55860.00;2842;2744;280.00;290.00;570.00;29;28;0.00;0.00;0;0
1397550517;h1-eth1;23520.00;22540.00;46060.00;2254;2352;240.00;230.00;470.00;23;24;0.00;0.00;0;0
1397550517;total;23520.00;22540.00;46060.00;2254;2352;240.00;230.00;470.00;23;24;0.00;0.00;0;0
1397550517;h1-eth1;24500.00;24500.00;49000.00;2450;2450;250.00;250.00;500.00;25;25;0.00;0.00;0;0
1397550517;total;24500.00;24500.00;49000.00;2450;2450;250.00;250.00;500.00;25;25;0.00;0.00;0;0
1397550517;h1-eth1;23287.13;23287.13;46574.26;2352;2352;237.62;237.62;475.25;24;24;0.00;0.00;0;0
1397550517;total;23287.13;23287.13;46574.26;2352;2352;237.62;237.62;475.25;24;24;0.00;0.00;0;0
1397550518;h1-eth1;23520.00;23520.00;47040.00;2352;2352;240.00;240.00;480.00;24;24;0.00;0.00;0;0
1397550518;total;23287.13;23287.13;46574.26;2352;2352;237.62;237.62;475.25;24;24;0.00;0.00;0;0
1397550518;h1-eth1;23520.00;23520.00;47040.00;2352;2352;240.00;240.00;480.00;24;24;0.00;0.00;0;0
1397550518;total;23520.00;23520.00;47040.00;2352;2352;240.00;240.00;480.00;24;24;0.00;0.00;0;0
1397550518;h1-eth1;23287.13;23287.13;46574.26;2352;2352;237.62;237.62;475.25;24;24;0.00;0.00;0;0
1397550518;total;23287.13;23287.13;46574.26;2352;2352;237.62;237.62;475.25;24;24;0.00;0.00;0;0
1397550518;h1-eth1;24500.00;24500.00;49000.00;2450;2450;250.00;250.00;500.00;25;25;0.00;0.00;0;0
1397550518;total;24500.00;24500.00;49000.00;2450;2450;250.00;250.00;500.00;25;25;0.00;0.00;0;0
1397550518;h1-eth1;24257.43;24257.43;48514.85;2450;2450;247.52;247.52;495.05;25;25;0.00;0.00;0;0
1397550518;total;24257.43;24257.43;48514.85;2450;2450;247.52;247.52;495.05;25;25;0.00;0.00;0;0
1397550518;h1-eth1;23520.00;24500.00;48020.00;2450;2352;240.00;250.00;490.00;25;24;0.00;0.00;0;0
1397550518;total;23520.00;24500.00;48020.00;2450;2352;240.00;250.00;490.00;25;24;0.00;0.00;0;0
1397550518;h1-eth1;27440.00;26460.00;53900.00;2646;2744;280.00;270.00;550.00;27;28;0.00;0.00;0;0
1397550518;total;27440.00;26460.00;53900.00;2646;2744;280.00;270.00;550.00;27;28;0.00;0.00;0;0
1397550518;h1-eth1;29400.00;29400.00;58800.00;2940;2940;300.00;300.00;600.00;30;30;0.00;0.00;0;0
1397550518;total;29400.00;29400.00;58800.00;2940;2940;300.00;300.00;600.00;30;30;0.00;0.00;0;0
1397550518;h1-eth1;29400.00;29400.00;58800.00;2940;2940;300.00;300.00;600.00;30;30;0.00;0.00;0;0
1397550518;total;29400.00;29400.00;58800.00;2940;2940;300.00;300.00;600.00;30;30;0.00;0.00;0;0
1397550519;h1-eth1;24980.39;25941.18;50921.57;2646;2548;254.90;264.71;519.61;27;26;0.00;0.00;0;0
1397550519;total;24980.39;25941.18;50921.57;2646;2548;254.90;264.71;519.61;27;26;0.00;0.00;0;0
1397550519;h1-eth1;853740.00;22360.00;876100.00;2236;85374;630.00;300.00;930.00;30;63;0.00;0.00;0;0
1397550519;total;853740.00;22360.00;876100.00;2236;85374;630.00;300.00;930.00;30;63;0.00;0.00;0;0
1397550519;h1-eth1;772140.00;21580.00;793720.00;2158;77214;510.00;290.00;800.00;29;51;0.00;0.00;0;0
1397550519;total;772140.00;21580.00;793720.00;2158;77214;510.00;290.00;800.00;29;51;0.00;0.00;0;0
1397550519;h1-eth1;605600.00;22940.00;628540.00;2294;60560;400.00;310.00;710.00;31;40;0.00;0.00;0;0
1397550519;total;605600.00;22940.00;628540.00;2294;60560;400.00;310.00;710.00;31;40;0.00;0.00;0;0
1397550519;h1-eth1;653098.05;15235.29;668333.34;1554;66616;431.37;205.88;637.25;21;44;0.00;0.00;0;0
1397550519;total;653098.05;15235.29;668333.34;1554;66616;431.37;205.88;637.25;21;44;0.00;0.00;0;0
1397550519;h1-eth1;635880.00;22200.00;658080.00;2220;63588;420.00;300.00;720.00;30;42;0.00;0.00;0;0
1397550519;total;635880.00;22200.00;658080.00;2220;63588;420.00;300.00;720.00;30;42;0.00;0.00;0;0
1397550519;h1-eth1;681300.00;16280.00;697580.00;1628;68130;450.00;220.00;670.00;22;45;0.00;0.00;0;0
1397550519;total;681300.00;16280.00;697580.00;1628;68130;450.00;220.00;670.00;22;45;0.00;0.00;0;0
1397550519;h1-eth1;620740.00;14800.00;635540.00;1480;62074;410.00;200.00;610.00;20;41;0.00;0.00;0;0
1397550519;total;620740.00;14800.00;635540.00;1480;62074;410.00;200.00;610.00;20;41;0.00;0.00;0;0
1397550519;h1-eth1;651020.00;15540.00;666560.00;1554;65102;430.00;210.00;640.00;21;43;0.00;0.00;0;0
1397550519;total;651020.00;15540.00;666560.00;1554;65102;430.00;210.00;640.00;21;43;0.00;0.00;0;0
1397550519;h1-eth1;666160.00;16280.00;682440.00;1628;66616;440.00;220.00;660.00;22;44;0.00;0.00;0;0
1397550519;total;666160.00;16280.00;682440.00;1628;66616;440.00;220.00;660.00;22;44;0.00;0.00;0;0
1397550520;h1-eth1;644574.28;14653.47;659227.75;1480;65102;425.74;198.02;623.76;20;43;0.00;0.00;0;0
1397550520;total;644574.28;14653.47;659227.75;1480;65102;425.74;198.02;623.76;20;43;0.00;0.00;0;0
1397550520;h1-eth1;681300.00;19240.00;700540.00;1924;68130;450.00;260.00;710.00;26;45;0.00;0.00;0;0
1397550520;total;681300.00;19240.00;700540.00;1924;68130;450.00;260.00;710.00;26;45;0.00;0.00;0;0
1397550520;h1-eth1;620740.00;14800.00;635540.00;1480;62074;410.00;200.00;610.00;20;41;0.00;0.00;0;0
1397550520;total;620740.00;14800.00;635540.00;1480;62074;410.00;200.00;610.00;20;41;0.00;0.00;0;0
1397550520;h1-eth1;666160.00;15540.00;681700.00;1554;66616;440.00;210.00;650.00;21;44;0.00;0.00;0;0
1397550520;total;666160.00;15540.00;681700.00;1554;66616;440.00;210.00;650.00;21;44;0.00;0.00;0;0
1397550520;h1-eth1;635880.00;14800.00;650680.00;1480;63588;420.00;200.00;620.00;20;42;0.00;0.00;0;0
1397550520;total;635880.00;14800.00;650680.00;1480;63588;420.00;200.00;620.00;20;42;0.00;0.00;0;0
1397550520;h1-eth1;635880.00;17020.00;652900.00;1702;63588;420.00;230.00;650.00;23;42;0.00;0.00;0;0
1397550520;total;635880.00;17020.00;652900.00;1702;63588;420.00;230.00;650.00;23;42;0.00;0.00;0;0
1397550520;h1-eth1;651020.00;15540.00;666560.00;1554;65102;430.00;210.00;640.00;21;43;0.00;0.00;0;0
1397550520;total;651020.00;15540.00;666560.00;1554;65102;430.00;210.00;640.00;21;43;0.00;0.00;0;0
1397550520;h1-eth1;666160.00;16280.00;682440.00;1628;66616;440.00;220.00;660.00;22;44;0.00;0.00;0;0
1397550520;total;666160.00;16280.00;682440.00;1628;66616;440.00;220.00;660.00;22;44;0.00;0.00;0;0
1397550520;h1-eth1;651020.00;15540.00;666560.00;1554;65102;430.00;210.00;640.00;21;43;0.00;0.00;0;0
1397550520;total;651020.00;15540.00;666560.00;1554;65102;430.00;210.00;640.00;21;43;0.00;0.00;0;0
1397550520;h1-eth1;629584.18;16851.49;646435.67;1702;63588;415.84;227.72;643.56;23;42;0.00;0.00;0;0
1397550520;total;629584.18;16851.49;646435.67;1702;63588;415.84;227.72;643.56;23;42;0.00;0.00;0;0
1397550521;h1-eth1;659564.38;15386.14;674950.52;1554;66616;435.64;207.92;643.56;21;44;0.00;0.00;0;0
1397550521;total;659564.38;15386.14;674950.52;1554;66616;435.64;207.92;643.56;21;44;0.00;0.00;0;0
1397550521;h1-eth1;651020.00;16280.00;667300.00;1628;65102;430.00;220.00;650.00;22;43;0.00;0.00;0;0
1397550521;total;651020.00;16280.00;667300.00;1628;65102;430.00;220.00;650.00;22;43;0.00;0.00;0;0
1397550521;h1-eth1;620740.00;14800.00;635540.00;1480;62074;410.00;200.00;610.00;20;41;0.00;0.00;0;0
1397550521;total;620740.00;14800.00;635540.00;1480;62074;410.00;200.00;610.00;20;41;0.00;0.00;0;0
1397550521;h1-eth1;674554.48;16118.81;690673.29;1628;68130;445.54;217.82;663.37;22;45;0.00;0.00;0;0
1397550521;total;674554.48;16118.81;690673.29;1628;68130;445.54;217.82;663.37;22;45;0.00;0.00;0;0
1397550521;h1-eth1;666160.00;17760.00;683920.00;1776;66616;440.00;240.00;680.00;24;44;0.00;0.00;0;0
1397550521;total;666160.00;17760.00;683920.00;1776;66616;440.00;240.00;680.00;24;44;0.00;0.00;0;0
1397550521;h1-eth1;638254.91;14509.80;652764.71;1480;65102;421.57;196.08;617.65;20;43;0.00;0.00;0;0
1397550521;total;638254.91;14509.80;652764.71;1480;65102;421.57;196.08;617.65;20;43;0.00;0.00;0;0
1397550521;h1-eth1;651020.00;17020.00;668040.00;1702;65102;430.00;230.00;660.00;23;43;0.00;0.00;0;0
1397550521;total;651020.00;17020.00;668040.00;1702;65102;430.00;230.00;660.00;23;43;0.00;0.00;0;0
1397550521;h1-eth1;651020.00;15540.00;666560.00;1554;65102;430.00;210.00;640.00;21;43;0.00;0.00;0;0
1397550521;total;651020.00;15540.00;666560.00;1554;65102;430.00;210.00;640.00;21;43;0.00;0.00;0;0
1397550521;h1-eth1;635880.00;16280.00;652160.00;1628;63588;420.00;220.00;640.00;22;42;0.00;0.00;0;0
1397550521;total;635880.00;16280.00;652160.00;1628;63588;420.00;220.00;640.00;22;42;0.00;0.00;0;0
1397550521;h1-eth1;666160.00;16280.00;682440.00;1628;66616;440.00;220.00;660.00;22;44;0.00;0.00;0;0
1397550521;total;666160.00;16280.00;682440.00;1628;66616;440.00;220.00;660.00;22;44;0.00;0.00;0;0
1397550522;h1-eth1;629584.18;14653.47;644237.65;1480;63588;415.84;198.02;613.86;20;42;0.00;0.00;0;0
1397550522;total;629584.18;14653.47;644237.65;1480;63588;415.84;198.02;613.86;20;42;0.00;0.00;0;0
1397550522;h1-eth1;651020.00;17760.00;668780.00;1776;65102;430.00;240.00;670.00;24;43;0.00;0.00;0;0
1397550522;total;651020.00;17760.00;668780.00;1776;65102;430.00;240.00;670.00;24;43;0.00;0.00;0;0
1397550522;h1-eth1;681300.00;16280.00;697580.00;1628;68130;450.00;220.00;670.00;22;45;0.00;0.00;0;0
1397550522;total;681300.00;16280.00;697580.00;1628;68130;450.00;220.00;670.00;22;45;0.00;0.00;0;0
1397550522;h1-eth1;620740.00;14800.00;635540.00;1480;62074;410.00;200.00;610.00;20;41;0.00;0.00;0;0
1397550522;total;620740.00;14800.00;635540.00;1480;62074;410.00;200.00;610.00;20;41;0.00;0.00;0;0
1397550522;h1-eth1;681300.00;17760.00;699060.00;1776;68130;450.00;240.00;690.00;24;45;0.00;0.00;0;0
1397550522;total;681300.00;17760.00;699060.00;1776;68130;450.00;240.00;690.00;24;45;0.00;0.00;0;0
1397550522;h1-eth1;635880.00;15540.00;651420.00;1554;63588;420.00;210.00;630.00;21;42;0.00;0.00;0;0
1397550522;total;635880.00;15540.00;651420.00;1554;63588;420.00;210.00;630.00;21;42;0.00;0.00;0;0
1397550522;h1-eth1;635880.00;14800.00;650680.00;1480;63588;420.00;200.00;620.00;20;42;0.00;0.00;0;0
1397550522;total;635880.00;14800.00;650680.00;1480;63588;420.00;200.00;620.00;20;42;0.00;0.00;0;0
1397550522;h1-eth1;681300.00;18500.00;699800.00;1850;68130;450.00;250.00;700.00;25;45;0.00;0.00;0;0
1397550522;total;681300.00;18500.00;699800.00;1850;68130;450.00;250.00;700.00;25;45;0.00;0.00;0;0
1397550522;h1-eth1;651020.00;14800.00;665820.00;1480;65102;430.00;200.00;630.00;20;43;0.00;0.00;0;0
1397550522;total;651020.00;14800.00;665820.00;1480;65102;430.00;200.00;630.00;20;43;0.00;0.00;0;0
1397550522;h1-eth1;635880.00;14800.00;650680.00;1480;63588;420.00;200.00;620.00;20;42;0.00;0.00;0;0
1397550522;total;635880.00;14800.00;650680.00;1480;63588;420.00;200.00;620.00;20;42;0.00;0.00;0;0
1397550523;h1-eth1;653098.05;17411.76;670509.81;1776;66616;431.37;235.29;666.67;24;44;0.00;0.00;0;0
1397550523;total;659564.38;17584.16;677148.54;1776;66616;435.64;237.62;673.27;24;44;0.00;0.00;0;0
1397550523;h1-eth1;659564.38;14653.47;674217.85;1480;66616;435.64;198.02;633.66;20;44;0.00;0.00;0;0
1397550523;total;659564.38;14653.47;674217.85;1480;66616;435.64;198.02;633.66;20;44;0.00;0.00;0;0
1397550523;h1-eth1;644574.28;15386.14;659960.42;1554;65102;425.74;207.92;633.66;21;43;0.00;0.00;0;0
1397550523;total;638254.91;15235.29;653490.20;1554;65102;421.57;205.88;627.45;21;43;0.00;0.00;0;0
1397550523;h1-eth1;484376.26;16851.49;501227.74;1702;48922;326.73;227.72;554.46;23;33;0.00;0.00;0;0
1397550523;total;484376.26;16851.49;501227.74;1702;48922;326.73;227.72;554.46;23;33;0.00;0.00;0;0
1397550523;h1-eth1;0.00;15540.00;15540.00;1554;0;0.00;210.00;210.00;21;0;0.00;0.00;0;0
1397550523;total;0.00;15540.00;15540.00;1554;0;0.00;210.00;210.00;21;0;0.00;0.00;0;0
1397550523;h1-eth1;0.00;14800.00;14800.00;1480;0;0.00;200.00;200.00;20;0;0.00;0.00;0;0
1397550523;total;0.00;14509.80;14509.80;1480;0;0.00;196.08;196.08;20;0;0.00;0.00;0;0
1397550523;h1-eth1;0.00;3592.23;3592.23;370;0;0.00;48.54;48.54;5;0;0.00;0.00;0;0
1397550523;total;0.00;3700.00;3700.00;370;0;0.00;50.00;50.00;5;0;0.00;0.00;0;0
1397550523;h1-eth1;3700.00;2340.00;6040.00;234;370;50.00;30.00;80.00;3;5;0.00;0.00;0;0
1397550523;total;3700.00;2340.00;6040.00;234;370;50.00;30.00;80.00;3;5;0.00;0.00;0;0
1397550523;h1-eth1;0.00;0.00;0.00;0;0;0.00;0.00;0.00;0;0;0.00;0.00;0;0
1397550523;total;0.00;0.00;0.00;0;0;0.00;0.00;0.00;0;0;0.00;0.00;0;0
1397550523;h1-eth1;0.00;0.00;0.00;0;0;0.00;0.00;0.00;0;0;0.00;0.00;0;0
1397550523;total;0.00;0.00;0.00;0;0;0.00;0.00;0.00;0;0;0.00;0.00;0;0
1397550524;h1-eth1;0.00;0.00;0.00;0;0;0.00;0.00;0.00;0;0;0.00;0.00;0;0
1397550524;total;0.00;0.00;0.00;0;0;0.00;0.00;0.00;0;0;0.00;0.00;0;0
1397550524;h1-eth1;0.00;0.00;0.00;0;0;0.00;0.00;0.00;0;0;0.00;0.00;0;0
1397550524;total;0.00;0.00;0.00;0;0;0.00;0.00;0.00;0;0;0.00;0.00;0;0
