1397616692;h1-eth1;0.00;0.00;0.00;0;0;0.00;0.00;0.00;0;0;0.00;0.00;0;0
1397616692;total;0.00;0.00;0.00;0;0;0.00;0.00;0.00;0;0;0.00;0.00;0;0
1397616692;h1-eth1;0.00;420.00;420.00;42;0;0.00;10.00;10.00;1;0;0.00;0.00;0;0
1397616692;total;0.00;420.00;420.00;42;0;0.00;10.00;10.00;1;0;0.00;0.00;0;0
1397616692;h1-eth1;0.00;0.00;0.00;0;0;0.00;0.00;0.00;0;0;0.00;0.00;0;0
1397616692;total;0.00;0.00;0.00;0;0;0.00;0.00;0.00;0;0;0.00;0.00;0;0
1397616692;h1-eth1;0.00;0.00;0.00;0;0;0.00;0.00;0.00;0;0;0.00;0.00;0;0
1397616692;total;0.00;0.00;0.00;0;0;0.00;0.00;0.00;0;0;0.00;0.00;0;0
1397616692;h1-eth1;0.00;0.00;0.00;0;0;0.00;0.00;0.00;0;0;0.00;0.00;0;0
1397616692;total;0.00;0.00;0.00;0;0;0.00;0.00;0.00;0;0;0.00;0.00;0;0
1397616692;h1-eth1;0.00;0.00;0.00;0;0;0.00;0.00;0.00;0;0;0.00;0.00;0;0
1397616692;total;0.00;0.00;0.00;0;0;0.00;0.00;0.00;0;0;0.00;0.00;0;0
1397616693;h1-eth1;0.00;0.00;0.00;0;0;0.00;0.00;0.00;0;0;0.00;0.00;0;0
1397616693;total;0.00;0.00;0.00;0;0;0.00;0.00;0.00;0;0;0.00;0.00;0;0
1397616693;h1-eth1;0.00;0.00;0.00;0;0;0.00;0.00;0.00;0;0;0.00;0.00;0;0
1397616693;total;0.00;0.00;0.00;0;0;0.00;0.00;0.00;0;0;0.00;0.00;0;0
1397616693;h1-eth1;0.00;0.00;0.00;0;0;0.00;0.00;0.00;0;0;0.00;0.00;0;0
1397616693;total;0.00;0.00;0.00;0;0;0.00;0.00;0.00;0;0;0.00;0.00;0;0
1397616693;h1-eth1;0.00;0.00;0.00;0;0;0.00;0.00;0.00;0;0;0.00;0.00;0;0
1397616693;total;0.00;0.00;0.00;0;0;0.00;0.00;0.00;0;0;0.00;0.00;0;0
1397616693;h1-eth1;0.00;0.00;0.00;0;0;0.00;0.00;0.00;0;0;0.00;0.00;0;0
1397616693;total;0.00;0.00;0.00;0;0;0.00;0.00;0.00;0;0;0.00;0.00;0;0
1397616693;h1-eth1;0.00;0.00;0.00;0;0;0.00;0.00;0.00;0;0;0.00;0.00;0;0
1397616693;total;0.00;0.00;0.00;0;0;0.00;0.00;0.00;0;0;0.00;0.00;0;0
1397616693;h1-eth1;0.00;0.00;0.00;0;0;0.00;0.00;0.00;0;0;0.00;0.00;0;0
1397616693;total;0.00;0.00;0.00;0;0;0.00;0.00;0.00;0;0;0.00;0.00;0;0
1397616693;h1-eth1;0.00;0.00;0.00;0;0;0.00;0.00;0.00;0;0;0.00;0.00;0;0
1397616693;total;0.00;0.00;0.00;0;0;0.00;0.00;0.00;0;0;0.00;0.00;0;0
1397616693;h1-eth1;0.00;0.00;0.00;0;0;0.00;0.00;0.00;0;0;0.00;0.00;0;0
1397616693;total;0.00;0.00;0.00;0;0;0.00;0.00;0.00;0;0;0.00;0.00;0;0
1397616693;h1-eth1;0.00;0.00;0.00;0;0;0.00;0.00;0.00;0;0;0.00;0.00;0;0
1397616693;total;0.00;0.00;0.00;0;0;0.00;0.00;0.00;0;0;0.00;0.00;0;0
1397616694;h1-eth1;0.00;0.00;0.00;0;0;0.00;0.00;0.00;0;0;0.00;0.00;0;0
1397616694;total;0.00;0.00;0.00;0;0;0.00;0.00;0.00;0;0;0.00;0.00;0;0
1397616694;h1-eth1;0.00;0.00;0.00;0;0;0.00;0.00;0.00;0;0;0.00;0.00;0;0
1397616694;total;0.00;0.00;0.00;0;0;0.00;0.00;0.00;0;0;0.00;0.00;0;0
1397616694;h1-eth1;0.00;0.00;0.00;0;0;0.00;0.00;0.00;0;0;0.00;0.00;0;0
1397616694;total;0.00;0.00;0.00;0;0;0.00;0.00;0.00;0;0;0.00;0.00;0;0
1397616694;h1-eth1;0.00;0.00;0.00;0;0;0.00;0.00;0.00;0;0;0.00;0.00;0;0
1397616694;total;0.00;0.00;0.00;0;0;0.00;0.00;0.00;0;0;0.00;0.00;0;0
1397616694;h1-eth1;0.00;0.00;0.00;0;0;0.00;0.00;0.00;0;0;0.00;0.00;0;0
1397616694;total;0.00;0.00;0.00;0;0;0.00;0.00;0.00;0;0;0.00;0.00;0;0
1397616694;h1-eth1;0.00;0.00;0.00;0;0;0.00;0.00;0.00;0;0;0.00;0.00;0;0
1397616694;total;0.00;0.00;0.00;0;0;0.00;0.00;0.00;0;0;0.00;0.00;0;0
1397616694;h1-eth1;0.00;0.00;0.00;0;0;0.00;0.00;0.00;0;0;0.00;0.00;0;0
1397616694;total;0.00;0.00;0.00;0;0;0.00;0.00;0.00;0;0;0.00;0.00;0;0
1397616694;h1-eth1;0.00;0.00;0.00;0;0;0.00;0.00;0.00;0;0;0.00;0.00;0;0
1397616694;total;0.00;0.00;0.00;0;0;0.00;0.00;0.00;0;0;0.00;0.00;0;0
1397616694;h1-eth1;0.00;0.00;0.00;0;0;0.00;0.00;0.00;0;0;0.00;0.00;0;0
1397616694;total;0.00;0.00;0.00;0;0;0.00;0.00;0.00;0;0;0.00;0.00;0;0
1397616695;h1-eth1;0.00;0.00;0.00;0;0;0.00;0.00;0.00;0;0;0.00;0.00;0;0
1397616695;total;0.00;0.00;0.00;0;0;0.00;0.00;0.00;0;0;0.00;0.00;0;0
1397616695;h1-eth1;0.00;0.00;0.00;0;0;0.00;0.00;0.00;0;0;0.00;0.00;0;0
1397616695;total;0.00;0.00;0.00;0;0;0.00;0.00;0.00;0;0;0.00;0.00;0;0
1397616695;h1-eth1;0.00;0.00;0.00;0;0;0.00;0.00;0.00;0;0;0.00;0.00;0;0
1397616695;total;0.00;0.00;0.00;0;0;0.00;0.00;0.00;0;0;0.00;0.00;0;0
1397616695;h1-eth1;0.00;0.00;0.00;0;0;0.00;0.00;0.00;0;0;0.00;0.00;0;0
1397616695;total;0.00;0.00;0.00;0;0;0.00;0.00;0.00;0;0;0.00;0.00;0;0
1397616695;h1-eth1;0.00;0.00;0.00;0;0;0.00;0.00;0.00;0;0;0.00;0.00;0;0
1397616695;total;0.00;0.00;0.00;0;0;0.00;0.00;0.00;0;0;0.00;0.00;0;0
1397616695;h1-eth1;0.00;0.00;0.00;0;0;0.00;0.00;0.00;0;0;0.00;0.00;0;0
1397616695;total;0.00;0.00;0.00;0;0;0.00;0.00;0.00;0;0;0.00;0.00;0;0
1397616695;h1-eth1;0.00;0.00;0.00;0;0;0.00;0.00;0.00;0;0;0.00;0.00;0;0
1397616695;total;0.00;0.00;0.00;0;0;0.00;0.00;0.00;0;0;0.00;0.00;0;0
1397616695;h1-eth1;0.00;0.00;0.00;0;0;0.00;0.00;0.00;0;0;0.00;0.00;0;0
1397616695;total;0.00;0.00;0.00;0;0;0.00;0.00;0.00;0;0;0.00;0.00;0;0
1397616695;h1-eth1;0.00;0.00;0.00;0;0;0.00;0.00;0.00;0;0;0.00;0.00;0;0
1397616695;total;0.00;0.00;0.00;0;0;0.00;0.00;0.00;0;0;0.00;0.00;0;0
1397616695;h1-eth1;0.00;0.00;0.00;0;0;0.00;0.00;0.00;0;0;0.00;0.00;0;0
1397616695;total;0.00;0.00;0.00;0;0;0.00;0.00;0.00;0;0;0.00;0.00;0;0
1397616696;h1-eth1;0.00;0.00;0.00;0;0;0.00;0.00;0.00;0;0;0.00;0.00;0;0
1397616696;total;0.00;0.00;0.00;0;0;0.00;0.00;0.00;0;0;0.00;0.00;0;0
1397616696;h1-eth1;0.00;0.00;0.00;0;0;0.00;0.00;0.00;0;0;0.00;0.00;0;0
1397616696;total;0.00;0.00;0.00;0;0;0.00;0.00;0.00;0;0;0.00;0.00;0;0
1397616696;h1-eth1;0.00;0.00;0.00;0;0;0.00;0.00;0.00;0;0;0.00;0.00;0;0
1397616696;total;0.00;0.00;0.00;0;0;0.00;0.00;0.00;0;0;0.00;0.00;0;0
1397616696;h1-eth1;0.00;0.00;0.00;0;0;0.00;0.00;0.00;0;0;0.00;0.00;0;0
1397616696;total;0.00;0.00;0.00;0;0;0.00;0.00;0.00;0;0;0.00;0.00;0;0
1397616696;h1-eth1;0.00;0.00;0.00;0;0;0.00;0.00;0.00;0;0;0.00;0.00;0;0
1397616696;total;0.00;0.00;0.00;0;0;0.00;0.00;0.00;0;0;0.00;0.00;0;0
1397616696;h1-eth1;0.00;0.00;0.00;0;0;0.00;0.00;0.00;0;0;0.00;0.00;0;0
1397616696;total;0.00;0.00;0.00;0;0;0.00;0.00;0.00;0;0;0.00;0.00;0;0
1397616696;h1-eth1;0.00;0.00;0.00;0;0;0.00;0.00;0.00;0;0;0.00;0.00;0;0
1397616696;total;0.00;0.00;0.00;0;0;0.00;0.00;0.00;0;0;0.00;0.00;0;0
1397616696;h1-eth1;0.00;0.00;0.00;0;0;0.00;0.00;0.00;0;0;0.00;0.00;0;0
1397616696;total;0.00;0.00;0.00;0;0;0.00;0.00;0.00;0;0;0.00;0.00;0;0
1397616696;h1-eth1;0.00;0.00;0.00;0;0;0.00;0.00;0.00;0;0;0.00;0.00;0;0
1397616696;total;0.00;0.00;0.00;0;0;0.00;0.00;0.00;0;0;0.00;0.00;0;0
1397616696;h1-eth1;0.00;0.00;0.00;0;0;0.00;0.00;0.00;0;0;0.00;0.00;0;0
1397616696;total;0.00;0.00;0.00;0;0;0.00;0.00;0.00;0;0;0.00;0.00;0;0
1397616697;h1-eth1;0.00;0.00;0.00;0;0;0.00;0.00;0.00;0;0;0.00;0.00;0;0
1397616697;total;0.00;0.00;0.00;0;0;0.00;0.00;0.00;0;0;0.00;0.00;0;0
1397616697;h1-eth1;0.00;0.00;0.00;0;0;0.00;0.00;0.00;0;0;0.00;0.00;0;0
1397616697;total;0.00;0.00;0.00;0;0;0.00;0.00;0.00;0;0;0.00;0.00;0;0
1397616697;h1-eth1;0.00;0.00;0.00;0;0;0.00;0.00;0.00;0;0;0.00;0.00;0;0
1397616697;total;0.00;0.00;0.00;0;0;0.00;0.00;0.00;0;0;0.00;0.00;0;0
1397616697;h1-eth1;0.00;0.00;0.00;0;0;0.00;0.00;0.00;0;0;0.00;0.00;0;0
1397616697;total;0.00;0.00;0.00;0;0;0.00;0.00;0.00;0;0;0.00;0.00;0;0
1397616697;h1-eth1;0.00;0.00;0.00;0;0;0.00;0.00;0.00;0;0;0.00;0.00;0;0
1397616697;total;0.00;0.00;0.00;0;0;0.00;0.00;0.00;0;0;0.00;0.00;0;0
1397616697;h1-eth1;0.00;0.00;0.00;0;0;0.00;0.00;0.00;0;0;0.00;0.00;0;0
1397616697;total;0.00;0.00;0.00;0;0;0.00;0.00;0.00;0;0;0.00;0.00;0;0
1397616697;h1-eth1;0.00;0.00;0.00;0;0;0.00;0.00;0.00;0;0;0.00;0.00;0;0
1397616697;total;0.00;0.00;0.00;0;0;0.00;0.00;0.00;0;0;0.00;0.00;0;0
1397616697;h1-eth1;0.00;0.00;0.00;0;0;0.00;0.00;0.00;0;0;0.00;0.00;0;0
1397616697;total;0.00;0.00;0.00;0;0;0.00;0.00;0.00;0;0;0.00;0.00;0;0
1397616697;h1-eth1;0.00;0.00;0.00;0;0;0.00;0.00;0.00;0;0;0.00;0.00;0;0
1397616697;total;0.00;0.00;0.00;0;0;0.00;0.00;0.00;0;0;0.00;0.00;0;0
1397616697;h1-eth1;0.00;0.00;0.00;0;0;0.00;0.00;0.00;0;0;0.00;0.00;0;0
1397616697;total;0.00;0.00;0.00;0;0;0.00;0.00;0.00;0;0;0.00;0.00;0;0
1397616698;h1-eth1;0.00;0.00;0.00;0;0;0.00;0.00;0.00;0;0;0.00;0.00;0;0
1397616698;total;0.00;0.00;0.00;0;0;0.00;0.00;0.00;0;0;0.00;0.00;0;0
1397616698;h1-eth1;0.00;0.00;0.00;0;0;0.00;0.00;0.00;0;0;0.00;0.00;0;0
1397616698;total;0.00;0.00;0.00;0;0;0.00;0.00;0.00;0;0;0.00;0.00;0;0
1397616698;h1-eth1;0.00;0.00;0.00;0;0;0.00;0.00;0.00;0;0;0.00;0.00;0;0
1397616698;total;0.00;0.00;0.00;0;0;0.00;0.00;0.00;0;0;0.00;0.00;0;0
1397616698;h1-eth1;0.00;0.00;0.00;0;0;0.00;0.00;0.00;0;0;0.00;0.00;0;0
1397616698;total;0.00;0.00;0.00;0;0;0.00;0.00;0.00;0;0;0.00;0.00;0;0
1397616698;h1-eth1;0.00;0.00;0.00;0;0;0.00;0.00;0.00;0;0;0.00;0.00;0;0
1397616698;total;0.00;0.00;0.00;0;0;0.00;0.00;0.00;0;0;0.00;0.00;0;0
1397616698;h1-eth1;0.00;0.00;0.00;0;0;0.00;0.00;0.00;0;0;0.00;0.00;0;0
1397616698;total;0.00;0.00;0.00;0;0;0.00;0.00;0.00;0;0;0.00;0.00;0;0
1397616698;h1-eth1;0.00;0.00;0.00;0;0;0.00;0.00;0.00;0;0;0.00;0.00;0;0
1397616698;total;0.00;0.00;0.00;0;0;0.00;0.00;0.00;0;0;0.00;0.00;0;0
1397616698;h1-eth1;0.00;0.00;0.00;0;0;0.00;0.00;0.00;0;0;0.00;0.00;0;0
1397616698;total;0.00;0.00;0.00;0;0;0.00;0.00;0.00;0;0;0.00;0.00;0;0
1397616698;h1-eth1;0.00;0.00;0.00;0;0;0.00;0.00;0.00;0;0;0.00;0.00;0;0
1397616698;total;0.00;0.00;0.00;0;0;0.00;0.00;0.00;0;0;0.00;0.00;0;0
1397616698;h1-eth1;0.00;0.00;0.00;0;0;0.00;0.00;0.00;0;0;0.00;0.00;0;0
1397616698;total;0.00;0.00;0.00;0;0;0.00;0.00;0.00;0;0;0.00;0.00;0;0
1397616699;h1-eth1;0.00;0.00;0.00;0;0;0.00;0.00;0.00;0;0;0.00;0.00;0;0
1397616699;total;0.00;0.00;0.00;0;0;0.00;0.00;0.00;0;0;0.00;0.00;0;0
1397616699;h1-eth1;0.00;0.00;0.00;0;0;0.00;0.00;0.00;0;0;0.00;0.00;0;0
1397616699;total;0.00;0.00;0.00;0;0;0.00;0.00;0.00;0;0;0.00;0.00;0;0
1397616699;h1-eth1;0.00;0.00;0.00;0;0;0.00;0.00;0.00;0;0;0.00;0.00;0;0
1397616699;total;0.00;0.00;0.00;0;0;0.00;0.00;0.00;0;0;0.00;0.00;0;0
1397616699;h1-eth1;0.00;0.00;0.00;0;0;0.00;0.00;0.00;0;0;0.00;0.00;0;0
1397616699;total;0.00;0.00;0.00;0;0;0.00;0.00;0.00;0;0;0.00;0.00;0;0
1397616699;h1-eth1;0.00;0.00;0.00;0;0;0.00;0.00;0.00;0;0;0.00;0.00;0;0
1397616699;total;0.00;0.00;0.00;0;0;0.00;0.00;0.00;0;0;0.00;0.00;0;0
1397616699;h1-eth1;0.00;0.00;0.00;0;0;0.00;0.00;0.00;0;0;0.00;0.00;0;0
1397616699;total;0.00;0.00;0.00;0;0;0.00;0.00;0.00;0;0;0.00;0.00;0;0
1397616699;h1-eth1;0.00;0.00;0.00;0;0;0.00;0.00;0.00;0;0;0.00;0.00;0;0
1397616699;total;0.00;0.00;0.00;0;0;0.00;0.00;0.00;0;0;0.00;0.00;0;0
1397616699;h1-eth1;0.00;0.00;0.00;0;0;0.00;0.00;0.00;0;0;0.00;0.00;0;0
1397616699;total;0.00;0.00;0.00;0;0;0.00;0.00;0.00;0;0;0.00;0.00;0;0
1397616699;h1-eth1;0.00;0.00;0.00;0;0;0.00;0.00;0.00;0;0;0.00;0.00;0;0
1397616699;total;0.00;0.00;0.00;0;0;0.00;0.00;0.00;0;0;0.00;0.00;0;0
1397616699;h1-eth1;0.00;0.00;0.00;0;0;0.00;0.00;0.00;0;0;0.00;0.00;0;0
1397616699;total;0.00;0.00;0.00;0;0;0.00;0.00;0.00;0;0;0.00;0.00;0;0
1397616700;h1-eth1;0.00;0.00;0.00;0;0;0.00;0.00;0.00;0;0;0.00;0.00;0;0
1397616700;total;0.00;0.00;0.00;0;0;0.00;0.00;0.00;0;0;0.00;0.00;0;0
1397616700;h1-eth1;0.00;0.00;0.00;0;0;0.00;0.00;0.00;0;0;0.00;0.00;0;0
1397616700;total;0.00;0.00;0.00;0;0;0.00;0.00;0.00;0;0;0.00;0.00;0;0
1397616700;h1-eth1;0.00;0.00;0.00;0;0;0.00;0.00;0.00;0;0;0.00;0.00;0;0
1397616700;total;0.00;0.00;0.00;0;0;0.00;0.00;0.00;0;0;0.00;0.00;0;0
1397616700;h1-eth1;0.00;0.00;0.00;0;0;0.00;0.00;0.00;0;0;0.00;0.00;0;0
1397616700;total;0.00;0.00;0.00;0;0;0.00;0.00;0.00;0;0;0.00;0.00;0;0
1397616700;h1-eth1;0.00;0.00;0.00;0;0;0.00;0.00;0.00;0;0;0.00;0.00;0;0
1397616700;total;0.00;0.00;0.00;0;0;0.00;0.00;0.00;0;0;0.00;0.00;0;0
1397616700;h1-eth1;0.00;0.00;0.00;0;0;0.00;0.00;0.00;0;0;0.00;0.00;0;0
1397616700;total;0.00;0.00;0.00;0;0;0.00;0.00;0.00;0;0;0.00;0.00;0;0
1397616700;h1-eth1;0.00;0.00;0.00;0;0;0.00;0.00;0.00;0;0;0.00;0.00;0;0
1397616700;total;0.00;0.00;0.00;0;0;0.00;0.00;0.00;0;0;0.00;0.00;0;0
1397616700;h1-eth1;0.00;0.00;0.00;0;0;0.00;0.00;0.00;0;0;0.00;0.00;0;0
1397616700;total;0.00;0.00;0.00;0;0;0.00;0.00;0.00;0;0;0.00;0.00;0;0
1397616700;h1-eth1;0.00;0.00;0.00;0;0;0.00;0.00;0.00;0;0;0.00;0.00;0;0
1397616700;total;0.00;0.00;0.00;0;0;0.00;0.00;0.00;0;0;0.00;0.00;0;0
1397616700;h1-eth1;0.00;0.00;0.00;0;0;0.00;0.00;0.00;0;0;0.00;0.00;0;0
1397616700;total;0.00;0.00;0.00;0;0;0.00;0.00;0.00;0;0;0.00;0.00;0;0
1397616701;h1-eth1;0.00;0.00;0.00;0;0;0.00;0.00;0.00;0;0;0.00;0.00;0;0
1397616701;total;0.00;0.00;0.00;0;0;0.00;0.00;0.00;0;0;0.00;0.00;0;0
1397616701;h1-eth1;0.00;0.00;0.00;0;0;0.00;0.00;0.00;0;0;0.00;0.00;0;0
1397616701;total;0.00;0.00;0.00;0;0;0.00;0.00;0.00;0;0;0.00;0.00;0;0
1397616701;h1-eth1;0.00;0.00;0.00;0;0;0.00;0.00;0.00;0;0;0.00;0.00;0;0
1397616701;total;0.00;0.00;0.00;0;0;0.00;0.00;0.00;0;0;0.00;0.00;0;0
1397616701;h1-eth1;0.00;0.00;0.00;0;0;0.00;0.00;0.00;0;0;0.00;0.00;0;0
1397616701;total;0.00;0.00;0.00;0;0;0.00;0.00;0.00;0;0;0.00;0.00;0;0
1397616701;h1-eth1;0.00;0.00;0.00;0;0;0.00;0.00;0.00;0;0;0.00;0.00;0;0
1397616701;total;0.00;0.00;0.00;0;0;0.00;0.00;0.00;0;0;0.00;0.00;0;0
1397616701;h1-eth1;0.00;0.00;0.00;0;0;0.00;0.00;0.00;0;0;0.00;0.00;0;0
1397616701;total;0.00;0.00;0.00;0;0;0.00;0.00;0.00;0;0;0.00;0.00;0;0
1397616701;h1-eth1;0.00;0.00;0.00;0;0;0.00;0.00;0.00;0;0;0.00;0.00;0;0
1397616701;total;0.00;0.00;0.00;0;0;0.00;0.00;0.00;0;0;0.00;0.00;0;0
1397616701;h1-eth1;0.00;0.00;0.00;0;0;0.00;0.00;0.00;0;0;0.00;0.00;0;0
1397616701;total;0.00;0.00;0.00;0;0;0.00;0.00;0.00;0;0;0.00;0.00;0;0
1397616701;h1-eth1;0.00;0.00;0.00;0;0;0.00;0.00;0.00;0;0;0.00;0.00;0;0
1397616701;total;0.00;0.00;0.00;0;0;0.00;0.00;0.00;0;0;0.00;0.00;0;0
1397616701;h1-eth1;0.00;0.00;0.00;0;0;0.00;0.00;0.00;0;0;0.00;0.00;0;0
1397616701;total;0.00;0.00;0.00;0;0;0.00;0.00;0.00;0;0;0.00;0.00;0;0
1397616702;h1-eth1;0.00;0.00;0.00;0;0;0.00;0.00;0.00;0;0;0.00;0.00;0;0
1397616702;total;0.00;0.00;0.00;0;0;0.00;0.00;0.00;0;0;0.00;0.00;0;0
1397616702;h1-eth1;0.00;0.00;0.00;0;0;0.00;0.00;0.00;0;0;0.00;0.00;0;0
1397616702;total;0.00;0.00;0.00;0;0;0.00;0.00;0.00;0;0;0.00;0.00;0;0
1397616702;h1-eth1;0.00;0.00;0.00;0;0;0.00;0.00;0.00;0;0;0.00;0.00;0;0
1397616702;total;0.00;0.00;0.00;0;0;0.00;0.00;0.00;0;0;0.00;0.00;0;0
1397616702;h1-eth1;0.00;0.00;0.00;0;0;0.00;0.00;0.00;0;0;0.00;0.00;0;0
1397616702;total;0.00;0.00;0.00;0;0;0.00;0.00;0.00;0;0;0.00;0.00;0;0
1397616702;h1-eth1;0.00;0.00;0.00;0;0;0.00;0.00;0.00;0;0;0.00;0.00;0;0
1397616702;total;0.00;0.00;0.00;0;0;0.00;0.00;0.00;0;0;0.00;0.00;0;0
1397616702;h1-eth1;0.00;0.00;0.00;0;0;0.00;0.00;0.00;0;0;0.00;0.00;0;0
1397616702;total;0.00;0.00;0.00;0;0;0.00;0.00;0.00;0;0;0.00;0.00;0;0
1397616702;h1-eth1;0.00;0.00;0.00;0;0;0.00;0.00;0.00;0;0;0.00;0.00;0;0
1397616702;total;0.00;0.00;0.00;0;0;0.00;0.00;0.00;0;0;0.00;0.00;0;0
1397616702;h1-eth1;0.00;0.00;0.00;0;0;0.00;0.00;0.00;0;0;0.00;0.00;0;0
1397616702;total;0.00;0.00;0.00;0;0;0.00;0.00;0.00;0;0;0.00;0.00;0;0
1397616702;h1-eth1;0.00;0.00;0.00;0;0;0.00;0.00;0.00;0;0;0.00;0.00;0;0
1397616702;total;0.00;0.00;0.00;0;0;0.00;0.00;0.00;0;0;0.00;0.00;0;0
1397616702;h1-eth1;0.00;0.00;0.00;0;0;0.00;0.00;0.00;0;0;0.00;0.00;0;0
1397616702;total;0.00;0.00;0.00;0;0;0.00;0.00;0.00;0;0;0.00;0.00;0;0
1397616703;h1-eth1;0.00;0.00;0.00;0;0;0.00;0.00;0.00;0;0;0.00;0.00;0;0
1397616703;total;0.00;0.00;0.00;0;0;0.00;0.00;0.00;0;0;0.00;0.00;0;0
1397616703;h1-eth1;0.00;0.00;0.00;0;0;0.00;0.00;0.00;0;0;0.00;0.00;0;0
1397616703;total;0.00;0.00;0.00;0;0;0.00;0.00;0.00;0;0;0.00;0.00;0;0
1397616703;h1-eth1;0.00;0.00;0.00;0;0;0.00;0.00;0.00;0;0;0.00;0.00;0;0
1397616703;total;0.00;0.00;0.00;0;0;0.00;0.00;0.00;0;0;0.00;0.00;0;0
1397616703;h1-eth1;0.00;0.00;0.00;0;0;0.00;0.00;0.00;0;0;0.00;0.00;0;0
1397616703;total;0.00;0.00;0.00;0;0;0.00;0.00;0.00;0;0;0.00;0.00;0;0
1397616703;h1-eth1;0.00;0.00;0.00;0;0;0.00;0.00;0.00;0;0;0.00;0.00;0;0
1397616703;total;0.00;0.00;0.00;0;0;0.00;0.00;0.00;0;0;0.00;0.00;0;0
1397616703;h1-eth1;0.00;0.00;0.00;0;0;0.00;0.00;0.00;0;0;0.00;0.00;0;0
1397616703;total;0.00;0.00;0.00;0;0;0.00;0.00;0.00;0;0;0.00;0.00;0;0
1397616703;h1-eth1;0.00;0.00;0.00;0;0;0.00;0.00;0.00;0;0;0.00;0.00;0;0
1397616703;total;0.00;0.00;0.00;0;0;0.00;0.00;0.00;0;0;0.00;0.00;0;0
1397616703;h1-eth1;0.00;0.00;0.00;0;0;0.00;0.00;0.00;0;0;0.00;0.00;0;0
1397616703;total;0.00;0.00;0.00;0;0;0.00;0.00;0.00;0;0;0.00;0.00;0;0
1397616703;h1-eth1;0.00;0.00;0.00;0;0;0.00;0.00;0.00;0;0;0.00;0.00;0;0
1397616703;total;0.00;0.00;0.00;0;0;0.00;0.00;0.00;0;0;0.00;0.00;0;0
1397616703;h1-eth1;0.00;0.00;0.00;0;0;0.00;0.00;0.00;0;0;0.00;0.00;0;0
1397616703;total;0.00;0.00;0.00;0;0;0.00;0.00;0.00;0;0;0.00;0.00;0;0
1397616704;h1-eth1;0.00;0.00;0.00;0;0;0.00;0.00;0.00;0;0;0.00;0.00;0;0
1397616704;total;0.00;0.00;0.00;0;0;0.00;0.00;0.00;0;0;0.00;0.00;0;0
1397616704;h1-eth1;0.00;0.00;0.00;0;0;0.00;0.00;0.00;0;0;0.00;0.00;0;0
1397616704;total;0.00;0.00;0.00;0;0;0.00;0.00;0.00;0;0;0.00;0.00;0;0
1397616704;h1-eth1;0.00;0.00;0.00;0;0;0.00;0.00;0.00;0;0;0.00;0.00;0;0
1397616704;total;0.00;0.00;0.00;0;0;0.00;0.00;0.00;0;0;0.00;0.00;0;0
1397616704;h1-eth1;0.00;0.00;0.00;0;0;0.00;0.00;0.00;0;0;0.00;0.00;0;0
1397616704;total;0.00;0.00;0.00;0;0;0.00;0.00;0.00;0;0;0.00;0.00;0;0
1397616704;h1-eth1;0.00;0.00;0.00;0;0;0.00;0.00;0.00;0;0;0.00;0.00;0;0
1397616704;total;0.00;0.00;0.00;0;0;0.00;0.00;0.00;0;0;0.00;0.00;0;0
1397616704;h1-eth1;0.00;0.00;0.00;0;0;0.00;0.00;0.00;0;0;0.00;0.00;0;0
1397616704;total;0.00;0.00;0.00;0;0;0.00;0.00;0.00;0;0;0.00;0.00;0;0
1397616704;h1-eth1;0.00;0.00;0.00;0;0;0.00;0.00;0.00;0;0;0.00;0.00;0;0
1397616704;total;0.00;0.00;0.00;0;0;0.00;0.00;0.00;0;0;0.00;0.00;0;0
1397616704;h1-eth1;0.00;0.00;0.00;0;0;0.00;0.00;0.00;0;0;0.00;0.00;0;0
1397616704;total;0.00;0.00;0.00;0;0;0.00;0.00;0.00;0;0;0.00;0.00;0;0
1397616704;h1-eth1;0.00;0.00;0.00;0;0;0.00;0.00;0.00;0;0;0.00;0.00;0;0
1397616704;total;0.00;0.00;0.00;0;0;0.00;0.00;0.00;0;0;0.00;0.00;0;0
1397616704;h1-eth1;0.00;0.00;0.00;0;0;0.00;0.00;0.00;0;0;0.00;0.00;0;0
1397616704;total;0.00;0.00;0.00;0;0;0.00;0.00;0.00;0;0;0.00;0.00;0;0
1397616705;h1-eth1;0.00;0.00;0.00;0;0;0.00;0.00;0.00;0;0;0.00;0.00;0;0
1397616705;total;0.00;0.00;0.00;0;0;0.00;0.00;0.00;0;0;0.00;0.00;0;0
1397616705;h1-eth1;0.00;0.00;0.00;0;0;0.00;0.00;0.00;0;0;0.00;0.00;0;0
1397616705;total;0.00;0.00;0.00;0;0;0.00;0.00;0.00;0;0;0.00;0.00;0;0
1397616705;h1-eth1;0.00;0.00;0.00;0;0;0.00;0.00;0.00;0;0;0.00;0.00;0;0
1397616705;total;0.00;0.00;0.00;0;0;0.00;0.00;0.00;0;0;0.00;0.00;0;0
1397616705;h1-eth1;0.00;0.00;0.00;0;0;0.00;0.00;0.00;0;0;0.00;0.00;0;0
1397616705;total;0.00;0.00;0.00;0;0;0.00;0.00;0.00;0;0;0.00;0.00;0;0
1397616705;h1-eth1;0.00;0.00;0.00;0;0;0.00;0.00;0.00;0;0;0.00;0.00;0;0
1397616705;total;0.00;0.00;0.00;0;0;0.00;0.00;0.00;0;0;0.00;0.00;0;0
1397616705;h1-eth1;0.00;0.00;0.00;0;0;0.00;0.00;0.00;0;0;0.00;0.00;0;0
1397616705;total;0.00;0.00;0.00;0;0;0.00;0.00;0.00;0;0;0.00;0.00;0;0
1397616705;h1-eth1;0.00;0.00;0.00;0;0;0.00;0.00;0.00;0;0;0.00;0.00;0;0
1397616705;total;0.00;0.00;0.00;0;0;0.00;0.00;0.00;0;0;0.00;0.00;0;0
1397616705;h1-eth1;0.00;0.00;0.00;0;0;0.00;0.00;0.00;0;0;0.00;0.00;0;0
1397616705;total;0.00;0.00;0.00;0;0;0.00;0.00;0.00;0;0;0.00;0.00;0;0
1397616705;h1-eth1;0.00;0.00;0.00;0;0;0.00;0.00;0.00;0;0;0.00;0.00;0;0
1397616705;total;0.00;0.00;0.00;0;0;0.00;0.00;0.00;0;0;0.00;0.00;0;0
1397616705;h1-eth1;0.00;0.00;0.00;0;0;0.00;0.00;0.00;0;0;0.00;0.00;0;0
1397616705;total;0.00;0.00;0.00;0;0;0.00;0.00;0.00;0;0;0.00;0.00;0;0
1397616706;h1-eth1;0.00;0.00;0.00;0;0;0.00;0.00;0.00;0;0;0.00;0.00;0;0
1397616706;total;0.00;0.00;0.00;0;0;0.00;0.00;0.00;0;0;0.00;0.00;0;0
1397616706;h1-eth1;0.00;0.00;0.00;0;0;0.00;0.00;0.00;0;0;0.00;0.00;0;0
1397616706;total;0.00;0.00;0.00;0;0;0.00;0.00;0.00;0;0;0.00;0.00;0;0
1397616706;h1-eth1;0.00;0.00;0.00;0;0;0.00;0.00;0.00;0;0;0.00;0.00;0;0
1397616706;total;0.00;0.00;0.00;0;0;0.00;0.00;0.00;0;0;0.00;0.00;0;0
1397616706;h1-eth1;0.00;0.00;0.00;0;0;0.00;0.00;0.00;0;0;0.00;0.00;0;0
1397616706;total;0.00;0.00;0.00;0;0;0.00;0.00;0.00;0;0;0.00;0.00;0;0
1397616706;h1-eth1;0.00;0.00;0.00;0;0;0.00;0.00;0.00;0;0;0.00;0.00;0;0
1397616706;total;0.00;0.00;0.00;0;0;0.00;0.00;0.00;0;0;0.00;0.00;0;0
1397616706;h1-eth1;0.00;0.00;0.00;0;0;0.00;0.00;0.00;0;0;0.00;0.00;0;0
1397616706;total;0.00;0.00;0.00;0;0;0.00;0.00;0.00;0;0;0.00;0.00;0;0
1397616706;h1-eth1;0.00;0.00;0.00;0;0;0.00;0.00;0.00;0;0;0.00;0.00;0;0
1397616706;total;0.00;0.00;0.00;0;0;0.00;0.00;0.00;0;0;0.00;0.00;0;0
1397616706;h1-eth1;0.00;0.00;0.00;0;0;0.00;0.00;0.00;0;0;0.00;0.00;0;0
1397616706;total;0.00;0.00;0.00;0;0;0.00;0.00;0.00;0;0;0.00;0.00;0;0
1397616706;h1-eth1;0.00;0.00;0.00;0;0;0.00;0.00;0.00;0;0;0.00;0.00;0;0
1397616706;total;0.00;0.00;0.00;0;0;0.00;0.00;0.00;0;0;0.00;0.00;0;0
1397616706;h1-eth1;0.00;0.00;0.00;0;0;0.00;0.00;0.00;0;0;0.00;0.00;0;0
1397616706;total;0.00;0.00;0.00;0;0;0.00;0.00;0.00;0;0;0.00;0.00;0;0
1397616707;h1-eth1;0.00;0.00;0.00;0;0;0.00;0.00;0.00;0;0;0.00;0.00;0;0
1397616707;total;0.00;0.00;0.00;0;0;0.00;0.00;0.00;0;0;0.00;0.00;0;0
1397616707;h1-eth1;0.00;0.00;0.00;0;0;0.00;0.00;0.00;0;0;0.00;0.00;0;0
1397616707;total;0.00;0.00;0.00;0;0;0.00;0.00;0.00;0;0;0.00;0.00;0;0
1397616707;h1-eth1;0.00;0.00;0.00;0;0;0.00;0.00;0.00;0;0;0.00;0.00;0;0
1397616707;total;0.00;0.00;0.00;0;0;0.00;0.00;0.00;0;0;0.00;0.00;0;0
1397616707;h1-eth1;0.00;0.00;0.00;0;0;0.00;0.00;0.00;0;0;0.00;0.00;0;0
1397616707;total;0.00;0.00;0.00;0;0;0.00;0.00;0.00;0;0;0.00;0.00;0;0
1397616707;h1-eth1;0.00;0.00;0.00;0;0;0.00;0.00;0.00;0;0;0.00;0.00;0;0
1397616707;total;0.00;0.00;0.00;0;0;0.00;0.00;0.00;0;0;0.00;0.00;0;0
1397616707;h1-eth1;0.00;0.00;0.00;0;0;0.00;0.00;0.00;0;0;0.00;0.00;0;0
1397616707;total;0.00;0.00;0.00;0;0;0.00;0.00;0.00;0;0;0.00;0.00;0;0
1397616707;h1-eth1;0.00;0.00;0.00;0;0;0.00;0.00;0.00;0;0;0.00;0.00;0;0
1397616707;total;0.00;0.00;0.00;0;0;0.00;0.00;0.00;0;0;0.00;0.00;0;0
1397616707;h1-eth1;0.00;0.00;0.00;0;0;0.00;0.00;0.00;0;0;0.00;0.00;0;0
1397616707;total;0.00;0.00;0.00;0;0;0.00;0.00;0.00;0;0;0.00;0.00;0;0
1397616707;h1-eth1;0.00;0.00;0.00;0;0;0.00;0.00;0.00;0;0;0.00;0.00;0;0
1397616707;total;0.00;0.00;0.00;0;0;0.00;0.00;0.00;0;0;0.00;0.00;0;0
1397616707;h1-eth1;0.00;0.00;0.00;0;0;0.00;0.00;0.00;0;0;0.00;0.00;0;0
1397616707;total;0.00;0.00;0.00;0;0;0.00;0.00;0.00;0;0;0.00;0.00;0;0
1397616708;h1-eth1;0.00;0.00;0.00;0;0;0.00;0.00;0.00;0;0;0.00;0.00;0;0
1397616708;total;0.00;0.00;0.00;0;0;0.00;0.00;0.00;0;0;0.00;0.00;0;0
1397616708;h1-eth1;0.00;0.00;0.00;0;0;0.00;0.00;0.00;0;0;0.00;0.00;0;0
1397616708;total;0.00;0.00;0.00;0;0;0.00;0.00;0.00;0;0;0.00;0.00;0;0
1397616708;h1-eth1;0.00;0.00;0.00;0;0;0.00;0.00;0.00;0;0;0.00;0.00;0;0
1397616708;total;0.00;0.00;0.00;0;0;0.00;0.00;0.00;0;0;0.00;0.00;0;0
1397616708;h1-eth1;0.00;0.00;0.00;0;0;0.00;0.00;0.00;0;0;0.00;0.00;0;0
1397616708;total;0.00;0.00;0.00;0;0;0.00;0.00;0.00;0;0;0.00;0.00;0;0
1397616708;h1-eth1;0.00;0.00;0.00;0;0;0.00;0.00;0.00;0;0;0.00;0.00;0;0
1397616708;total;0.00;0.00;0.00;0;0;0.00;0.00;0.00;0;0;0.00;0.00;0;0
1397616708;h1-eth1;0.00;0.00;0.00;0;0;0.00;0.00;0.00;0;0;0.00;0.00;0;0
1397616708;total;0.00;0.00;0.00;0;0;0.00;0.00;0.00;0;0;0.00;0.00;0;0
1397616708;h1-eth1;0.00;0.00;0.00;0;0;0.00;0.00;0.00;0;0;0.00;0.00;0;0
1397616708;total;0.00;0.00;0.00;0;0;0.00;0.00;0.00;0;0;0.00;0.00;0;0
1397616708;h1-eth1;0.00;0.00;0.00;0;0;0.00;0.00;0.00;0;0;0.00;0.00;0;0
1397616708;total;0.00;0.00;0.00;0;0;0.00;0.00;0.00;0;0;0.00;0.00;0;0
1397616708;h1-eth1;0.00;0.00;0.00;0;0;0.00;0.00;0.00;0;0;0.00;0.00;0;0
1397616708;total;0.00;0.00;0.00;0;0;0.00;0.00;0.00;0;0;0.00;0.00;0;0
1397616709;h1-eth1;0.00;0.00;0.00;0;0;0.00;0.00;0.00;0;0;0.00;0.00;0;0
1397616709;total;0.00;0.00;0.00;0;0;0.00;0.00;0.00;0;0;0.00;0.00;0;0
1397616709;h1-eth1;0.00;0.00;0.00;0;0;0.00;0.00;0.00;0;0;0.00;0.00;0;0
1397616709;total;0.00;0.00;0.00;0;0;0.00;0.00;0.00;0;0;0.00;0.00;0;0
1397616709;h1-eth1;0.00;0.00;0.00;0;0;0.00;0.00;0.00;0;0;0.00;0.00;0;0
1397616709;total;0.00;0.00;0.00;0;0;0.00;0.00;0.00;0;0;0.00;0.00;0;0
1397616709;h1-eth1;0.00;0.00;0.00;0;0;0.00;0.00;0.00;0;0;0.00;0.00;0;0
1397616709;total;0.00;0.00;0.00;0;0;0.00;0.00;0.00;0;0;0.00;0.00;0;0
1397616709;h1-eth1;0.00;0.00;0.00;0;0;0.00;0.00;0.00;0;0;0.00;0.00;0;0
1397616709;total;0.00;0.00;0.00;0;0;0.00;0.00;0.00;0;0;0.00;0.00;0;0
1397616709;h1-eth1;0.00;0.00;0.00;0;0;0.00;0.00;0.00;0;0;0.00;0.00;0;0
1397616709;total;0.00;0.00;0.00;0;0;0.00;0.00;0.00;0;0;0.00;0.00;0;0
1397616709;h1-eth1;0.00;0.00;0.00;0;0;0.00;0.00;0.00;0;0;0.00;0.00;0;0
1397616709;total;0.00;0.00;0.00;0;0;0.00;0.00;0.00;0;0;0.00;0.00;0;0
1397616709;h1-eth1;0.00;0.00;0.00;0;0;0.00;0.00;0.00;0;0;0.00;0.00;0;0
1397616709;total;0.00;0.00;0.00;0;0;0.00;0.00;0.00;0;0;0.00;0.00;0;0
1397616709;h1-eth1;0.00;0.00;0.00;0;0;0.00;0.00;0.00;0;0;0.00;0.00;0;0
1397616709;total;0.00;0.00;0.00;0;0;0.00;0.00;0.00;0;0;0.00;0.00;0;0
1397616709;h1-eth1;0.00;0.00;0.00;0;0;0.00;0.00;0.00;0;0;0.00;0.00;0;0
1397616709;total;0.00;0.00;0.00;0;0;0.00;0.00;0.00;0;0;0.00;0.00;0;0
1397616710;h1-eth1;0.00;0.00;0.00;0;0;0.00;0.00;0.00;0;0;0.00;0.00;0;0
1397616710;total;0.00;0.00;0.00;0;0;0.00;0.00;0.00;0;0;0.00;0.00;0;0
1397616710;h1-eth1;0.00;0.00;0.00;0;0;0.00;0.00;0.00;0;0;0.00;0.00;0;0
1397616710;total;0.00;0.00;0.00;0;0;0.00;0.00;0.00;0;0;0.00;0.00;0;0
1397616710;h1-eth1;0.00;0.00;0.00;0;0;0.00;0.00;0.00;0;0;0.00;0.00;0;0
1397616710;total;0.00;0.00;0.00;0;0;0.00;0.00;0.00;0;0;0.00;0.00;0;0
1397616710;h1-eth1;0.00;0.00;0.00;0;0;0.00;0.00;0.00;0;0;0.00;0.00;0;0
1397616710;total;0.00;0.00;0.00;0;0;0.00;0.00;0.00;0;0;0.00;0.00;0;0
1397616710;h1-eth1;0.00;0.00;0.00;0;0;0.00;0.00;0.00;0;0;0.00;0.00;0;0
1397616710;total;0.00;0.00;0.00;0;0;0.00;0.00;0.00;0;0;0.00;0.00;0;0
1397616710;h1-eth1;0.00;0.00;0.00;0;0;0.00;0.00;0.00;0;0;0.00;0.00;0;0
1397616710;total;0.00;0.00;0.00;0;0;0.00;0.00;0.00;0;0;0.00;0.00;0;0
1397616710;h1-eth1;0.00;0.00;0.00;0;0;0.00;0.00;0.00;0;0;0.00;0.00;0;0
1397616710;total;0.00;0.00;0.00;0;0;0.00;0.00;0.00;0;0;0.00;0.00;0;0
1397616710;h1-eth1;0.00;0.00;0.00;0;0;0.00;0.00;0.00;0;0;0.00;0.00;0;0
1397616710;total;0.00;0.00;0.00;0;0;0.00;0.00;0.00;0;0;0.00;0.00;0;0
1397616710;h1-eth1;0.00;0.00;0.00;0;0;0.00;0.00;0.00;0;0;0.00;0.00;0;0
1397616710;total;0.00;0.00;0.00;0;0;0.00;0.00;0.00;0;0;0.00;0.00;0;0
1397616710;h1-eth1;0.00;0.00;0.00;0;0;0.00;0.00;0.00;0;0;0.00;0.00;0;0
1397616710;total;0.00;0.00;0.00;0;0;0.00;0.00;0.00;0;0;0.00;0.00;0;0
1397616711;h1-eth1;0.00;0.00;0.00;0;0;0.00;0.00;0.00;0;0;0.00;0.00;0;0
1397616711;total;0.00;0.00;0.00;0;0;0.00;0.00;0.00;0;0;0.00;0.00;0;0
1397616711;h1-eth1;0.00;0.00;0.00;0;0;0.00;0.00;0.00;0;0;0.00;0.00;0;0
1397616711;total;0.00;0.00;0.00;0;0;0.00;0.00;0.00;0;0;0.00;0.00;0;0
1397616711;h1-eth1;0.00;0.00;0.00;0;0;0.00;0.00;0.00;0;0;0.00;0.00;0;0
1397616711;total;0.00;0.00;0.00;0;0;0.00;0.00;0.00;0;0;0.00;0.00;0;0
1397616711;h1-eth1;0.00;0.00;0.00;0;0;0.00;0.00;0.00;0;0;0.00;0.00;0;0
1397616711;total;0.00;0.00;0.00;0;0;0.00;0.00;0.00;0;0;0.00;0.00;0;0
1397616711;h1-eth1;0.00;0.00;0.00;0;0;0.00;0.00;0.00;0;0;0.00;0.00;0;0
1397616711;total;0.00;0.00;0.00;0;0;0.00;0.00;0.00;0;0;0.00;0.00;0;0
1397616711;h1-eth1;0.00;0.00;0.00;0;0;0.00;0.00;0.00;0;0;0.00;0.00;0;0
1397616711;total;0.00;0.00;0.00;0;0;0.00;0.00;0.00;0;0;0.00;0.00;0;0
1397616711;h1-eth1;0.00;0.00;0.00;0;0;0.00;0.00;0.00;0;0;0.00;0.00;0;0
1397616711;total;0.00;0.00;0.00;0;0;0.00;0.00;0.00;0;0;0.00;0.00;0;0
1397616711;h1-eth1;0.00;0.00;0.00;0;0;0.00;0.00;0.00;0;0;0.00;0.00;0;0
1397616711;total;0.00;0.00;0.00;0;0;0.00;0.00;0.00;0;0;0.00;0.00;0;0
1397616711;h1-eth1;0.00;0.00;0.00;0;0;0.00;0.00;0.00;0;0;0.00;0.00;0;0
1397616711;total;0.00;0.00;0.00;0;0;0.00;0.00;0.00;0;0;0.00;0.00;0;0
1397616711;h1-eth1;0.00;0.00;0.00;0;0;0.00;0.00;0.00;0;0;0.00;0.00;0;0
1397616711;total;0.00;0.00;0.00;0;0;0.00;0.00;0.00;0;0;0.00;0.00;0;0
1397616712;h1-eth1;0.00;0.00;0.00;0;0;0.00;0.00;0.00;0;0;0.00;0.00;0;0
1397616712;total;0.00;0.00;0.00;0;0;0.00;0.00;0.00;0;0;0.00;0.00;0;0
1397616712;h1-eth1;0.00;0.00;0.00;0;0;0.00;0.00;0.00;0;0;0.00;0.00;0;0
1397616712;total;0.00;0.00;0.00;0;0;0.00;0.00;0.00;0;0;0.00;0.00;0;0
1397616712;h1-eth1;0.00;0.00;0.00;0;0;0.00;0.00;0.00;0;0;0.00;0.00;0;0
1397616712;total;0.00;0.00;0.00;0;0;0.00;0.00;0.00;0;0;0.00;0.00;0;0
1397616712;h1-eth1;0.00;0.00;0.00;0;0;0.00;0.00;0.00;0;0;0.00;0.00;0;0
1397616712;total;0.00;0.00;0.00;0;0;0.00;0.00;0.00;0;0;0.00;0.00;0;0
1397616712;h1-eth1;0.00;0.00;0.00;0;0;0.00;0.00;0.00;0;0;0.00;0.00;0;0
1397616712;total;0.00;0.00;0.00;0;0;0.00;0.00;0.00;0;0;0.00;0.00;0;0
1397616712;h1-eth1;0.00;0.00;0.00;0;0;0.00;0.00;0.00;0;0;0.00;0.00;0;0
1397616712;total;0.00;0.00;0.00;0;0;0.00;0.00;0.00;0;0;0.00;0.00;0;0
1397616712;h1-eth1;0.00;0.00;0.00;0;0;0.00;0.00;0.00;0;0;0.00;0.00;0;0
1397616712;total;0.00;0.00;0.00;0;0;0.00;0.00;0.00;0;0;0.00;0.00;0;0
1397616712;h1-eth1;0.00;0.00;0.00;0;0;0.00;0.00;0.00;0;0;0.00;0.00;0;0
1397616712;total;0.00;0.00;0.00;0;0;0.00;0.00;0.00;0;0;0.00;0.00;0;0
1397616712;h1-eth1;0.00;0.00;0.00;0;0;0.00;0.00;0.00;0;0;0.00;0.00;0;0
1397616712;total;0.00;0.00;0.00;0;0;0.00;0.00;0.00;0;0;0.00;0.00;0;0
1397616712;h1-eth1;0.00;0.00;0.00;0;0;0.00;0.00;0.00;0;0;0.00;0.00;0;0
1397616712;total;0.00;0.00;0.00;0;0;0.00;0.00;0.00;0;0;0.00;0.00;0;0
1397616713;h1-eth1;0.00;0.00;0.00;0;0;0.00;0.00;0.00;0;0;0.00;0.00;0;0
1397616713;total;0.00;0.00;0.00;0;0;0.00;0.00;0.00;0;0;0.00;0.00;0;0
1397616713;h1-eth1;0.00;0.00;0.00;0;0;0.00;0.00;0.00;0;0;0.00;0.00;0;0
1397616713;total;0.00;0.00;0.00;0;0;0.00;0.00;0.00;0;0;0.00;0.00;0;0
1397616713;h1-eth1;0.00;0.00;0.00;0;0;0.00;0.00;0.00;0;0;0.00;0.00;0;0
1397616713;total;0.00;0.00;0.00;0;0;0.00;0.00;0.00;0;0;0.00;0.00;0;0
1397616713;h1-eth1;0.00;0.00;0.00;0;0;0.00;0.00;0.00;0;0;0.00;0.00;0;0
1397616713;total;0.00;0.00;0.00;0;0;0.00;0.00;0.00;0;0;0.00;0.00;0;0
1397616713;h1-eth1;0.00;0.00;0.00;0;0;0.00;0.00;0.00;0;0;0.00;0.00;0;0
1397616713;total;0.00;0.00;0.00;0;0;0.00;0.00;0.00;0;0;0.00;0.00;0;0
1397616713;h1-eth1;0.00;0.00;0.00;0;0;0.00;0.00;0.00;0;0;0.00;0.00;0;0
1397616713;total;0.00;0.00;0.00;0;0;0.00;0.00;0.00;0;0;0.00;0.00;0;0
1397616713;h1-eth1;0.00;0.00;0.00;0;0;0.00;0.00;0.00;0;0;0.00;0.00;0;0
1397616713;total;0.00;0.00;0.00;0;0;0.00;0.00;0.00;0;0;0.00;0.00;0;0
1397616713;h1-eth1;0.00;0.00;0.00;0;0;0.00;0.00;0.00;0;0;0.00;0.00;0;0
1397616713;total;0.00;0.00;0.00;0;0;0.00;0.00;0.00;0;0;0.00;0.00;0;0
1397616713;h1-eth1;0.00;0.00;0.00;0;0;0.00;0.00;0.00;0;0;0.00;0.00;0;0
1397616713;total;0.00;0.00;0.00;0;0;0.00;0.00;0.00;0;0;0.00;0.00;0;0
1397616713;h1-eth1;0.00;0.00;0.00;0;0;0.00;0.00;0.00;0;0;0.00;0.00;0;0
1397616713;total;0.00;0.00;0.00;0;0;0.00;0.00;0.00;0;0;0.00;0.00;0;0
1397616714;h1-eth1;0.00;0.00;0.00;0;0;0.00;0.00;0.00;0;0;0.00;0.00;0;0
1397616714;total;0.00;0.00;0.00;0;0;0.00;0.00;0.00;0;0;0.00;0.00;0;0
1397616714;h1-eth1;0.00;0.00;0.00;0;0;0.00;0.00;0.00;0;0;0.00;0.00;0;0
1397616714;total;0.00;0.00;0.00;0;0;0.00;0.00;0.00;0;0;0.00;0.00;0;0
1397616714;h1-eth1;0.00;0.00;0.00;0;0;0.00;0.00;0.00;0;0;0.00;0.00;0;0
1397616714;total;0.00;0.00;0.00;0;0;0.00;0.00;0.00;0;0;0.00;0.00;0;0
1397616714;h1-eth1;0.00;0.00;0.00;0;0;0.00;0.00;0.00;0;0;0.00;0.00;0;0
1397616714;total;0.00;0.00;0.00;0;0;0.00;0.00;0.00;0;0;0.00;0.00;0;0
1397616714;h1-eth1;0.00;0.00;0.00;0;0;0.00;0.00;0.00;0;0;0.00;0.00;0;0
1397616714;total;0.00;0.00;0.00;0;0;0.00;0.00;0.00;0;0;0.00;0.00;0;0
1397616714;h1-eth1;0.00;0.00;0.00;0;0;0.00;0.00;0.00;0;0;0.00;0.00;0;0
1397616714;total;0.00;0.00;0.00;0;0;0.00;0.00;0.00;0;0;0.00;0.00;0;0
1397616714;h1-eth1;0.00;0.00;0.00;0;0;0.00;0.00;0.00;0;0;0.00;0.00;0;0
1397616714;total;0.00;0.00;0.00;0;0;0.00;0.00;0.00;0;0;0.00;0.00;0;0
1397616714;h1-eth1;0.00;0.00;0.00;0;0;0.00;0.00;0.00;0;0;0.00;0.00;0;0
1397616714;total;0.00;0.00;0.00;0;0;0.00;0.00;0.00;0;0;0.00;0.00;0;0
1397616714;h1-eth1;0.00;0.00;0.00;0;0;0.00;0.00;0.00;0;0;0.00;0.00;0;0
1397616714;total;0.00;0.00;0.00;0;0;0.00;0.00;0.00;0;0;0.00;0.00;0;0
1397616714;h1-eth1;0.00;0.00;0.00;0;0;0.00;0.00;0.00;0;0;0.00;0.00;0;0
1397616714;total;0.00;0.00;0.00;0;0;0.00;0.00;0.00;0;0;0.00;0.00;0;0
1397616715;h1-eth1;0.00;0.00;0.00;0;0;0.00;0.00;0.00;0;0;0.00;0.00;0;0
1397616715;total;0.00;0.00;0.00;0;0;0.00;0.00;0.00;0;0;0.00;0.00;0;0
1397616715;h1-eth1;0.00;0.00;0.00;0;0;0.00;0.00;0.00;0;0;0.00;0.00;0;0
1397616715;total;0.00;0.00;0.00;0;0;0.00;0.00;0.00;0;0;0.00;0.00;0;0
1397616715;h1-eth1;0.00;0.00;0.00;0;0;0.00;0.00;0.00;0;0;0.00;0.00;0;0
1397616715;total;0.00;0.00;0.00;0;0;0.00;0.00;0.00;0;0;0.00;0.00;0;0
1397616715;h1-eth1;0.00;0.00;0.00;0;0;0.00;0.00;0.00;0;0;0.00;0.00;0;0
1397616715;total;0.00;0.00;0.00;0;0;0.00;0.00;0.00;0;0;0.00;0.00;0;0
1397616715;h1-eth1;0.00;0.00;0.00;0;0;0.00;0.00;0.00;0;0;0.00;0.00;0;0
1397616715;total;0.00;0.00;0.00;0;0;0.00;0.00;0.00;0;0;0.00;0.00;0;0
1397616715;h1-eth1;0.00;0.00;0.00;0;0;0.00;0.00;0.00;0;0;0.00;0.00;0;0
1397616715;total;0.00;0.00;0.00;0;0;0.00;0.00;0.00;0;0;0.00;0.00;0;0
1397616715;h1-eth1;0.00;0.00;0.00;0;0;0.00;0.00;0.00;0;0;0.00;0.00;0;0
1397616715;total;0.00;0.00;0.00;0;0;0.00;0.00;0.00;0;0;0.00;0.00;0;0
1397616715;h1-eth1;0.00;0.00;0.00;0;0;0.00;0.00;0.00;0;0;0.00;0.00;0;0
1397616715;total;0.00;0.00;0.00;0;0;0.00;0.00;0.00;0;0;0.00;0.00;0;0
1397616715;h1-eth1;0.00;0.00;0.00;0;0;0.00;0.00;0.00;0;0;0.00;0.00;0;0
1397616715;total;0.00;0.00;0.00;0;0;0.00;0.00;0.00;0;0;0.00;0.00;0;0
1397616715;h1-eth1;0.00;0.00;0.00;0;0;0.00;0.00;0.00;0;0;0.00;0.00;0;0
1397616715;total;0.00;0.00;0.00;0;0;0.00;0.00;0.00;0;0;0.00;0.00;0;0
1397616716;h1-eth1;0.00;0.00;0.00;0;0;0.00;0.00;0.00;0;0;0.00;0.00;0;0
1397616716;total;0.00;0.00;0.00;0;0;0.00;0.00;0.00;0;0;0.00;0.00;0;0
1397616716;h1-eth1;0.00;0.00;0.00;0;0;0.00;0.00;0.00;0;0;0.00;0.00;0;0
1397616716;total;0.00;0.00;0.00;0;0;0.00;0.00;0.00;0;0;0.00;0.00;0;0
1397616716;h1-eth1;0.00;0.00;0.00;0;0;0.00;0.00;0.00;0;0;0.00;0.00;0;0
1397616716;total;0.00;0.00;0.00;0;0;0.00;0.00;0.00;0;0;0.00;0.00;0;0
1397616716;h1-eth1;0.00;0.00;0.00;0;0;0.00;0.00;0.00;0;0;0.00;0.00;0;0
1397616716;total;0.00;0.00;0.00;0;0;0.00;0.00;0.00;0;0;0.00;0.00;0;0
1397616716;h1-eth1;0.00;0.00;0.00;0;0;0.00;0.00;0.00;0;0;0.00;0.00;0;0
1397616716;total;0.00;0.00;0.00;0;0;0.00;0.00;0.00;0;0;0.00;0.00;0;0
1397616716;h1-eth1;0.00;0.00;0.00;0;0;0.00;0.00;0.00;0;0;0.00;0.00;0;0
1397616716;total;0.00;0.00;0.00;0;0;0.00;0.00;0.00;0;0;0.00;0.00;0;0
1397616716;h1-eth1;0.00;0.00;0.00;0;0;0.00;0.00;0.00;0;0;0.00;0.00;0;0
1397616716;total;0.00;0.00;0.00;0;0;0.00;0.00;0.00;0;0;0.00;0.00;0;0
1397616716;h1-eth1;0.00;0.00;0.00;0;0;0.00;0.00;0.00;0;0;0.00;0.00;0;0
1397616716;total;0.00;0.00;0.00;0;0;0.00;0.00;0.00;0;0;0.00;0.00;0;0
1397616716;h1-eth1;0.00;0.00;0.00;0;0;0.00;0.00;0.00;0;0;0.00;0.00;0;0
1397616716;total;0.00;0.00;0.00;0;0;0.00;0.00;0.00;0;0;0.00;0.00;0;0
1397616716;h1-eth1;0.00;0.00;0.00;0;0;0.00;0.00;0.00;0;0;0.00;0.00;0;0
1397616716;total;0.00;0.00;0.00;0;0;0.00;0.00;0.00;0;0;0.00;0.00;0;0
1397616717;h1-eth1;0.00;0.00;0.00;0;0;0.00;0.00;0.00;0;0;0.00;0.00;0;0
1397616717;total;0.00;0.00;0.00;0;0;0.00;0.00;0.00;0;0;0.00;0.00;0;0
1397616717;h1-eth1;0.00;0.00;0.00;0;0;0.00;0.00;0.00;0;0;0.00;0.00;0;0
1397616717;total;0.00;0.00;0.00;0;0;0.00;0.00;0.00;0;0;0.00;0.00;0;0
1397616717;h1-eth1;0.00;0.00;0.00;0;0;0.00;0.00;0.00;0;0;0.00;0.00;0;0
1397616717;total;0.00;0.00;0.00;0;0;0.00;0.00;0.00;0;0;0.00;0.00;0;0
1397616717;h1-eth1;0.00;0.00;0.00;0;0;0.00;0.00;0.00;0;0;0.00;0.00;0;0
1397616717;total;0.00;0.00;0.00;0;0;0.00;0.00;0.00;0;0;0.00;0.00;0;0
1397616717;h1-eth1;0.00;0.00;0.00;0;0;0.00;0.00;0.00;0;0;0.00;0.00;0;0
1397616717;total;0.00;0.00;0.00;0;0;0.00;0.00;0.00;0;0;0.00;0.00;0;0
1397616717;h1-eth1;0.00;0.00;0.00;0;0;0.00;0.00;0.00;0;0;0.00;0.00;0;0
1397616717;total;0.00;0.00;0.00;0;0;0.00;0.00;0.00;0;0;0.00;0.00;0;0
1397616717;h1-eth1;0.00;0.00;0.00;0;0;0.00;0.00;0.00;0;0;0.00;0.00;0;0
1397616717;total;0.00;0.00;0.00;0;0;0.00;0.00;0.00;0;0;0.00;0.00;0;0
1397616717;h1-eth1;0.00;0.00;0.00;0;0;0.00;0.00;0.00;0;0;0.00;0.00;0;0
1397616717;total;0.00;0.00;0.00;0;0;0.00;0.00;0.00;0;0;0.00;0.00;0;0
1397616717;h1-eth1;0.00;0.00;0.00;0;0;0.00;0.00;0.00;0;0;0.00;0.00;0;0
1397616717;total;0.00;0.00;0.00;0;0;0.00;0.00;0.00;0;0;0.00;0.00;0;0
1397616717;h1-eth1;0.00;0.00;0.00;0;0;0.00;0.00;0.00;0;0;0.00;0.00;0;0
1397616717;total;0.00;0.00;0.00;0;0;0.00;0.00;0.00;0;0;0.00;0.00;0;0
1397616718;h1-eth1;0.00;0.00;0.00;0;0;0.00;0.00;0.00;0;0;0.00;0.00;0;0
1397616718;total;0.00;0.00;0.00;0;0;0.00;0.00;0.00;0;0;0.00;0.00;0;0
1397616718;h1-eth1;0.00;0.00;0.00;0;0;0.00;0.00;0.00;0;0;0.00;0.00;0;0
1397616718;total;0.00;0.00;0.00;0;0;0.00;0.00;0.00;0;0;0.00;0.00;0;0
1397616718;h1-eth1;0.00;0.00;0.00;0;0;0.00;0.00;0.00;0;0;0.00;0.00;0;0
1397616718;total;0.00;0.00;0.00;0;0;0.00;0.00;0.00;0;0;0.00;0.00;0;0
1397616718;h1-eth1;0.00;0.00;0.00;0;0;0.00;0.00;0.00;0;0;0.00;0.00;0;0
1397616718;total;0.00;0.00;0.00;0;0;0.00;0.00;0.00;0;0;0.00;0.00;0;0
1397616718;h1-eth1;0.00;0.00;0.00;0;0;0.00;0.00;0.00;0;0;0.00;0.00;0;0
1397616718;total;0.00;0.00;0.00;0;0;0.00;0.00;0.00;0;0;0.00;0.00;0;0
1397616718;h1-eth1;0.00;0.00;0.00;0;0;0.00;0.00;0.00;0;0;0.00;0.00;0;0
1397616718;total;0.00;0.00;0.00;0;0;0.00;0.00;0.00;0;0;0.00;0.00;0;0
1397616718;h1-eth1;0.00;0.00;0.00;0;0;0.00;0.00;0.00;0;0;0.00;0.00;0;0
1397616718;total;0.00;0.00;0.00;0;0;0.00;0.00;0.00;0;0;0.00;0.00;0;0
1397616718;h1-eth1;0.00;0.00;0.00;0;0;0.00;0.00;0.00;0;0;0.00;0.00;0;0
1397616718;total;0.00;0.00;0.00;0;0;0.00;0.00;0.00;0;0;0.00;0.00;0;0
1397616718;h1-eth1;0.00;0.00;0.00;0;0;0.00;0.00;0.00;0;0;0.00;0.00;0;0
1397616718;total;0.00;0.00;0.00;0;0;0.00;0.00;0.00;0;0;0.00;0.00;0;0
1397616718;h1-eth1;0.00;0.00;0.00;0;0;0.00;0.00;0.00;0;0;0.00;0.00;0;0
1397616718;total;0.00;0.00;0.00;0;0;0.00;0.00;0.00;0;0;0.00;0.00;0;0
1397616719;h1-eth1;0.00;0.00;0.00;0;0;0.00;0.00;0.00;0;0;0.00;0.00;0;0
1397616719;total;0.00;0.00;0.00;0;0;0.00;0.00;0.00;0;0;0.00;0.00;0;0
1397616719;h1-eth1;0.00;0.00;0.00;0;0;0.00;0.00;0.00;0;0;0.00;0.00;0;0
1397616719;total;0.00;0.00;0.00;0;0;0.00;0.00;0.00;0;0;0.00;0.00;0;0
1397616719;h1-eth1;0.00;0.00;0.00;0;0;0.00;0.00;0.00;0;0;0.00;0.00;0;0
1397616719;total;0.00;0.00;0.00;0;0;0.00;0.00;0.00;0;0;0.00;0.00;0;0
1397616719;h1-eth1;0.00;0.00;0.00;0;0;0.00;0.00;0.00;0;0;0.00;0.00;0;0
1397616719;total;0.00;0.00;0.00;0;0;0.00;0.00;0.00;0;0;0.00;0.00;0;0
1397616719;h1-eth1;0.00;0.00;0.00;0;0;0.00;0.00;0.00;0;0;0.00;0.00;0;0
1397616719;total;0.00;0.00;0.00;0;0;0.00;0.00;0.00;0;0;0.00;0.00;0;0
1397616719;h1-eth1;0.00;0.00;0.00;0;0;0.00;0.00;0.00;0;0;0.00;0.00;0;0
1397616719;total;0.00;0.00;0.00;0;0;0.00;0.00;0.00;0;0;0.00;0.00;0;0
1397616719;h1-eth1;0.00;0.00;0.00;0;0;0.00;0.00;0.00;0;0;0.00;0.00;0;0
1397616719;total;0.00;0.00;0.00;0;0;0.00;0.00;0.00;0;0;0.00;0.00;0;0
1397616719;h1-eth1;0.00;0.00;0.00;0;0;0.00;0.00;0.00;0;0;0.00;0.00;0;0
1397616719;total;0.00;0.00;0.00;0;0;0.00;0.00;0.00;0;0;0.00;0.00;0;0
1397616719;h1-eth1;0.00;0.00;0.00;0;0;0.00;0.00;0.00;0;0;0.00;0.00;0;0
1397616719;total;0.00;0.00;0.00;0;0;0.00;0.00;0.00;0;0;0.00;0.00;0;0
1397616720;h1-eth1;0.00;0.00;0.00;0;0;0.00;0.00;0.00;0;0;0.00;0.00;0;0
1397616720;total;0.00;0.00;0.00;0;0;0.00;0.00;0.00;0;0;0.00;0.00;0;0
1397616720;h1-eth1;0.00;0.00;0.00;0;0;0.00;0.00;0.00;0;0;0.00;0.00;0;0
1397616720;total;0.00;0.00;0.00;0;0;0.00;0.00;0.00;0;0;0.00;0.00;0;0
1397616720;h1-eth1;0.00;0.00;0.00;0;0;0.00;0.00;0.00;0;0;0.00;0.00;0;0
1397616720;total;0.00;0.00;0.00;0;0;0.00;0.00;0.00;0;0;0.00;0.00;0;0
1397616720;h1-eth1;0.00;0.00;0.00;0;0;0.00;0.00;0.00;0;0;0.00;0.00;0;0
1397616720;total;0.00;0.00;0.00;0;0;0.00;0.00;0.00;0;0;0.00;0.00;0;0
1397616720;h1-eth1;0.00;0.00;0.00;0;0;0.00;0.00;0.00;0;0;0.00;0.00;0;0
1397616720;total;0.00;0.00;0.00;0;0;0.00;0.00;0.00;0;0;0.00;0.00;0;0
1397616720;h1-eth1;0.00;0.00;0.00;0;0;0.00;0.00;0.00;0;0;0.00;0.00;0;0
1397616720;total;0.00;0.00;0.00;0;0;0.00;0.00;0.00;0;0;0.00;0.00;0;0
1397616720;h1-eth1;0.00;0.00;0.00;0;0;0.00;0.00;0.00;0;0;0.00;0.00;0;0
1397616720;total;0.00;0.00;0.00;0;0;0.00;0.00;0.00;0;0;0.00;0.00;0;0
1397616720;h1-eth1;0.00;0.00;0.00;0;0;0.00;0.00;0.00;0;0;0.00;0.00;0;0
1397616720;total;0.00;0.00;0.00;0;0;0.00;0.00;0.00;0;0;0.00;0.00;0;0
